date,number_of_hours,current_soc_mwh,soc_pct,net_power_to_be_sold_or_buy,current_release,battery_grid_power_mw,uncontrolled_power,next_soc_mwh,surplus,throughput_mwh,wear_cost,current_benefit,net_benefit,cumulative_net_benefit,cumulative_benefit,wind_only_revenue,marginal_benefit_vs_wind_only_net,price
0,0,1.5,50,1.645,0.5,0.475,1.17,1,0,0.5,2.5,120.891,118.391,118.391,120.891,85.9833,,73.49
1,1,1,33.33,1.18,0,0,1.18,1,0,0,0,85.6916,85.6916,204.0826,206.5826,85.6916,,72.62
2,2,1,33.33,1.18,0,0,1.18,1,0,0,0,83.072,83.072,287.1546,289.6546,83.072,,70.4
3,3,1,33.33,1.18,0,0,1.18,1,0,0,0,85.6916,85.6916,372.8462,375.3462,85.6916,,72.62
4,4,1,33.33,1.18,0,0,1.18,1,0,0,0,85.3258,85.3258,458.172,460.672,85.3258,,72.31
5,5,1,33.33,1.18,0,0,1.18,1,0,0,0,84.2166,84.2166,542.3886,544.8886,84.2166,,71.37
6,6,1,33.33,1.18,0,0,1.18,1,0,0,0,75.7914,75.7914,618.18,620.68,75.7914,,64.23
7,7,1,33.33,1.18,0,0,1.18,1,0,0,0,72.7942,72.7942,690.9742,693.4742,72.7942,,61.69
8,8,1,33.33,1.18,0,0,1.18,1,0,0,0,85.6916,85.6916,776.6658,779.1658,85.6916,,72.62
9,9,1,33.33,1.15,0,0,1.15,1,0,0,0,83.513,83.513,860.1788,862.6788,83.513,,72.62
10,10,1,33.33,1.16,0,0,1.16,1,0,0,0,74.2052,74.2052,934.384,936.884,74.2052,,63.97
11,11,1,33.33,1.16,0,0,1.16,1,0,0,0,70.1916,70.1916,1004.5756,1007.0756,70.1916,,60.51
12,12,1,33.33,0.0847,-1,-1.0753,1.16,2,0,1,5,3.8942,-1.1058,1003.4698,1010.9698,53.3136,,45.96
13,13,2,66.67,1.16,0,0,1.16,2,0,0,0,75.1796,75.1796,1078.6494,1086.1494,75.1796,,64.81
14,14,2,66.67,0.0847,-1,-1.0753,1.16,3,0,1,5,4.6306,-0.3694,1078.28,1090.78,63.394,,54.65
15,15,3,100,1.17,0,0,1.17,3,0,0,0,78.4368,78.4368,1156.7168,1169.2168,78.4368,,67.04
16,16,3,100,2.34,0,0,2.34,3,0,0,0,151.8192,151.8192,1308.536,1321.036,151.8192,,64.88
17,17,3,100,2.34,0,0,2.34,3,0,0,0,169.9308,169.9308,1478.4668,1490.9668,169.9308,,72.62
18,18,3,100,2.33,0,0,2.33,3,0,0,0,169.2046,169.2046,1647.6714,1660.1714,169.2046,,72.62
19,19,3,100,1.18,0,0,1.18,3,0,0,0,86.7418,86.7418,1734.4132,1746.9132,86.7418,,73.51
20,20,3,100,2.605,1.5,1.425,1.18,1.5,0,1.5,7.5,191.4935,183.9935,1918.4067,1938.4067,86.7418,,73.51
21,21,1.5,50,2.605,1.5,1.425,1.18,0,0,1.5,7.5,191.4935,183.9935,2102.4002,2129.9002,86.7418,,73.51
22,22,0,0,1.18,0,0,1.18,0,0,0,0,85.6916,85.6916,2188.0918,2215.5918,85.6916,,72.62
23,23,0,0,1.18,0,0,1.18,0,0,0,0,81.656,81.656,2269.7478,2297.2478,81.656,,69.2
24,24,0,0,1.17,0,0,1.17,0,0,0,0,84.6963,84.6963,2354.4441,2381.9441,84.6963,,72.39
25,25,0,0,1.17,0,0,1.17,0,0,0,0,84.6963,84.6963,2439.1404,2466.6404,84.6963,,72.39
26,26,0,0,1.18,0,0,1.18,0,0,0,0,82.9304,82.9304,2522.0708,2549.5708,82.9304,,70.28
27,27,0,0,1.18,0,0,1.18,0,0,0,0,81.9156,81.9156,2603.9864,2631.4864,81.9156,,69.42
28,28,0,0,1.18,0,0,1.18,0,0,0,0,72.9004,72.9004,2676.8868,2704.3868,72.9004,,61.78
29,29,0,0,1.18,0,0,1.18,0,0,0,0,71.98,71.98,2748.8668,2776.3668,71.98,,61
30,30,0,0,1.18,0,0,1.18,0,0,0,0,72.393,72.393,2821.2598,2848.7598,72.393,,61.35
31,31,0,0,0.1147,-1,-1.0753,1.19,1,0,1,5,5.4979,0.4979,2821.7577,2854.2577,57.0248,,47.92
32,32,1,33.33,1.17,0,0,1.17,1,0,0,0,81.9819,81.9819,2903.7396,2936.2396,81.9819,,70.07
33,33,1,33.33,1.16,0,0,1.16,1,0,0,0,81.5248,81.5248,2985.2644,3017.7644,81.5248,,70.28
34,34,1,33.33,0.0847,-1,-1.0753,1.16,2,0,1,5,4.3306,-0.6694,2984.595,3022.095,59.2876,,51.11
35,35,2,66.67,1.16,0,0,1.16,2,0,0,0,70.238,70.238,3054.833,3092.333,70.238,,60.55
36,36,2,66.67,1.16,0,0,1.16,2,0,0,0,64.2292,64.2292,3119.0622,3156.5622,64.2292,,55.37
37,37,2,66.67,1.2,0,0,1.2,2,0,0,0,71.376,71.376,3190.4382,3227.9382,71.376,,59.48
38,38,2,66.67,2.33,0,0,2.33,2,0,0,0,162.7738,162.7738,3353.212,3390.712,162.7738,,69.86
39,39,2,66.67,2.32,0,0,2.32,2,0,0,0,164.6736,164.6736,3517.8856,3555.3856,164.6736,,70.98
40,40,2,66.67,2.34,0,0,2.34,2,0,0,0,154.1826,154.1826,3672.0682,3709.5682,154.1826,,65.89
41,41,2,66.67,2.34,0,0,2.34,2,0,0,0,167.4504,167.4504,3839.5186,3877.0186,167.4504,,71.56
42,42,2,66.67,1.19,0,0,1.19,2,0,0,0,84.9065,84.9065,3924.4251,3961.9251,84.9065,,71.35
43,43,2,66.67,1.18,0,0,1.18,2,0,0,0,85.4202,85.4202,4009.8453,4047.3453,85.4202,,72.39
44,44,2,66.67,1.4175,0.25,0.2375,1.18,1.75,0,0.25,1.25,102.6128,101.3628,4111.2081,4149.9581,85.4202,,72.39
45,45,1.75,58.33,1.18,0,0,1.18,1.75,0,0,0,84.3464,84.3464,4195.5545,4234.3045,84.3464,,71.48
46,46,1.75,58.33,1.18,0,0,1.18,1.75,0,0,0,75.0126,75.0126,4270.5671,4309.3171,75.0126,,63.57
47,47,1.75,58.33,0,0,0,0,1.75,0,0,0,0,0,4270.5671,4309.3171,0,,62.77
48,48,1.75,58.33,2.8425,1.75,1.6625,1.18,0,0,1.75,8.75,206.1381,197.3881,4467.9552,4515.4552,85.5736,,72.52
49,49,0,0,1.18,0,0,1.18,0,0,0,0,84.3228,84.3228,4552.278,4599.778,84.3228,,71.46
50,50,0,0,1.17,0,0,1.17,0,0,0,0,77.8401,77.8401,4630.1181,4677.6181,77.8401,,66.53
51,51,0,0,1.18,0,0,1.18,0,0,0,0,84.3464,84.3464,4714.4645,4761.9645,84.3464,,71.48
52,52,0,0,1.18,0,0,1.18,0,0,0,0,78.8004,78.8004,4793.2649,4840.7649,78.8004,,66.78
53,53,0,0,2.35,0,0,2.35,0,0,0,0,139.8955,139.8955,4933.1604,4980.6604,139.8955,,59.53
54,54,0,0,0.1995,-2,-2.1505,2.35,2,0,2,10,10.2145,0.2145,4933.3749,4990.8749,120.3435,,51.21
55,55,2,66.67,1.28,0,0,1.28,2,0,0,0,72.64,72.64,5006.0149,5063.5149,72.64,,56.75
56,56,2,66.67,1.01,0,0,1.01,2,0,0,0,70.0334,70.0334,5076.0483,5133.5483,70.0334,,69.34
57,57,2,66.67,1.02,0,0,1.02,2,0,0,0,68.1156,68.1156,5144.1639,5201.6639,68.1156,,66.78
58,58,2,66.67,1.02,0,0,1.02,2,0,0,0,62.985,62.985,5207.1489,5264.6489,62.985,,61.75
59,59,2,66.67,1.02,0,0,1.02,2,0,0,0,62.985,62.985,5270.1339,5327.6339,62.985,,61.75
60,60,2,66.67,0.2135,-0.75,-0.8065,1.02,2.75,0,0.75,3.75,10.7073,6.9573,5277.0912,5338.3412,51.1428,,50.14
61,61,2.75,91.67,1.17,0,0,1.17,2.75,0,0,0,72.2007,72.2007,5349.2919,5410.5419,72.2007,,61.71
62,62,2.75,91.67,1.18,0,0,1.18,2.75,0,0,0,78.8004,78.8004,5428.0923,5489.3423,78.8004,,66.78
63,63,2.75,91.67,1.17,0,0,1.17,2.75,0,0,0,72.3879,72.3879,5500.4802,5561.7302,72.3879,,61.87
64,64,2.75,91.67,2.14,0,0,2.14,2.75,0,0,0,134.4134,134.4134,5634.8936,5696.1436,134.4134,,62.81
65,65,2.75,91.67,2.14,0,0,2.14,2.75,0,0,0,144.8352,144.8352,5779.7288,5840.9788,144.8352,,67.68
66,66,2.75,91.67,2.14,0,0,2.14,2.75,0,0,0,136.8958,136.8958,5916.6246,5977.8746,136.8958,,63.97
67,67,2.75,91.67,2.13,1,0.95,1.18,1.75,0,1,5,154.0629,149.0629,6065.6875,6131.9375,85.3494,,72.33
68,68,1.75,58.33,2.8425,1.75,1.6625,1.18,0,0,1.75,8.75,206.1381,197.3881,6263.0756,6338.0756,85.5736,,72.52
69,69,0,0,1.19,0,0,1.19,0,0,0,0,85.3111,85.3111,6348.3867,6423.3867,85.3111,,71.69
70,70,0,0,1.19,0,0,1.19,0,0,0,0,83.7403,83.7403,6432.127,6507.127,83.7403,,70.37
71,71,0,0,1.18,0,0,1.18,0,0,0,0,79.3078,79.3078,6511.4348,6586.4348,79.3078,,67.21
72,72,0,0,1.17,0,0,1.17,0,0,0,0,83.1987,83.1987,6594.6335,6669.6335,83.1987,,71.11
73,73,0,0,1.17,0,0,1.17,0,0,0,0,81.8298,81.8298,6676.4633,6751.4633,81.8298,,69.94
74,74,0,0,1.17,0,0,1.17,0,0,0,0,77.8518,77.8518,6754.3151,6829.3151,77.8518,,66.54
75,75,0,0,1.17,0,0,1.17,0,0,0,0,66.9006,66.9006,6821.2157,6896.2157,66.9006,,57.18
76,76,0,0,1.17,0,0,1.17,0,0,0,0,65.9061,65.9061,6887.1218,6962.1218,65.9061,,56.33
77,77,0,0,1.18,0,0,1.18,0,0,0,0,76.4876,76.4876,6963.6094,7038.6094,76.4876,,64.82
78,78,0,0,1.18,0,0,1.18,0,0,0,0,66.5992,66.5992,7030.2086,7105.2086,66.5992,,56.44
79,79,0,0,0.1047,-1,-1.0753,1.18,1,0,1,5,4.4532,-0.5468,7029.6618,7109.6618,50.1736,,42.52
80,80,1,33.33,1.18,0,0,1.18,1,0,0,0,79.1426,79.1426,7108.8044,7188.8044,79.1426,,67.07
81,81,1,33.33,1.16,0,0,1.16,1,0,0,0,77.1864,77.1864,7185.9908,7265.9908,77.1864,,66.54
82,82,1,33.33,1.15,0,0,1.15,1,0,0,0,65.2855,65.2855,7251.2763,7331.2763,65.2855,,56.77
83,83,1,33.33,1.16,0,0,1.16,1,0,0,0,72.0012,72.0012,7323.2775,7403.2775,72.0012,,62.07
84,84,1,33.33,0.0847,-1,-1.0753,1.16,2,0,1,5,3.2638,-1.7362,7321.5413,7406.5413,44.6832,,38.52
85,85,2,66.67,0.0847,-1,-1.0753,1.16,3,0,1,5,4.4687,-0.5313,7321.01,7411.01,61.1784,,52.74
86,86,3,100,2.33,0,0,2.33,3,0,0,0,157.508,157.508,7478.518,7568.518,157.508,,67.6
87,87,3,100,2.34,0,0,2.34,3,0,0,0,158.184,158.184,7636.702,7726.702,158.184,,67.6
88,88,3,100,2.34,0,0,2.34,3,0,0,0,148.941,148.941,7785.643,7875.643,148.941,,63.65
89,89,3,100,2.34,0,0,2.34,3,0,0,0,134.316,134.316,7919.959,8009.959,134.316,,57.4
90,90,3,100,1.18,0,0,1.18,3,0,0,0,82.187,82.187,8002.146,8092.146,82.187,,69.65
91,91,3,100,1.18,0,0,1.18,3,0,0,0,85.0308,85.0308,8087.1768,8177.1768,85.0308,,72.06
92,92,3,100,2.8425,1.75,1.6625,1.18,1.25,0,1.75,8.75,205.399,196.649,8283.8258,8382.5758,85.2668,,72.26
93,93,1.25,41.67,2.3675,1.25,1.1875,1.18,0,0,1.25,6.25,170.602,164.352,8448.1778,8553.1778,85.0308,,72.06
94,94,0,0,1.09,0,0,1.09,0,0,0,0,77.5099,77.5099,8525.6877,8630.6877,77.5099,,71.11
95,95,0,0,0,0,0,0,0,0,0,0,0,0,8525.6877,8630.6877,0,,68.03
96,96,0,0,1.08,0,0,1.08,0,0,0,0,77.5008,77.5008,8603.1885,8708.1885,77.5008,,71.76
97,97,0,0,1.08,0,0,1.08,0,0,0,0,77.2956,77.2956,8680.4841,8785.4841,77.2956,,71.57
98,98,0,0,1.08,0,0,1.08,0,0,0,0,75.0168,75.0168,8755.5009,8860.5009,75.0168,,69.46
99,99,0,0,1.09,0,0,1.09,0,0,0,0,76.8559,76.8559,8832.3568,8937.3568,76.8559,,70.51
100,100,0,0,1.09,0,0,1.09,0,0,0,0,71.9182,71.9182,8904.275,9009.275,71.9182,,65.98
101,101,0,0,1.09,0,0,1.09,0,0,0,0,66.9696,66.9696,8971.2446,9076.2446,66.9696,,61.44
102,102,0,0,1.1,0,0,1.1,0,0,0,0,68.398,68.398,9039.6426,9144.6426,68.398,,62.18
103,103,0,0,1.09,0,0,1.09,0,0,0,0,64.1356,64.1356,9103.7782,9208.7782,64.1356,,58.84
104,104,0,0,1.09,0,0,1.09,0,0,0,0,68.6264,68.6264,9172.4046,9277.4046,68.6264,,62.96
105,105,0,0,1.08,0,0,1.08,0,0,0,0,48.4488,48.4488,9220.8534,9325.8534,48.4488,,44.86
106,106,0,0,0.8112,-0.25,-0.2688,1.08,0.25,0,0.25,1.25,34.2481,32.9981,9253.8515,9360.1015,45.5976,,42.22
107,107,0.25,8.33,0.0047,-1,-1.0753,1.08,1.25,0,1,5,0.1898,-4.8102,9249.0413,9360.2913,43.3188,,40.11
108,108,1.25,41.67,0.0047,-1,-1.0753,1.08,2.25,0,1,5,0.1383,-4.8617,9244.1796,9360.4296,31.5792,,29.24
109,109,2.25,75,0.2535,-0.75,-0.8065,1.06,3,0,0.75,3.75,10.1698,6.4198,9250.5994,9370.5994,42.5166,,40.11
110,110,3,100,1.07,0,0,1.07,3,0,0,0,53.0827,53.0827,9303.6821,9423.6821,53.0827,,49.61
111,111,3,100,2.36,0,0,2.36,3,0,0,0,145.494,145.494,9449.1761,9569.1761,145.494,,61.65
112,112,3,100,2.38,0,0,2.38,3,0,0,0,131.138,131.138,9580.3141,9700.3141,131.138,,55.1
113,113,3,100,2.39,0,0,2.39,3,0,0,0,141.2729,141.2729,9721.587,9841.587,141.2729,,59.11
114,114,3,100,2.39,0,0,2.39,3,0,0,0,168.5189,168.5189,9890.1059,10010.1059,168.5189,,70.51
115,115,3,100,1.13,0,0,1.13,3,0,0,0,81.0888,81.0888,9971.1947,10091.1947,81.0888,,71.76
116,116,3,100,2.3075,1.25,1.1875,1.12,1.75,0,1.25,6.25,165.6324,159.3824,10130.5771,10256.8271,80.3936,,71.78
117,117,1.75,58.33,1.12,0,0,1.12,1.75,0,0,0,80.3712,80.3712,10210.9483,10337.1983,80.3712,,71.76
118,118,1.75,58.33,1.13,0,0,1.13,1.75,0,0,0,80.6368,80.6368,10291.5851,10417.8351,80.6368,,71.36
119,119,1.75,58.33,1.12,0,0,1.12,1.75,0,0,0,75.6672,75.6672,10367.2523,10493.5023,75.6672,,67.56
120,120,1.75,58.33,2.7825,1.75,1.6625,1.12,0,0,1.75,8.75,200.2843,191.5343,10558.7866,10693.7866,80.6176,,71.98
121,121,0,0,1.12,0,0,1.12,0,0,0,0,78.736,78.736,10637.5226,10772.5226,78.736,,70.3
122,122,0,0,1.13,0,0,1.13,0,0,0,0,76.5688,76.5688,10714.0914,10849.0914,76.5688,,67.76
123,123,0,0,1.13,0,0,1.13,0,0,0,0,78.4898,78.4898,10792.5812,10927.5812,78.4898,,69.46
124,124,0,0,1.13,0,0,1.13,0,0,0,0,72.0375,72.0375,10864.6187,10999.6187,72.0375,,63.75
125,125,0,0,1.13,0,0,1.13,0,0,0,0,73.6986,73.6986,10938.3173,11073.3173,73.6986,,65.22
126,126,0,0,1.13,0,0,1.13,0,0,0,0,78.3203,78.3203,11016.6376,11151.6376,78.3203,,69.31
127,127,0,0,1.13,0,0,1.13,0,0,0,0,65.2236,65.2236,11081.8612,11216.8612,65.2236,,57.72
128,128,0,0,1.13,0,0,1.13,0,0,0,0,23.9334,23.9334,11105.7946,11240.7946,23.9334,,21.18
129,129,0,0,1.12,0,0,1.12,0,0,0,0,12.1184,12.1184,11117.913,11252.913,12.1184,,10.82
130,130,0,0,0.0447,-1,-1.0753,1.12,1,0,1,5,0.2366,-4.7634,11113.1496,11253.1496,5.9248,,5.29
131,131,1,33.33,0.0447,-1,-1.0753,1.12,2,0,1,5,0.1897,-4.8103,11108.3393,11253.3393,4.7488,,4.24
132,132,2,66.67,0.0347,-1,-1.0753,1.11,3,0,1,5,0.1473,-4.8527,11103.4866,11253.4866,4.7064,,4.24
133,133,3,100,1.11,0,0,1.11,3,0,0,0,16.4502,16.4502,11119.9368,11269.9368,16.4502,,14.82
134,134,3,100,1.16,0,0,1.16,3,0,0,0,20.9728,20.9728,11140.9096,11290.9096,20.9728,,18.08
135,135,3,100,1.16,0,0,1.16,3,0,0,0,24.94,24.94,11165.8496,11315.8496,24.94,,21.5
136,136,3,100,1.16,0,0,1.16,3,0,0,0,24.5688,24.5688,11190.4184,11340.4184,24.5688,,21.18
137,137,3,100,1.17,0,0,1.17,3,0,0,0,59.4594,59.4594,11249.8778,11399.8778,59.4594,,50.82
138,138,3,100,1.17,0,0,1.17,3,0,0,0,81.7596,81.7596,11331.6374,11481.6374,81.7596,,69.88
139,139,3,100,1.16,0,0,1.16,3,0,0,0,83.4968,83.4968,11415.1342,11565.1342,83.4968,,71.98
140,140,3,100,1.4075,0.25,0.2375,1.17,2.75,0,0.25,1.25,101.34,100.09,11515.2242,11666.4742,84.24,,72
141,141,2.75,91.67,1.18,0,0,1.18,2.75,0,0,0,84.96,84.96,11600.1842,11751.4342,84.96,,72
142,142,2.75,91.67,1.18,0,0,1.18,2.75,0,0,0,84.9364,84.9364,11685.1206,11836.3706,84.9364,,71.98
143,143,2.75,91.67,1.18,0,0,1.18,2.75,0,0,0,82.954,82.954,11768.0746,11919.3246,82.954,,70.3
144,144,2.75,91.67,1.17,0,0,1.17,2.75,0,0,0,84.2166,84.2166,11852.2912,12003.5412,84.2166,,71.98
145,145,2.75,91.67,1.17,0,0,1.17,2.75,0,0,0,81.7596,81.7596,11934.0508,12085.3008,81.7596,,69.88
146,146,2.75,91.67,1.17,0,0,1.17,2.75,0,0,0,79.2792,79.2792,12013.33,12164.58,79.2792,,67.76
147,147,2.75,91.67,1.17,0,0,1.17,2.75,0,0,0,82.0053,82.0053,12095.3353,12246.5853,82.0053,,70.09
148,148,2.75,91.67,1.18,0,0,1.18,2.75,0,0,0,77.4552,77.4552,12172.7905,12324.0405,77.4552,,65.64
149,149,2.75,91.67,1.18,0,0,1.18,2.75,0,0,0,74.9654,74.9654,12247.7559,12399.0059,74.9654,,63.53
150,150,2.75,91.67,1.18,0,0,1.18,2.75,0,0,0,66.08,66.08,12313.8359,12465.0859,66.08,,56
151,151,2.75,91.67,1.18,0,0,1.18,2.75,0,0,0,66.08,66.08,12379.9159,12531.1659,66.08,,56
152,152,2.75,91.67,1.18,0,0,1.18,2.75,0,0,0,83.957,83.957,12463.8729,12615.1229,83.957,,71.15
153,153,2.75,91.67,1.17,0,0,1.17,2.75,0,0,0,83.2455,83.2455,12547.1184,12698.3684,83.2455,,71.15
154,154,2.75,91.67,1.16,0,0,1.16,2.75,0,0,0,71.2356,71.2356,12618.354,12769.604,71.2356,,61.41
155,155,2.75,91.67,1.16,0,0,1.16,2.75,0,0,0,75.2492,75.2492,12693.6032,12844.8532,75.2492,,64.87
156,156,2.75,91.67,1.16,0,0,1.16,2.75,0,0,0,68.73,68.73,12762.3332,12913.5832,68.73,,59.25
157,157,2.75,91.67,2.31,0,0,2.31,2.75,0,0,0,145.3683,145.3683,12907.7015,13058.9515,145.3683,,62.93
158,158,2.75,91.67,2.32,0,0,2.32,2.75,0,0,0,153.7696,153.7696,13061.4711,13212.7211,153.7696,,66.28
159,159,2.75,91.67,2.32,0,0,2.32,2.75,0,0,0,152.0064,152.0064,13213.4775,13364.7275,152.0064,,65.52
160,160,2.75,91.67,2.32,0,0,2.32,2.75,0,0,0,154.744,154.744,13368.2215,13519.4715,154.744,,66.7
161,161,2.75,91.67,1.18,0,0,1.18,2.75,0,0,0,83.898,83.898,13452.1195,13603.3695,83.898,,71.1
162,162,2.75,91.67,1.18,0,0,1.18,2.75,0,0,0,84.9364,84.9364,13537.0559,13688.3059,84.9364,,71.98
163,163,2.75,91.67,1.18,0,0,1.18,2.75,0,0,0,84.96,84.96,13622.0159,13773.2659,84.96,,72
164,164,2.75,91.67,2.3675,1.25,1.1875,1.18,1.5,0,1.25,6.25,170.46,164.21,13786.2259,13943.7259,84.96,,72
165,165,1.5,50,2.605,1.5,1.425,1.18,0,0,1.5,7.5,187.56,180.06,13966.2859,14131.2859,84.96,,72
166,166,0,0,1.16,0,0,1.16,0,0,0,0,83.4968,83.4968,14049.7827,14214.7827,83.4968,,71.98
167,167,0,0,1.17,0,0,1.17,0,0,0,0,83.2455,83.2455,14133.0282,14298.0282,83.2455,,71.15
168,168,0,0,1.16,0,0,1.16,0,0,0,0,82.2904,82.2904,14215.3186,14380.3186,82.2904,,70.94
169,169,0,0,1.16,0,0,1.16,0,0,0,0,80.8172,80.8172,14296.1358,14461.1358,80.8172,,69.67
170,170,0,0,1.17,0,0,1.17,0,0,0,0,79.2792,79.2792,14375.415,14540.415,79.2792,,67.76
171,171,0,0,1.17,0,0,1.17,0,0,0,0,77.5476,77.5476,14452.9626,14617.9626,77.5476,,66.28
172,172,0,0,1.18,0,0,1.18,0,0,0,0,82.0572,82.0572,14535.0198,14700.0198,82.0572,,69.54
173,173,0,0,1.17,0,0,1.17,0,0,0,0,77.2551,77.2551,14612.2749,14777.2749,77.2551,,66.03
174,174,0,0,1.18,0,0,1.18,0,0,0,0,65.903,65.903,14678.1779,14843.1779,65.903,,55.85
175,175,0,0,1.17,0,0,1.17,0,0,0,0,64.1277,64.1277,14742.3056,14907.3056,64.1277,,54.81
176,176,0,0,1.17,0,0,1.17,0,0,0,0,78.9048,78.9048,14821.2104,14986.2104,78.9048,,67.44
177,177,0,0,1.16,0,0,1.16,0,0,0,0,73.254,73.254,14894.4644,15059.4644,73.254,,63.15
178,178,0,0,1.16,0,0,1.16,0,0,0,0,63.8696,63.8696,14958.334,15123.334,63.8696,,55.06
179,179,0,0,1.16,0,0,1.16,0,0,0,0,63.5796,63.5796,15021.9136,15186.9136,63.5796,,54.81
180,180,0,0,0.0947,-1,-1.0753,1.17,1,0,1,5,4.7138,-0.2862,15021.6274,15191.6274,58.2192,,49.76
181,181,1,33.33,1.17,0,0,1.17,1,0,0,0,66.4092,66.4092,15088.0366,15258.0366,66.4092,,56.76
182,182,1,33.33,0.0847,-1,-1.0753,1.16,2,0,1,5,4.0815,-0.9185,15087.1181,15262.1181,55.8772,,48.17
183,183,2,66.67,1.16,0,0,1.16,2,0,0,0,73.544,73.544,15160.6621,15335.6621,73.544,,63.4
184,184,2,66.67,1.16,0,0,1.16,2,0,0,0,76.0032,76.0032,15236.6653,15411.6653,76.0032,,65.52
185,185,2,66.67,2.33,0,0,2.33,2,0,0,0,147.1395,147.1395,15383.8048,15558.8048,147.1395,,63.15
186,186,2,66.67,2.33,0,0,2.33,2,0,0,0,162.8204,162.8204,15546.6252,15721.6252,162.8204,,69.88
187,187,2,66.67,2.35,0,0,2.35,2,0,0,0,169.153,169.153,15715.7782,15890.7782,169.153,,71.98
188,188,2,66.67,1.18,0,0,1.18,2,0,0,0,84.9364,84.9364,15800.7146,15975.7146,84.9364,,71.98
189,189,2,66.67,1.19,0,0,1.19,2,0,0,0,85.6562,85.6562,15886.3708,16061.3708,85.6562,,71.98
190,190,2,66.67,1.17,0,0,1.17,2,0,0,0,81.7596,81.7596,15968.1304,16143.1304,81.7596,,69.88
191,191,2,66.67,1.18,0,0,1.18,2,0,0,0,82.2106,82.2106,16050.341,16225.341,82.2106,,69.67
192,192,2,66.67,1.17,0,0,1.17,2,0,0,0,83.07,83.07,16133.411,16308.411,83.07,,71
193,193,2,66.67,1.17,0,0,1.17,2,0,0,0,82.3212,82.3212,16215.7322,16390.7322,82.3212,,70.36
194,194,2,66.67,1.17,0,0,1.17,2,0,0,0,77.8284,77.8284,16293.5606,16468.5606,77.8284,,66.52
195,195,2,66.67,1.17,0,0,1.17,2,0,0,0,71.9433,71.9433,16365.5039,16540.5039,71.9433,,61.49
196,196,2,66.67,1.18,0,0,1.18,2,0,0,0,73.5258,73.5258,16439.0297,16614.0297,73.5258,,62.31
197,197,2,66.67,1.18,0,0,1.18,2,0,0,0,72.57,72.57,16511.5997,16686.5997,72.57,,61.5
198,198,2,66.67,1.18,0,0,1.18,2,0,0,0,68.5698,68.5698,16580.1695,16755.1695,68.5698,,58.11
199,199,2,66.67,1.18,0,0,1.18,2,0,0,0,67.0004,67.0004,16647.1699,16822.1699,67.0004,,56.78
200,200,2,66.67,1.17,0,0,1.17,2,0,0,0,72.7272,72.7272,16719.8971,16894.8971,72.7272,,62.16
201,201,2,66.67,1.16,0,0,1.16,2,0,0,0,72.1056,72.1056,16792.0027,16967.0027,72.1056,,62.16
202,202,2,66.67,1.17,0,0,1.17,2,0,0,0,64.818,64.818,16856.8207,17031.8207,64.818,,55.4
203,203,2,66.67,1.15,0,0,1.15,2,0,0,0,65.6075,65.6075,16922.4282,17097.4282,65.6075,,57.05
204,204,2,66.67,0.0847,-1,-1.0753,1.16,3,0,1,5,4.1535,-0.8465,16921.5817,17101.5817,56.8632,,49.02
205,205,3,100,2.22,0,0,2.22,3,0,0,0,138.2172,138.2172,17059.7989,17239.7989,138.2172,,62.26
206,206,3,100,2.23,0,0,2.23,3,0,0,0,148.4288,148.4288,17208.2277,17388.2277,148.4288,,66.56
207,207,3,100,2.22,0,0,2.22,3,0,0,0,146.076,146.076,17354.3037,17534.3037,146.076,,65.8
208,208,3,100,2.22,0,0,2.22,3,0,0,0,148.0074,148.0074,17502.3111,17682.3111,148.0074,,66.67
209,209,3,100,1.19,0,0,1.19,3,0,0,0,83.7284,83.7284,17586.0395,17766.0395,83.7284,,70.36
210,210,3,100,1.19,0,0,1.19,3,0,0,0,84.49,84.49,17670.5295,17850.5295,84.49,,71
211,211,3,100,1.19,0,0,1.19,3,0,0,0,85.4658,85.4658,17755.9953,17935.9953,85.4658,,71.82
212,212,3,100,1.19,0,0,1.19,3,0,0,0,85.4896,85.4896,17841.4849,18021.4849,85.4896,,71.84
213,213,3,100,1.18,0,0,1.18,3,0,0,0,84.7476,84.7476,17926.2325,18106.2325,84.7476,,71.82
214,214,3,100,1.18,0,0,1.18,3,0,0,0,83.78,83.78,18010.0125,18190.0125,83.78,,71
215,215,3,100,1.18,0,0,1.18,3,0,0,0,82.2814,82.2814,18092.2939,18272.2939,82.2814,,69.73
216,216,3,100,1.17,0,0,1.17,3,0,0,0,84.2868,84.2868,18176.5807,18356.5807,84.2868,,72.04
217,217,3,100,1.17,0,0,1.17,3,0,0,0,83.3157,83.3157,18259.8964,18439.8964,83.3157,,71.21
218,218,3,100,1.17,0,0,1.17,3,0,0,0,80.0865,80.0865,18339.9829,18519.9829,80.0865,,68.45
219,219,3,100,1.16,0,0,1.16,3,0,0,0,78.5668,78.5668,18418.5497,18598.5497,78.5668,,67.73
220,220,3,100,1.17,0,0,1.17,3,0,0,0,79.3494,79.3494,18497.8991,18677.8991,79.3494,,67.82
221,221,3,100,1.18,0,0,1.18,3,0,0,0,77.8918,77.8918,18575.7909,18755.7909,77.8918,,66.01
222,222,3,100,1.18,0,0,1.18,3,0,0,0,72.039,72.039,18647.8299,18827.8299,72.039,,61.05
223,223,3,100,1.18,0,0,1.18,3,0,0,0,70.741,70.741,18718.5709,18898.5709,70.741,,59.95
224,224,3,100,1.18,0,0,1.18,3,0,0,0,77.526,77.526,18796.0969,18976.0969,77.526,,65.7
225,225,3,100,1.15,0,0,1.15,3,0,0,0,78.0275,78.0275,18874.1244,19054.1244,78.0275,,67.85
226,226,3,100,1.15,0,0,1.15,3,0,0,0,65.803,65.803,18939.9274,19119.9274,65.803,,57.22
227,227,3,100,1.16,0,0,1.16,3,0,0,0,66.3752,66.3752,19006.3026,19186.3026,66.3752,,57.22
228,228,3,100,1.17,0,0,1.17,3,0,0,0,64.1043,64.1043,19070.4069,19250.4069,64.1043,,54.79
229,229,3,100,2.32,0,0,2.32,3,0,0,0,145,145,19215.4069,19395.4069,145,,62.5
230,230,3,100,2.32,0,0,2.32,3,0,0,0,147.5056,147.5056,19362.9125,19542.9125,147.5056,,63.58
231,231,3,100,2.34,0,0,2.34,3,0,0,0,128.2086,128.2086,19491.1211,19671.1211,128.2086,,54.79
232,232,3,100,1.34,0,0,1.34,3,0,0,0,79.2342,79.2342,19570.3553,19750.3553,79.2342,,59.13
233,233,3,100,1.19,0,0,1.19,3,0,0,0,83.2286,83.2286,19653.5839,19833.5839,83.2286,,69.94
234,234,3,100,1.19,0,0,1.19,3,0,0,0,85.7276,85.7276,19739.3115,19919.3115,85.7276,,72.04
235,235,3,100,1.18,0,0,1.18,3,0,0,0,85.0308,85.0308,19824.3423,20004.3423,85.0308,,72.06
236,236,3,100,2.3675,1.25,1.1875,1.18,1.75,0,1.25,6.25,170.602,164.352,19988.6943,20174.9443,85.0308,,72.06
237,237,1.75,58.33,2.8425,1.75,1.6625,1.18,0,0,1.75,8.75,204.8305,196.0805,20184.7748,20379.7748,85.0308,,72.06
238,238,0,0,1.18,0,0,1.18,0,0,0,0,85.0072,85.0072,20269.782,20464.782,85.0072,,72.04
239,239,0,0,1.18,0,0,1.18,0,0,0,0,84.0278,84.0278,20353.8098,20548.8098,84.0278,,71.21
240,240,0,0,1.17,0,0,1.17,0,0,0,0,82.5552,82.5552,20436.365,20631.365,82.5552,,70.56
241,241,0,0,1.17,0,0,1.17,0,0,0,0,80.8353,80.8353,20517.2003,20712.2003,80.8353,,69.09
242,242,0,0,1.17,0,0,1.17,0,0,0,0,78.0975,78.0975,20595.2978,20790.2978,78.0975,,66.75
243,243,0,0,1.18,0,0,1.18,0,0,0,0,78.057,78.057,20673.3548,20868.3548,78.057,,66.15
244,244,0,0,1.17,0,0,1.17,0,0,0,0,78.624,78.624,20751.9788,20946.9788,78.624,,67.2
245,245,0,0,1.17,0,0,1.17,0,0,0,0,78.624,78.624,20830.6028,21025.6028,78.624,,67.2
246,246,0,0,1.18,0,0,1.18,0,0,0,0,79.296,79.296,20909.8988,21104.8988,79.296,,67.2
247,247,0,0,1.16,0,0,1.16,0,0,0,0,70.528,70.528,20980.4268,21175.4268,70.528,,60.8
248,248,0,0,1.16,0,0,1.16,0,0,0,0,78.0796,78.0796,21058.5064,21253.5064,78.0796,,67.31
249,249,0,0,1.17,0,0,1.17,0,0,0,0,69.9543,69.9543,21128.4607,21323.4607,69.9543,,59.79
250,250,0,0,1.17,0,0,1.17,0,0,0,0,78.1326,78.1326,21206.5933,21401.5933,78.1326,,66.78
251,251,0,0,1.17,0,0,1.17,0,0,0,0,76.9041,76.9041,21283.4974,21478.4974,76.9041,,65.73
252,252,0,0,0.0747,-1,-1.0753,1.15,1,0,1,5,3.1387,-1.8613,21281.6361,21481.6361,48.3,,42
253,253,1,33.33,0.0747,-1,-1.0753,1.15,2,0,1,5,3.8935,-1.1065,21280.5296,21485.5296,59.915,,52.1
254,254,2,66.67,1.16,0,0,1.16,2,0,0,0,64.554,64.554,21345.0836,21550.0836,64.554,,55.65
255,255,2,66.67,2.32,0,0,2.32,2,0,0,0,142.2624,142.2624,21487.346,21692.346,142.2624,,61.32
256,256,2,66.67,2.33,0,0,2.33,2,0,0,0,143.6445,143.6445,21630.9905,21835.9905,143.6445,,61.65
257,257,2,66.67,2.33,0,0,2.33,2,0,0,0,154.1295,154.1295,21785.12,21990.12,154.1295,,66.15
258,258,2,66.67,1.19,0,0,1.19,2,0,0,0,81.158,81.158,21866.278,22071.278,81.158,,68.2
259,259,2,66.67,1.18,0,0,1.18,2,0,0,0,83.7564,83.7564,21950.0344,22155.0344,83.7564,,70.98
260,260,2,66.67,2.8425,1.75,1.6625,1.18,0.25,0,1.75,8.75,202.8692,194.1192,22144.1536,22357.9036,84.2166,,71.37
261,261,0.25,8.33,1.4175,0.25,0.2375,1.18,0,0,0.25,1.25,100.6142,99.3642,22243.5178,22458.5178,83.7564,,70.98
262,262,0,0,1.18,0,0,1.18,0,0,0,0,77.5024,77.5024,22321.0202,22536.0202,77.5024,,65.68
263,263,0,0,1.18,0,0,1.18,0,0,0,0,79.237,79.237,22400.2572,22615.2572,79.237,,67.15
264,264,0,0,1.17,0,0,1.17,0,0,0,0,80.9289,80.9289,22481.1861,22696.1861,80.9289,,69.17
265,265,0,0,1.17,0,0,1.17,0,0,0,0,79.8993,79.8993,22561.0854,22776.0854,79.8993,,68.29
266,266,0,0,1.17,0,0,1.17,0,0,0,0,78.5772,78.5772,22639.6626,22854.6626,78.5772,,67.16
267,267,0,0,1.17,0,0,1.17,0,0,0,0,76.2606,76.2606,22715.9232,22930.9232,76.2606,,65.18
268,268,0,0,1.17,0,0,1.17,0,0,0,0,78.7176,78.7176,22794.6408,23009.6408,78.7176,,67.28
269,269,0,0,1.16,0,0,1.16,0,0,0,0,75.2376,75.2376,22869.8784,23084.8784,75.2376,,64.86
270,270,0,0,1.16,0,0,1.16,0,0,0,0,75.6088,75.6088,22945.4872,23160.4872,75.6088,,65.18
271,271,0,0,1.16,0,0,1.16,0,0,0,0,68.15,68.15,23013.6372,23228.6372,68.15,,58.75
272,272,0,0,1.17,0,0,1.17,0,0,0,0,73.6749,73.6749,23087.3121,23302.3121,73.6749,,62.97
273,273,0,0,1.17,0,0,1.17,0,0,0,0,53.6328,53.6328,23140.9449,23355.9449,53.6328,,45.84
274,274,0,0,1.16,0,0,1.16,0,0,0,0,36.5864,36.5864,23177.5313,23392.5313,36.5864,,31.54
275,275,0,0,1.16,0,0,1.16,0,0,0,0,35.6816,35.6816,23213.2129,23428.2129,35.6816,,30.76
276,276,0,0,1.17,0,0,1.17,0,0,0,0,34.0704,34.0704,23247.2833,23462.2833,34.0704,,29.12
277,277,0,0,2.33,0,0,2.33,0,0,0,0,90.637,90.637,23337.9203,23552.9203,90.637,,38.9
278,278,0,0,0.1695,-2,-2.1505,2.32,2,0,2,10,3.5638,-6.4362,23331.4841,23556.4841,48.7896,,21.03
279,279,2,66.67,1.2447,-1,-1.0753,2.32,3,0,1,5,26.1767,21.1767,23352.6608,23582.6608,48.7896,,21.03
280,280,3,100,2.33,0,0,2.33,3,0,0,0,93.0835,93.0835,23445.7443,23675.7443,93.0835,,39.95
281,281,3,100,2.34,0,0,2.34,3,0,0,0,152.1234,152.1234,23597.8677,23827.8677,152.1234,,65.01
282,282,3,100,1.19,0,0,1.19,3,0,0,0,81.2651,81.2651,23679.1328,23909.1328,81.2651,,68.29
283,283,3,100,1.19,0,0,1.19,3,0,0,0,85.0493,85.0493,23764.1821,23994.1821,85.0493,,71.47
284,284,3,100,2.8425,1.75,1.6625,1.18,1.25,0,1.75,8.75,203.2103,194.4603,23958.6424,24197.3924,84.3582,,71.49
285,285,1.25,41.67,1.645,0.5,0.475,1.17,0.75,0,0.5,2.5,117.5682,115.0682,24073.7106,24314.9606,83.6199,,71.47
286,286,0.75,25,1.8925,0.75,0.7125,1.18,0,0,0.75,3.75,135.257,131.507,24205.2176,24450.2176,84.3346,,71.47
287,287,0,0,1.18,0,0,1.18,0,0,0,0,81.8684,81.8684,24287.086,24532.086,81.8684,,69.38
288,288,0,0,1.17,0,0,1.17,0,0,0,0,80.8938,80.8938,24367.9798,24612.9798,80.8938,,69.14
289,289,0,0,1.17,0,0,1.17,0,0,0,0,80.1567,80.1567,24448.1365,24693.1365,80.1567,,68.51
290,290,0,0,1.17,0,0,1.17,0,0,0,0,78.6825,78.6825,24526.819,24771.819,78.6825,,67.25
291,291,0,0,1.17,0,0,1.17,0,0,0,0,81.1395,81.1395,24607.9585,24852.9585,81.1395,,69.35
292,292,0,0,1.17,0,0,1.17,0,0,0,0,83.5965,83.5965,24691.555,24936.555,83.5965,,71.45
293,293,0,0,1.17,0,0,1.17,0,0,0,0,83.5965,83.5965,24775.1515,25020.1515,83.5965,,71.45
294,294,0,0,1.17,0,0,1.17,0,0,0,0,83.5965,83.5965,24858.748,25103.748,83.5965,,71.45
295,295,0,0,1.17,0,0,1.17,0,0,0,0,73.7568,73.7568,24932.5048,25177.5048,73.7568,,63.04
296,296,0,0,1.16,0,0,1.16,0,0,0,0,32.77,32.77,24965.2748,25210.2748,32.77,,28.25
297,297,0,0,1.16,0,0,1.16,0,0,0,0,43.8828,43.8828,25009.1576,25254.1576,43.8828,,37.83
298,298,0,0,0.0847,-1,-1.0753,1.16,1,0,1,5,1.7802,-3.2198,25005.9378,25255.9378,24.3716,,21.01
299,299,1,33.33,0.0847,-1,-1.0753,1.16,2,0,1,5,1.7802,-3.2198,25002.718,25257.718,24.3716,,21.01
300,300,2,66.67,0.0847,-1,-1.0753,1.16,3,0,1,5,1.8005,-3.1995,24999.5185,25259.5185,24.65,,21.25
301,301,3,100,1.16,0,0,1.16,3,0,0,0,46.3188,46.3188,25045.8373,25305.8373,46.3188,,39.93
302,302,3,100,1.17,0,0,1.17,3,0,0,0,34.4214,34.4214,25080.2587,25340.2587,34.4214,,29.42
303,303,3,100,1.17,0,0,1.17,3,0,0,0,44.5536,44.5536,25124.8123,25384.8123,44.5536,,38.08
304,304,3,100,1.17,0,0,1.17,3,0,0,0,72.5283,72.5283,25197.3406,25457.3406,72.5283,,61.99
305,305,3,100,1.17,0,0,1.17,3,0,0,0,78.9282,78.9282,25276.2688,25536.2688,78.9282,,67.46
306,306,3,100,1.18,0,0,1.18,3,0,0,0,84.311,84.311,25360.5798,25620.5798,84.311,,71.45
307,307,3,100,1.17,0,0,1.17,3,0,0,0,83.5965,83.5965,25444.1763,25704.1763,83.5965,,71.45
308,308,3,100,1.17,0,0,1.17,3,0,0,0,83.5965,83.5965,25527.7728,25787.7728,83.5965,,71.45
309,309,3,100,1.17,0,0,1.17,3,0,0,0,83.5965,83.5965,25611.3693,25871.3693,83.5965,,71.45
310,310,3,100,1.18,0,0,1.18,3,0,0,0,84.311,84.311,25695.6803,25955.6803,84.311,,71.45
311,311,3,100,1.18,0,0,1.18,3,0,0,0,84.311,84.311,25779.9913,26039.9913,84.311,,71.45
312,312,3,100,1.17,0,0,1.17,3,0,0,0,83.5965,83.5965,25863.5878,26123.5878,83.5965,,71.45
313,313,3,100,1.645,0.5,0.475,1.17,2.5,0,0.5,2.5,117.5353,115.0353,25978.6231,26241.1231,83.5965,,71.45
314,314,2.5,83.33,1.645,0.5,0.475,1.17,2,0,0.5,2.5,117.5353,115.0353,26093.6584,26358.6584,83.5965,,71.45
315,315,2,66.67,1.17,0,0,1.17,2,0,0,0,81.1395,81.1395,26174.7979,26439.7979,81.1395,,69.35
316,316,2,66.67,1.17,0,0,1.17,2,0,0,0,78.6708,78.6708,26253.4687,26518.4687,78.6708,,67.24
317,317,2,66.67,1.18,0,0,1.18,2,0,0,0,78.234,78.234,26331.7027,26596.7027,78.234,,66.3
318,318,2,66.67,1.18,0,0,1.18,2,0,0,0,77.3136,77.3136,26409.0163,26674.0163,77.3136,,65.52
319,319,2,66.67,1.18,0,0,1.18,2,0,0,0,69.4312,69.4312,26478.4475,26743.4475,69.4312,,58.84
320,320,2,66.67,1.655,0.5,0.475,1.18,1.5,0,0.5,2.5,118.2497,115.7497,26594.1972,26861.6972,84.311,,71.45
321,321,1.5,50,1.645,0.5,0.475,1.17,1,0,0.5,2.5,117.5353,115.0353,26709.2325,26979.2325,83.5965,,71.45
322,322,1,33.33,1.17,0,0,1.17,1,0,0,0,78.6006,78.6006,26787.8331,27057.8331,78.6006,,67.18
323,323,1,33.33,2.33,0,0,2.33,1,0,0,0,156.5294,156.5294,26944.3625,27214.3625,156.5294,,67.18
324,324,1,33.33,0.1695,-2,-2.1505,2.32,3,0,2,10,8.9036,-1.0964,26943.2661,27223.2661,121.8928,,52.54
325,325,3,100,2.32,0,0,2.32,3,0,0,0,147.1344,147.1344,27090.4005,27370.4005,147.1344,,63.42
326,326,3,100,2.34,0,0,2.34,3,0,0,0,152.4276,152.4276,27242.8281,27522.8281,152.4276,,65.14
327,327,3,100,2.34,0,0,2.34,3,0,0,0,157.833,157.833,27400.6611,27680.6611,157.833,,67.45
328,328,3,100,1.19,0,0,1.19,3,0,0,0,84.0259,84.0259,27484.687,27764.687,84.0259,,70.61
329,329,3,100,1.19,0,0,1.19,3,0,0,0,85.0255,85.0255,27569.7125,27849.7125,85.0255,,71.45
330,330,3,100,1.18,0,0,1.18,3,0,0,0,84.311,84.311,27654.0235,27934.0235,84.311,,71.45
331,331,3,100,1.19,0,0,1.19,3,0,0,0,85.0255,85.0255,27739.049,28019.049,85.0255,,71.45
332,332,3,100,1.18,0,0,1.18,3,0,0,0,84.311,84.311,27823.36,28103.36,84.311,,71.45
333,333,3,100,1.17,0,0,1.17,3,0,0,0,83.5965,83.5965,27906.9565,28186.9565,83.5965,,71.45
334,334,3,100,1.655,0.5,0.475,1.18,2.5,0,0.5,2.5,118.2497,115.7497,28022.7062,28305.2062,84.311,,71.45
335,335,2.5,83.33,1.655,0.5,0.475,1.18,2,0,0.5,2.5,118.2497,115.7497,28138.4559,28423.4559,84.311,,71.45
336,336,2,66.67,1.645,0.5,0.475,1.17,1.5,0,0.5,2.5,117.5353,115.0353,28253.4912,28540.9912,83.5965,,71.45
337,337,1.5,50,1.645,0.5,0.475,1.17,1,0,0.5,2.5,117.5353,115.0353,28368.5265,28658.5265,83.5965,,71.45
338,338,1,33.33,1.17,0,0,1.17,1,0,0,0,82.6137,82.6137,28451.1402,28741.1402,82.6137,,70.61
339,339,1,33.33,1.17,0,0,1.17,1,0,0,0,82.5669,82.5669,28533.7071,28823.7071,82.5669,,70.57
340,340,1,33.33,1.17,0,0,1.17,1,0,0,0,80.6481,80.6481,28614.3552,28904.3552,80.6481,,68.93
341,341,1,33.33,1.16,0,0,1.16,1,0,0,0,78.2768,78.2768,28692.632,28982.632,78.2768,,67.48
342,342,1,33.33,1.16,0,0,1.16,1,0,0,0,75.2028,75.2028,28767.8348,29057.8348,75.2028,,64.83
343,343,1,33.33,1.16,0,0,1.16,1,0,0,0,67.0364,67.0364,28834.8712,29124.8712,67.0364,,57.79
344,344,1,33.33,1.16,0,0,1.16,1,0,0,0,78.938,78.938,28913.8092,29203.8092,78.938,,68.05
345,345,1,33.33,1.14,0,0,1.14,1,0,0,0,76.6536,76.6536,28990.4628,29280.4628,76.6536,,67.24
346,346,1,33.33,1.14,0,0,1.14,1,0,0,0,70.6686,70.6686,29061.1314,29351.1314,70.6686,,61.99
347,347,1,33.33,1.16,0,0,1.16,1,0,0,0,71.4908,71.4908,29132.6222,29422.6222,71.4908,,61.63
348,348,1,33.33,0.0847,-1,-1.0753,1.16,2,0,1,5,4.5374,-0.4626,29132.1596,29427.1596,62.118,,53.55
349,349,2,66.67,1.16,0,0,1.16,2,0,0,0,71.1776,71.1776,29203.3372,29498.3372,71.1776,,61.36
350,350,2,66.67,2.32,0,0,2.32,2,0,0,0,131.6832,131.6832,29335.0204,29630.0204,131.6832,,56.76
351,351,2,66.67,2.33,0,0,2.33,2,0,0,0,143.3183,143.3183,29478.3387,29773.3387,143.3183,,61.51
352,352,2,66.67,2.35,0,0,2.35,2,0,0,0,158.014,158.014,29636.3527,29931.3527,158.014,,67.24
353,353,2,66.67,1.18,0,0,1.18,2,0,0,0,81.833,81.833,29718.1857,30013.1857,81.833,,69.35
354,354,2,66.67,1.665,0.5,0.475,1.19,1.5,0,0.5,2.5,118.9643,116.4643,29834.65,30132.15,85.0255,,71.45
355,355,1.5,50,1.665,0.5,0.475,1.19,1,0,0.5,2.5,118.9643,116.4643,29951.1143,30251.1143,85.0255,,71.45
356,356,1,33.33,1.665,0.5,0.475,1.19,0.5,0,0.5,2.5,118.9643,116.4643,30067.5786,30370.0786,85.0255,,71.45
357,357,0.5,16.67,1.665,0.5,0.475,1.19,0,0,0.5,2.5,118.9643,116.4643,30184.0429,30489.0429,85.0255,,71.45
358,358,0,0,1.19,0,0,1.19,0,0,0,0,84.0259,84.0259,30268.0688,30573.0688,84.0259,,70.61
359,359,0,0,1.19,0,0,1.19,0,0,0,0,80.9795,80.9795,30349.0483,30654.0483,80.9795,,68.05
360,360,0,0,1.18,0,0,1.18,0,0,0,0,79.945,79.945,30428.9933,30733.9933,79.945,,67.75
361,361,0,0,1.18,0,0,1.18,0,0,0,0,79.2016,79.2016,30508.1949,30813.1949,79.2016,,67.12
362,362,0,0,1.18,0,0,1.18,0,0,0,0,77.8092,77.8092,30586.0041,30891.0041,77.8092,,65.94
363,363,0,0,1.17,0,0,1.17,0,0,0,0,77.3019,77.3019,30663.306,30968.306,77.3019,,66.07
364,364,0,0,1.17,0,0,1.17,0,0,0,0,73.6281,73.6281,30736.9341,31041.9341,73.6281,,62.93
365,365,0,0,1.18,0,0,1.18,0,0,0,0,77.172,77.172,30814.1061,31119.1061,77.172,,65.4
366,366,0,0,1.19,0,0,1.19,0,0,0,0,73.78,73.78,30887.8861,31192.8861,73.78,,62
367,367,0,0,1.19,0,0,1.19,0,0,0,0,66.5686,66.5686,30954.4547,31259.4547,66.5686,,55.94
368,368,0,0,1.18,0,0,1.18,0,0,0,0,79.2016,79.2016,31033.6563,31338.6563,79.2016,,67.12
369,369,0,0,1.16,0,0,1.16,0,0,0,0,70.0756,70.0756,31103.7319,31408.7319,70.0756,,60.41
370,370,0,0,0.0947,-1,-1.0753,1.17,1,0,1,5,4.4704,-0.5296,31103.2023,31413.2023,55.2123,,47.19
371,371,1,33.33,1.17,0,0,1.17,1,0,0,0,63.5193,63.5193,31166.7216,31476.7216,63.5193,,54.29
372,372,1,33.33,0.1795,-2,-2.1505,2.33,3,0,2,10,9.1921,-0.8079,31165.9137,31485.9137,119.3426,,51.22
373,373,3,100,2.33,0,0,2.33,3,0,0,0,141.5941,141.5941,31307.5078,31627.5078,141.5941,,60.77
374,374,3,100,2.34,0,0,2.34,3,0,0,0,150.93,150.93,31458.4378,31778.4378,150.93,,64.5
375,375,3,100,1.18,0,0,1.18,3,0,0,0,77.9626,77.9626,31536.4004,31856.4004,77.9626,,66.07
376,376,3,100,1.19,0,0,1.19,3,0,0,0,80.801,80.801,31617.2014,31937.2014,80.801,,67.9
377,377,3,100,1.18,0,0,1.18,3,0,0,0,83.6148,83.6148,31700.8162,32020.8162,83.6148,,70.86
378,378,3,100,1.4375,0.25,0.2375,1.2,2.75,0,0.25,1.25,102.5225,101.2725,31802.0887,32123.3387,85.584,,71.32
379,379,2.75,91.67,1.4275,0.25,0.2375,1.19,2.5,0,0.25,1.25,101.8093,100.5593,31902.648,32225.148,84.8708,,71.32
380,380,2.5,83.33,1.4175,0.25,0.2375,1.18,2.25,0,0.25,1.25,101.0961,99.8461,32002.4941,32326.2441,84.1576,,71.32
381,381,2.25,75,1.665,0.5,0.475,1.19,1.75,0,0.5,2.5,118.7478,116.2478,32118.7419,32444.9919,84.8708,,71.32
382,382,1.75,58.33,2.8525,1.75,1.6625,1.19,0,0,1.75,8.75,203.4403,194.6903,32313.4322,32648.4322,84.8708,,71.32
383,383,0,0,1.19,0,0,1.19,0,0,0,0,80.801,80.801,32394.2332,32729.2332,80.801,,67.9
384,384,0,0,1.17,0,0,1.17,0,0,0,0,81.7362,81.7362,32475.9694,32810.9694,81.7362,,69.86
385,385,0,0,1.18,0,0,1.18,0,0,0,0,80.6884,80.6884,32556.6578,32891.6578,80.6884,,68.38
386,386,0,0,1.17,0,0,1.17,0,0,0,0,79.2675,79.2675,32635.9253,32970.9253,79.2675,,67.75
387,387,0,0,1.17,0,0,1.17,0,0,0,0,78.4953,78.4953,32714.4206,33049.4206,78.4953,,67.09
388,388,0,0,1.18,0,0,1.18,0,0,0,0,77.9626,77.9626,32792.3832,33127.3832,77.9626,,66.07
389,389,0,0,1.18,0,0,1.18,0,0,0,0,79.2016,79.2016,32871.5848,33206.5848,79.2016,,67.12
390,390,0,0,1.19,0,0,1.19,0,0,0,0,79.8728,79.8728,32951.4576,33286.4576,79.8728,,67.12
391,391,0,0,1.19,0,0,1.19,0,0,0,0,72.2568,72.2568,33023.7144,33358.7144,72.2568,,60.72
392,392,0,0,1.18,0,0,1.18,0,0,0,0,81.7032,81.7032,33105.4176,33440.4176,81.7032,,69.24
393,393,0,0,1.16,0,0,1.16,0,0,0,0,77.8824,77.8824,33183.3,33518.3,77.8824,,67.14
394,394,0,0,1.17,0,0,1.17,0,0,0,0,66.3741,66.3741,33249.6741,33584.6741,66.3741,,56.73
395,395,0,0,1.17,0,0,1.17,0,0,0,0,64.1979,64.1979,33313.872,33648.872,64.1979,,54.87
396,396,0,0,0.1795,-2,-2.1505,2.33,2,0,2,10,9.2154,-0.7846,33313.0874,33658.0874,119.6455,,51.35
397,397,2,66.67,2.33,0,0,2.33,2,0,0,0,135.8623,135.8623,33448.9497,33793.9497,135.8623,,58.31
398,398,2,66.67,1.2547,-1,-1.0753,2.33,3,0,1,5,67.1156,62.1156,33511.0653,33861.0653,124.6317,,53.49
399,399,3,100,2.35,0,0,2.35,3,0,0,0,155.2645,155.2645,33666.3298,34016.3298,155.2645,,66.07
400,400,3,100,1.2,0,0,1.2,3,0,0,0,84.42,84.42,33750.7498,34100.7498,84.42,,70.35
401,401,3,100,1.19,0,0,1.19,3,0,0,0,84.8708,84.8708,33835.6206,34185.6206,84.8708,,71.32
402,402,3,100,1.19,0,0,1.19,3,0,0,0,84.8708,84.8708,33920.4914,34270.4914,84.8708,,71.32
403,403,3,100,1.19,0,0,1.19,3,0,0,0,84.8708,84.8708,34005.3622,34355.3622,84.8708,,71.32
404,404,3,100,1.19,0,0,1.19,3,0,0,0,84.8708,84.8708,34090.233,34440.233,84.8708,,71.32
405,405,3,100,1.18,0,0,1.18,3,0,0,0,84.1576,84.1576,34174.3906,34524.3906,84.1576,,71.32
406,406,3,100,1.19,0,0,1.19,3,0,0,0,84.8708,84.8708,34259.2614,34609.2614,84.8708,,71.32
407,407,3,100,1.19,0,0,1.19,3,0,0,0,84.8708,84.8708,34344.1322,34694.1322,84.8708,,71.32
408,408,3,100,1.4175,0.25,0.2375,1.18,2.75,0,0.25,1.25,101.3654,100.1154,34444.2476,34795.4976,84.3818,,71.51
409,409,2.75,91.67,1.4175,0.25,0.2375,1.18,2.5,0,0.25,1.25,101.3654,100.1154,34544.363,34896.863,84.3818,,71.51
410,410,2.5,83.33,1.18,0,0,1.18,2.5,0,0,0,84.2756,84.2756,34628.6386,34981.1386,84.2756,,71.42
411,411,2.5,83.33,1.19,0,0,1.19,2.5,0,0,0,85.0731,85.0731,34713.7117,35066.2117,85.0731,,71.49
412,412,2.5,83.33,1.19,0,0,1.19,2.5,0,0,0,85.0731,85.0731,34798.7848,35151.2848,85.0731,,71.49
413,413,2.5,83.33,1.19,0,0,1.19,2.5,0,0,0,85.0731,85.0731,34883.8579,35236.3579,85.0731,,71.49
414,414,2.5,83.33,1.19,0,0,1.19,2.5,0,0,0,85.0969,85.0969,34968.9548,35321.4548,85.0969,,71.51
415,415,2.5,83.33,1.19,0,0,1.19,2.5,0,0,0,80.087,80.087,35049.0418,35401.5418,80.087,,67.3
416,416,2.5,83.33,1.665,0.5,0.475,1.19,2,0,0.5,2.5,119.0642,116.5642,35165.606,35520.606,85.0969,,71.51
417,417,2,66.67,1.17,0,0,1.17,2,0,0,0,82.4382,82.4382,35248.0442,35603.0442,82.4382,,70.46
418,418,2,66.67,1.17,0,0,1.17,2,0,0,0,73.0899,73.0899,35321.1341,35676.1341,73.0899,,62.47
419,419,2,66.67,1.16,0,0,1.16,2,0,0,0,72.4652,72.4652,35393.5993,35748.5993,72.4652,,62.47
420,420,2,66.67,1.17,0,0,1.17,2,0,0,0,63.999,63.999,35457.5983,35812.5983,63.999,,54.7
421,421,2,66.67,0.0847,-1,-1.0753,1.16,3,0,1,5,3.5824,-1.4176,35456.1807,35816.1807,49.0448,,42.28
422,422,3,100,1.17,0,0,1.17,3,0,0,0,71.8497,71.8497,35528.0304,35888.0304,71.8497,,61.41
423,423,3,100,1.17,0,0,1.17,3,0,0,0,77.3838,77.3838,35605.4142,35965.4142,77.3838,,66.14
424,424,3,100,2.3575,1.25,1.1875,1.17,1.75,0,1.25,6.25,168.5848,162.3348,35767.749,36133.999,83.6667,,71.51
425,425,1.75,58.33,1.19,0,0,1.19,1.75,0,0,0,85.0969,85.0969,35852.8459,36219.0959,85.0969,,71.51
426,426,1.75,58.33,1.19,0,0,1.19,1.75,0,0,0,85.0969,85.0969,35937.9428,36304.1928,85.0969,,71.51
427,427,1.75,58.33,1.19,0,0,1.19,1.75,0,0,0,85.0969,85.0969,36023.0397,36389.2897,85.0969,,71.51
428,428,1.75,58.33,1.4175,0.25,0.2375,1.18,1.5,0,0.25,1.25,101.3654,100.1154,36123.1551,36490.6551,84.3818,,71.51
429,429,1.5,50,1.19,0,0,1.19,1.5,0,0,0,85.0969,85.0969,36208.252,36575.752,85.0969,,71.51
430,430,1.5,50,2.13,0,0,2.13,1.5,0,0,0,152.3163,152.3163,36360.5683,36728.0683,152.3163,,71.51
431,431,1.5,50,2.615,1.5,1.425,1.19,0,0,1.5,7.5,186.9986,179.4986,36540.0669,36915.0669,85.0969,,71.51
432,432,0,0,1.18,0,0,1.18,0,0,0,0,84.2992,84.2992,36624.3661,36999.3661,84.2992,,71.44
433,433,0,0,1.18,0,0,1.18,0,0,0,0,84.2992,84.2992,36708.6653,37083.6653,84.2992,,71.44
434,434,0,0,1.19,0,0,1.19,0,0,0,0,85.0136,85.0136,36793.6789,37168.6789,85.0136,,71.44
435,435,0,0,1.18,0,0,1.18,0,0,0,0,84.2992,84.2992,36877.9781,37252.9781,84.2992,,71.44
436,436,0,0,1.18,0,0,1.18,0,0,0,0,83.0366,83.0366,36961.0147,37336.0147,83.0366,,70.37
437,437,0,0,1.19,0,0,1.19,0,0,0,0,82.8954,82.8954,37043.9101,37418.9101,82.8954,,69.66
438,438,0,0,1.19,0,0,1.19,0,0,0,0,79.2659,79.2659,37123.176,37498.176,79.2659,,66.61
439,439,0,0,1.18,0,0,1.18,0,0,0,0,84.2992,84.2992,37207.4752,37582.4752,84.2992,,71.44
440,440,0,0,1.18,0,0,1.18,0,0,0,0,81.5734,81.5734,37289.0486,37664.0486,81.5734,,69.13
441,441,0,0,1.18,0,0,1.18,0,0,0,0,69.148,69.148,37358.1966,37733.1966,69.148,,58.6
442,442,0,0,2.34,0,0,2.34,0,0,0,0,138.6684,138.6684,37496.865,37871.865,138.6684,,59.26
443,443,0,0,2.34,0,0,2.34,0,0,0,0,138.6684,138.6684,37635.5334,38010.5334,138.6684,,59.26
444,444,0,0,1.2647,-1,-1.0753,2.34,1,0,1,5,67.7643,62.7643,37698.2977,38078.2977,125.3772,,53.58
445,445,1,33.33,1.17,0,0,1.17,1,0,0,0,68.2812,68.2812,37766.5789,38146.5789,68.2812,,58.36
446,446,1,33.33,0.0947,-1,-1.0753,1.17,2,0,1,5,3.7817,-1.2183,37765.3606,38150.3606,46.7064,,39.92
447,447,2,66.67,0.0247,-1,-1.0753,1.1,3,0,1,5,1.2991,-3.7009,37761.6597,38151.6597,57.783,,52.53
448,448,3,100,1.18,0,0,1.18,3,0,0,0,76.7708,76.7708,37838.4305,38228.4305,76.7708,,65.06
449,449,3,100,1.17,0,0,1.17,3,0,0,0,77.9337,77.9337,37916.3642,38306.3642,77.9337,,66.61
450,450,3,100,1.18,0,0,1.18,3,0,0,0,82.1988,82.1988,37998.563,38388.563,82.1988,,69.66
451,451,3,100,1.18,0,0,1.18,3,0,0,0,84.2992,84.2992,38082.8622,38472.8622,84.2992,,71.44
452,452,3,100,1.17,0,0,1.17,3,0,0,0,83.5848,83.5848,38166.447,38556.447,83.5848,,71.44
453,453,3,100,1.17,0,0,1.17,3,0,0,0,83.5848,83.5848,38250.0318,38640.0318,83.5848,,71.44
454,454,3,100,1.17,0,0,1.17,3,0,0,0,83.5848,83.5848,38333.6166,38723.6166,83.5848,,71.44
455,455,3,100,1.17,0,0,1.17,3,0,0,0,80.2971,80.2971,38413.9137,38803.9137,80.2971,,68.63
456,456,3,100,2.12,1,0.95,1.17,2,0,1,5,152.1524,147.1524,38561.0661,38956.0661,83.9709,,71.77
457,457,2,66.67,2.12,1,0.95,1.17,1,0,1,5,152.1524,147.1524,38708.2185,39108.2185,83.9709,,71.77
458,458,1,33.33,2.12,1,0.95,1.17,0,0,1,5,152.1524,147.1524,38855.3709,39260.3709,83.9709,,71.77
459,459,0,0,1.17,0,0,1.17,0,0,0,0,80.262,80.262,38935.6329,39340.6329,80.262,,68.6
460,460,0,0,1.18,0,0,1.18,0,0,0,0,78.4582,78.4582,39014.0911,39419.0911,78.4582,,66.49
461,461,0,0,1.18,0,0,1.18,0,0,0,0,67.8972,67.8972,39081.9883,39486.9883,67.8972,,57.54
462,462,0,0,1.18,0,0,1.18,0,0,0,0,71.213,71.213,39153.2013,39558.2013,71.213,,60.35
463,463,0,0,1.17,0,0,1.17,0,0,0,0,71.1243,71.1243,39224.3256,39629.3256,71.1243,,60.79
464,464,0,0,1.17,0,0,1.17,0,0,0,0,34.1757,34.1757,39258.5013,39663.5013,34.1757,,29.21
465,465,0,0,0.0847,-1,-1.0753,1.16,1,0,1,5,1.3947,-3.6053,39254.896,39664.896,19.0936,,16.46
466,466,1,33.33,1.16,0,0,1.16,1,0,0,0,24.4876,24.4876,39279.3836,39689.3836,24.4876,,21.11
467,467,1,33.33,1.16,0,0,1.16,1,0,0,0,19.0936,19.0936,39298.4772,39708.4772,19.0936,,16.46
468,468,1,33.33,0.1695,-2,-2.1505,2.32,3,0,2,10,2.6978,-7.3022,39291.175,39711.175,36.9344,,15.92
469,469,3,100,2.32,0,0,2.32,3,0,0,0,51.3184,51.3184,39342.4934,39762.4934,51.3184,,22.12
470,470,3,100,2.32,0,0,2.32,3,0,0,0,68.556,68.556,39411.0494,39831.0494,68.556,,29.55
471,471,3,100,1.2,0,0,1.2,3,0,0,0,25.332,25.332,39436.3814,39856.3814,25.332,,21.11
472,472,3,100,1.18,0,0,1.18,3,0,0,0,45.135,45.135,39481.5164,39901.5164,45.135,,38.25
473,473,3,100,1.18,0,0,1.18,3,0,0,0,60.121,60.121,39541.6374,39961.6374,60.121,,50.95
474,474,3,100,1.19,0,0,1.19,3,0,0,0,82.6455,82.6455,39624.2829,40044.2829,82.6455,,69.45
475,475,3,100,1.17,0,0,1.17,3,0,0,0,83.9709,83.9709,39708.2538,40128.2538,83.9709,,71.77
476,476,3,100,2.3575,1.25,1.1875,1.17,1.75,0,1.25,6.25,169.1978,162.9478,39871.2016,40297.4516,83.9709,,71.77
477,477,1.75,58.33,2.8425,1.75,1.6625,1.18,0,0,1.75,8.75,204.0062,195.2562,40066.4578,40501.4578,84.6886,,71.77
478,478,0,0,1.18,0,0,1.18,0,0,0,0,81.951,81.951,40148.4088,40583.4088,81.951,,69.45
479,479,0,0,0,0,0,0,0,0,0,0,0,0,40148.4088,40583.4088,0,,63.24
480,480,0,0,1.75,0,0,1.75,0,0,0,0,123.76,123.76,40272.1688,40707.1688,123.76,,70.72
481,481,0,0,1.75,0,0,1.75,0,0,0,0,119.315,119.315,40391.4838,40826.4838,119.315,,68.18
482,482,0,0,1.75,0,0,1.75,0,0,0,0,93.345,93.345,40484.8288,40919.8288,93.345,,53.34
483,483,0,0,1.18,0,0,1.18,0,0,0,0,65.2658,65.2658,40550.0946,40985.0946,65.2658,,55.31
484,484,0,0,1.17,0,0,1.17,0,0,0,0,71.6508,71.6508,40621.7454,41056.7454,71.6508,,61.24
485,485,0,0,0.1047,-1,-1.0753,1.18,1,0,1,5,5.5267,0.5267,40622.2721,41062.2721,62.2686,,52.77
486,486,1,33.33,0.0947,-1,-1.0753,1.17,2,0,1,5,4.7091,-0.2909,40621.9812,41066.9812,58.1607,,49.71
487,487,2,66.67,0.0947,-1,-1.0753,1.17,3,0,1,5,4.3993,-0.6007,40621.3805,41071.3805,54.3348,,46.44
488,488,3,100,2.8325,1.75,1.6625,1.17,1.25,0,1.75,8.75,203.2885,194.5385,40815.919,41274.669,83.9709,,71.77
489,489,1.25,41.67,1.4075,0.25,0.2375,1.17,1,0,0.25,1.25,100.4251,99.1751,40915.0941,41375.0941,83.4795,,71.35
490,490,1,33.33,0.0847,-1,-1.0753,1.16,2,0,1,5,4.3857,-0.6143,40914.4798,41379.4798,60.0416,,51.76
491,491,2,66.67,1.15,0,0,1.15,2,0,0,0,63.112,63.112,40977.5918,41442.5918,63.112,,54.88
492,492,2,66.67,0.0747,-1,-1.0753,1.15,3,0,1,5,2.5005,-2.4995,40975.0923,41445.0923,38.479,,33.46
493,493,3,100,2.32,0,0,2.32,3,0,0,0,127.7856,127.7856,41102.8779,41572.8779,127.7856,,55.08
494,494,3,100,2.32,0,0,2.32,3,0,0,0,145.0696,145.0696,41247.9475,41717.9475,145.0696,,62.53
495,495,3,100,2.31,0,0,2.31,3,0,0,0,146.0382,146.0382,41393.9857,41863.9857,146.0382,,63.22
496,496,3,100,1.16,0,0,1.16,3,0,0,0,79.0888,79.0888,41473.0745,41943.0745,79.0888,,68.18
497,497,3,100,1.17,0,0,1.17,3,0,0,0,79.7706,79.7706,41552.8451,42022.8451,79.7706,,68.18
498,498,3,100,1.17,0,0,1.17,3,0,0,0,79.9929,79.9929,41632.838,42102.838,79.9929,,68.37
499,499,3,100,2.3575,1.25,1.1875,1.17,1.75,0,1.25,6.25,169.1978,162.9478,41795.7858,42272.0358,83.9709,,71.77
500,500,1.75,58.33,2.8325,1.75,1.6625,1.17,0,0,1.75,8.75,203.2885,194.5385,41990.3243,42475.3243,83.9709,,71.77
501,501,0,0,1.17,0,0,1.17,0,0,0,0,82.4616,82.4616,42072.7859,42557.7859,82.4616,,70.48
502,502,0,0,1.17,0,0,1.17,0,0,0,0,77.3019,77.3019,42150.0878,42635.0878,77.3019,,66.07
503,503,0,0,1.18,0,0,1.18,0,0,0,0,79.6854,79.6854,42229.7732,42714.7732,79.6854,,67.53
504,504,0,0,1.17,0,0,1.17,0,0,0,0,80.0865,80.0865,42309.8597,42794.8597,80.0865,,68.45
505,505,0,0,1.17,0,0,1.17,0,0,0,0,79.7706,79.7706,42389.6303,42874.6303,79.7706,,68.18
506,506,0,0,1.17,0,0,1.17,0,0,0,0,77.7933,77.7933,42467.4236,42952.4236,77.7933,,66.49
507,507,0,0,1.17,0,0,1.17,0,0,0,0,77.0094,77.0094,42544.433,43029.433,77.0094,,65.82
508,508,0,0,1.18,0,0,1.18,0,0,0,0,66.7054,66.7054,42611.1384,43096.1384,66.7054,,56.53
509,509,0,0,1.18,0,0,1.18,0,0,0,0,72.7116,72.7116,42683.85,43168.85,72.7116,,61.62
510,510,0,0,1.18,0,0,1.18,0,0,0,0,70.8354,70.8354,42754.6854,43239.6854,70.8354,,60.03
511,511,0,0,1.18,0,0,1.18,0,0,0,0,66.611,66.611,42821.2964,43306.2964,66.611,,56.45
512,512,0,0,1.17,0,0,1.17,0,0,0,0,82.5669,82.5669,42903.8633,43388.8633,82.5669,,70.57
513,513,0,0,1.16,0,0,1.16,0,0,0,0,71.0152,71.0152,42974.8785,43459.8785,71.0152,,61.22
514,514,0,0,1.15,0,0,1.15,0,0,0,0,57.0515,57.0515,43031.93,43516.93,57.0515,,49.61
515,515,0,0,0.0847,-1,-1.0753,1.16,1,0,1,5,3.5943,-1.4057,43030.5243,43520.5243,49.2072,,42.42
516,516,1,33.33,0.0847,-1,-1.0753,1.16,2,0,1,5,1.7887,-3.2113,43027.313,43522.313,24.4876,,21.11
517,517,2,66.67,0.0847,-1,-1.0753,1.16,3,0,1,5,3.3986,-1.6014,43025.7116,43525.7116,46.5276,,40.11
518,518,3,100,2.32,0,0,2.32,3,0,0,0,137.9936,137.9936,43163.7052,43663.7052,137.9936,,59.48
519,519,3,100,2.34,0,0,2.34,3,0,0,0,143.2548,143.2548,43306.96,43806.96,143.2548,,61.22
520,520,3,100,1.18,0,0,1.18,3,0,0,0,78.4582,78.4582,43385.4182,43885.4182,78.4582,,66.49
521,521,3,100,1.19,0,0,1.19,3,0,0,0,81.3841,81.3841,43466.8023,43966.8023,81.3841,,68.39
522,522,3,100,1.19,0,0,1.19,3,0,0,0,82.705,82.705,43549.5073,44049.5073,82.705,,69.5
523,523,3,100,2.3775,1.25,1.1875,1.19,1.75,0,1.25,6.25,170.6332,164.3832,43713.8905,44220.1405,85.4063,,71.77
524,524,1.75,58.33,2.8525,1.75,1.6625,1.19,0,0,1.75,8.75,204.7239,195.9739,43909.8644,44424.8644,85.4063,,71.77
525,525,0,0,1.17,0,0,1.17,0,0,0,0,81.5022,81.5022,43991.3666,44506.3666,81.5022,,69.66
526,526,0,0,1.17,0,0,1.17,0,0,0,0,67.3218,67.3218,44058.6884,44573.6884,67.3218,,57.54
527,527,0,0,1.17,0,0,1.17,0,0,0,0,71.6274,71.6274,44130.3158,44645.3158,71.6274,,61.22
528,528,0,0,1.17,0,0,1.17,0,0,0,0,78.156,78.156,44208.4718,44723.4718,78.156,,66.8
529,529,0,0,1.18,0,0,1.18,0,0,0,0,76.2398,76.2398,44284.7116,44799.7116,76.2398,,64.61
530,530,0,0,1.18,0,0,1.18,0,0,0,0,67.1892,67.1892,44351.9008,44866.9008,67.1892,,56.94
531,531,0,0,1.18,0,0,1.18,0,0,0,0,73.9388,73.9388,44425.8396,44940.8396,73.9388,,62.66
532,532,0,0,1.18,0,0,1.18,0,0,0,0,71.4608,71.4608,44497.3004,45012.3004,71.4608,,60.56
533,533,0,0,1.18,0,0,1.18,0,0,0,0,71.921,71.921,44569.2214,45084.2214,71.921,,60.95
534,534,0,0,1.18,0,0,1.18,0,0,0,0,70.269,70.269,44639.4904,45154.4904,70.269,,59.55
535,535,0,0,1.18,0,0,1.18,0,0,0,0,55.46,55.46,44694.9504,45209.9504,55.46,,47
536,536,0,0,1.18,0,0,1.18,0,0,0,0,73.6438,73.6438,44768.5942,45283.5942,73.6438,,62.41
537,537,0,0,1.17,0,0,1.17,0,0,0,0,69.4746,69.4746,44838.0688,45353.0688,69.4746,,59.38
538,538,0,0,0.0847,-1,-1.0753,1.16,1,0,1,5,3.3604,-1.6396,44836.4292,45356.4292,46.0056,,39.66
539,539,1,33.33,0.0847,-1,-1.0753,1.16,2,0,1,5,3.3621,-1.6379,44834.7913,45359.7913,46.0288,,39.68
540,540,2,66.67,0.0847,-1,-1.0753,1.16,3,0,1,5,1.8709,-3.1291,44831.6622,45361.6622,25.6128,,22.08
541,541,3,100,1.16,0,0,1.16,3,0,0,0,59.3108,59.3108,44890.973,45420.973,59.3108,,51.13
542,542,3,100,1.16,0,0,1.16,3,0,0,0,69.774,69.774,44960.747,45490.747,69.774,,60.15
543,543,3,100,1.17,0,0,1.17,3,0,0,0,69.498,69.498,45030.245,45560.245,69.498,,59.4
544,544,3,100,1.18,0,0,1.18,3,0,0,0,77.6322,77.6322,45107.8772,45637.8772,77.6322,,65.79
545,545,3,100,1.18,0,0,1.18,3,0,0,0,79.6028,79.6028,45187.48,45717.48,79.6028,,67.46
546,546,3,100,1.18,0,0,1.18,3,0,0,0,81.2902,81.2902,45268.7702,45798.7702,81.2902,,68.89
547,547,3,100,2.3575,1.25,1.1875,1.17,1.75,0,1.25,6.25,167.4061,161.1561,45429.9263,45966.1763,83.0817,,71.01
548,548,1.75,58.33,2.8325,1.75,1.6625,1.17,0,0,1.75,8.75,201.1358,192.3858,45622.3121,46167.3121,83.0817,,71.01
549,549,0,0,1.17,0,0,1.17,0,0,0,0,80.6013,80.6013,45702.9134,46247.9134,80.6013,,68.89
550,550,0,0,1.17,0,0,1.17,0,0,0,0,72.0954,72.0954,45775.0088,46320.0088,72.0954,,61.62
551,551,0,0,1.03,0,0,1.03,0,0,0,0,63.3347,63.3347,45838.3435,46383.3435,63.3347,,61.49
552,552,0,0,1.02,0,0,1.02,0,0,0,0,68.2992,68.2992,45906.6427,46451.6427,68.2992,,66.96
553,553,0,0,1.02,0,0,1.02,0,0,0,0,66.2388,66.2388,45972.8815,46517.8815,66.2388,,64.94
554,554,0,0,1.02,0,0,1.02,0,0,0,0,63.189,63.189,46036.0705,46581.0705,63.189,,61.95
555,555,0,0,1.02,0,0,1.02,0,0,0,0,61.1592,61.1592,46097.2297,46642.2297,61.1592,,59.96
556,556,0,0,1.02,0,0,1.02,0,0,0,0,55.6818,55.6818,46152.9115,46697.9115,55.6818,,54.59
557,557,0,0,1.03,0,0,1.03,0,0,0,0,63.139,63.139,46216.0505,46761.0505,63.139,,61.3
558,558,0,0,1.03,0,0,1.03,0,0,0,0,62.4695,62.4695,46278.52,46823.52,62.4695,,60.65
559,559,0,0,0.2235,-0.75,-0.8065,1.03,0.75,0,0.75,3.75,8.9173,5.1673,46283.6873,46832.4373,41.0867,,39.89
560,560,0.75,25,1.7525,0.75,0.7125,1.04,0,0,0.75,3.75,119.135,115.385,46399.0723,46951.5723,70.6992,,67.98
561,561,0,0,1.03,0,0,1.03,0,0,0,0,62.6858,62.6858,46461.7581,47014.2581,62.6858,,60.86
562,562,0,0,0.2235,-0.75,-0.8065,1.03,0.75,0,0.75,3.75,8.7899,5.0399,46466.798,47023.048,40.4996,,39.32
563,563,0.75,25,0.4924,-0.5,-0.5376,1.03,1.25,0,0.5,2.5,19.6405,17.1405,46483.9385,47042.6885,41.0867,,39.89
564,564,1.25,41.67,0.2235,-0.75,-0.8065,1.03,2,0,0.75,3.75,4.6923,0.9423,46484.8808,47047.3808,21.6197,,20.99
565,565,2,66.67,0.0947,-1,-1.0753,1.17,3,0,1,5,3.6036,-1.3964,46483.4844,47050.9844,44.5068,,38.04
566,566,3,100,1.17,0,0,1.17,3,0,0,0,73.6866,73.6866,46557.171,47124.671,73.6866,,62.98
567,567,3,100,1.16,0,0,1.16,3,0,0,0,70.1336,70.1336,46627.3046,47194.8046,70.1336,,60.46
568,568,3,100,1.16,0,0,1.16,3,0,0,0,68.1848,68.1848,46695.4894,47262.9894,68.1848,,58.78
569,569,3,100,1.16,0,0,1.16,3,0,0,0,72.8132,72.8132,46768.3026,47335.8026,72.8132,,62.77
570,570,3,100,1.16,0,0,1.16,3,0,0,0,79.0772,79.0772,46847.3798,47414.8798,79.0772,,68.17
571,571,3,100,2.3475,1.25,1.1875,1.16,1.75,0,1.25,6.25,167.5645,161.3145,47008.6943,47582.4443,82.8008,,71.38
572,572,1.75,58.33,2.8425,1.75,1.6625,1.18,0,0,1.75,8.75,202.8976,194.1476,47202.8419,47785.3419,84.2284,,71.38
573,573,0,0,1.18,0,0,1.18,0,0,0,0,83.9806,83.9806,47286.8225,47869.3225,83.9806,,71.17
574,574,0,0,1.18,0,0,1.18,0,0,0,0,79.0128,79.0128,47365.8353,47948.3353,79.0128,,66.96
575,575,0,0,1.18,0,0,1.18,0,0,0,0,73.5612,73.5612,47439.3965,48021.8965,73.5612,,62.34
576,576,0,0,1.17,0,0,1.17,0,0,0,0,77.0562,77.0562,47516.4527,48098.9527,77.0562,,65.86
577,577,0,0,1.17,0,0,1.17,0,0,0,0,71.487,71.487,47587.9397,48170.4397,71.487,,61.1
578,578,0,0,1.17,0,0,1.17,0,0,0,0,70.9488,70.9488,47658.8885,48241.3885,70.9488,,60.64
579,579,0,0,1.17,0,0,1.17,0,0,0,0,66.3858,66.3858,47725.2743,48307.7743,66.3858,,56.74
580,580,0,0,1.18,0,0,1.18,0,0,0,0,72.0272,72.0272,47797.3015,48379.8015,72.0272,,61.04
581,581,0,0,1.18,0,0,1.18,0,0,0,0,74.5288,74.5288,47871.8303,48454.3303,74.5288,,63.16
582,582,0,0,1.18,0,0,1.18,0,0,0,0,71.449,71.449,47943.2793,48525.7793,71.449,,60.55
583,583,0,0,1.18,0,0,1.18,0,0,0,0,69.0654,69.0654,48012.3447,48594.8447,69.0654,,58.53
584,584,0,0,1.18,0,0,1.18,0,0,0,0,79.4494,79.4494,48091.7941,48674.2941,79.4494,,67.33
585,585,0,0,1.17,0,0,1.17,0,0,0,0,71.4168,71.4168,48163.2109,48745.7109,71.4168,,61.04
586,586,0,0,0.0847,-1,-1.0753,1.16,1,0,1,5,4.4602,-0.5398,48162.6711,48750.1711,61.0624,,52.64
587,587,1,33.33,2.32,0,0,2.32,1,0,0,0,139.2696,139.2696,48301.9407,48889.4407,139.2696,,60.03
588,588,1,33.33,0.1695,-2,-2.1505,2.32,3,0,2,10,6.465,-3.535,48298.4057,48895.9057,88.508,,38.15
589,589,3,100,2.33,0,0,2.33,3,0,0,0,122.6512,122.6512,48421.0569,49018.5569,122.6512,,52.64
590,590,3,100,2.32,0,0,2.32,3,0,0,0,139.0608,139.0608,48560.1177,49157.6177,139.0608,,59.94
591,591,3,100,2.33,0,0,2.33,3,0,0,0,149.6093,149.6093,48709.727,49307.227,149.6093,,64.21
592,592,3,100,1.17,0,0,1.17,3,0,0,0,76.8105,76.8105,48786.5375,49384.0375,76.8105,,65.65
593,593,3,100,1.18,0,0,1.18,3,0,0,0,80.7002,80.7002,48867.2377,49464.7377,80.7002,,68.39
594,594,3,100,1.17,0,0,1.17,3,0,0,0,81.2916,81.2916,48948.5293,49546.0293,81.2916,,69.48
595,595,3,100,1.645,0.5,0.475,1.17,2.5,0,0.5,2.5,117.7491,115.2491,49063.7784,49663.7784,83.7486,,71.58
596,596,2.5,83.33,2.3475,1.25,1.1875,1.16,1.25,0,1.25,6.25,168.0341,161.7841,49225.5625,49831.8125,83.0328,,71.58
597,597,1.25,41.67,2.3675,1.25,1.1875,1.18,0,0,1.25,6.25,169.4656,163.2156,49388.7781,50001.2781,84.4644,,71.58
598,598,0,0,1.18,0,0,1.18,0,0,0,0,82.4348,82.4348,49471.2129,50083.7129,82.4348,,69.86
599,599,0,0,1.19,0,0,1.19,0,0,0,0,80.9319,80.9319,49552.1448,50164.6448,80.9319,,68.01
600,600,0,0,1.17,0,0,1.17,0,0,0,0,83.3157,83.3157,49635.4605,50247.9605,83.3157,,71.21
601,601,0,0,1.17,0,0,1.17,0,0,0,0,82.0053,82.0053,49717.4658,50329.9658,82.0053,,70.09
602,602,0,0,1.17,0,0,1.17,0,0,0,0,82.0053,82.0053,49799.4711,50411.9711,82.0053,,70.09
603,603,0,0,1.18,0,0,1.18,0,0,0,0,80.299,80.299,49879.7701,50492.2701,80.299,,68.05
604,604,0,0,1.18,0,0,1.18,0,0,0,0,80.299,80.299,49960.0691,50572.5691,80.299,,68.05
605,605,0,0,1.18,0,0,1.18,0,0,0,0,80.0748,80.0748,50040.1439,50652.6439,80.0748,,67.86
606,606,0,0,1.18,0,0,1.18,0,0,0,0,80.0748,80.0748,50120.2187,50732.7187,80.0748,,67.86
607,607,0,0,1.18,0,0,1.18,0,0,0,0,79.8034,79.8034,50200.0221,50812.5221,79.8034,,67.63
608,608,0,0,1.18,0,0,1.18,0,0,0,0,80.299,80.299,50280.3211,50892.8211,80.299,,68.05
609,609,0,0,1.17,0,0,1.17,0,0,0,0,81.6075,81.6075,50361.9286,50974.4286,81.6075,,69.75
610,610,0,0,1.16,0,0,1.16,0,0,0,0,72.8828,72.8828,50434.8114,51047.3114,72.8828,,62.83
611,611,0,0,1.17,0,0,1.17,0,0,0,0,59.9859,59.9859,50494.7973,51107.2973,59.9859,,51.27
612,612,0,0,0.0947,-1,-1.0753,1.17,1,0,1,5,3.3412,-1.6588,50493.1385,51110.6385,41.2659,,35.27
613,613,1,33.33,2.32,0,0,2.32,1,0,0,0,110.548,110.548,50603.6865,51221.1865,110.548,,47.65
614,614,1,33.33,0.1795,-2,-2.1505,2.33,3,0,2,10,6.8106,-3.1894,50600.4971,51227.9971,88.4235,,37.95
615,615,3,100,2.34,0,0,2.34,3,0,0,0,93.132,93.132,50693.6291,51321.1291,93.132,,39.8
616,616,3,100,2.34,0,0,2.34,3,0,0,0,140.9616,140.9616,50834.5907,51462.0907,140.9616,,60.24
617,617,3,100,2.34,0,0,2.34,3,0,0,0,147.0222,147.0222,50981.6129,51609.1129,147.0222,,62.83
618,618,3,100,1.8725,0.75,0.7125,1.16,2.25,0,0.75,3.75,133.3407,129.5907,51111.2036,51742.4536,82.6036,,71.21
619,619,2.25,75,1.8825,0.75,0.7125,1.17,1.5,0,0.75,3.75,134.0528,130.3028,51241.5064,51876.5064,83.3157,,71.21
620,620,1.5,50,1.8725,0.75,0.7125,1.16,0.75,0,0.75,3.75,133.3407,129.5907,51371.0971,52009.8471,82.6036,,71.21
621,621,0.75,25,1.8725,0.75,0.7125,1.16,0,0,0.75,3.75,133.3407,129.5907,51500.6878,52143.1878,82.6036,,71.21
622,622,0,0,1.19,0,0,1.19,0,0,0,0,83.8474,83.8474,51584.5352,52227.0352,83.8474,,70.46
623,623,0,0,1.18,0,0,1.18,0,0,0,0,77.8564,77.8564,51662.3916,52304.8916,77.8564,,65.98
624,624,0,0,1.17,0,0,1.17,0,0,0,0,83.2455,83.2455,51745.6371,52388.1371,83.2455,,71.15
625,625,0,0,1.18,0,0,1.18,0,0,0,0,83.4732,83.4732,51829.1103,52471.6103,83.4732,,70.74
626,626,0,0,1.17,0,0,1.17,0,0,0,0,79.326,79.326,51908.4363,52550.9363,79.326,,67.8
627,627,0,0,1.18,0,0,1.18,0,0,0,0,78.529,78.529,51986.9653,52629.4653,78.529,,66.55
628,628,0,0,1.18,0,0,1.18,0,0,0,0,71.5198,71.5198,52058.4851,52700.9851,71.5198,,60.61
629,629,0,0,1.18,0,0,1.18,0,0,0,0,70.21,70.21,52128.6951,52771.1951,70.21,,59.5
630,630,0,0,1.18,0,0,1.18,0,0,0,0,77.7856,77.7856,52206.4807,52848.9807,77.7856,,65.92
631,631,0,0,1.18,0,0,1.18,0,0,0,0,63.0946,63.0946,52269.5753,52912.0753,63.0946,,53.47
632,632,0,0,1.18,0,0,1.18,0,0,0,0,33.4648,33.4648,52303.0401,52945.5401,33.4648,,28.36
633,633,0,0,1.17,0,0,1.17,0,0,0,0,34.281,34.281,52337.3211,52979.8211,34.281,,29.3
634,634,0,0,1.16,0,0,1.16,0,0,0,0,19.4184,19.4184,52356.7395,52999.2395,19.4184,,16.74
635,635,0,0,0.0847,-1,-1.0753,1.16,1,0,1,5,0.5838,-4.4162,52352.3233,52999.8233,7.9924,,6.89
636,636,1,33.33,0.0847,-1,-1.0753,1.16,2,0,1,5,0.8863,-4.1137,52348.2096,53000.7096,12.1336,,10.46
637,637,2,66.67,1.685,0.5,0.475,1.21,1.5,0,0.5,2.5,49.1683,46.6683,52394.8779,53049.8779,35.3078,,29.18
638,638,1.5,50,2.795,0.5,0.475,2.32,1,0,0.5,2.5,81.5581,79.0581,52473.936,53131.436,67.6976,,29.18
639,639,1,33.33,0.1695,-2,-2.1505,2.32,3,0,2,10,1.8116,-8.1884,52465.7476,53133.2476,24.8008,,10.69
640,640,3,100,2.34,0,0,2.34,3,0,0,0,73.4526,73.4526,52539.2002,53206.7002,73.4526,,31.39
641,641,3,100,2.34,0,0,2.34,3,0,0,0,136.188,136.188,52675.3882,53342.8882,136.188,,58.2
642,642,3,100,2.33,0,0,2.33,3,0,0,0,158.2769,158.2769,52833.6651,53501.1651,158.2769,,67.93
643,643,3,100,1.17,0,0,1.17,3,0,0,0,83.2455,83.2455,52916.9106,53584.4106,83.2455,,71.15
644,644,3,100,1.17,0,0,1.17,3,0,0,0,83.2455,83.2455,53000.1561,53667.6561,83.2455,,71.15
645,645,3,100,1.19,0,0,1.19,3,0,0,0,84.6685,84.6685,53084.8246,53752.3246,84.6685,,71.15
646,646,3,100,2.14,1,0.95,1.19,2,0,1,5,152.261,147.261,53232.0856,53904.5856,84.6685,,71.15
647,647,2,66.67,1.19,0,0,1.19,2,0,0,0,80.682,80.682,53312.7676,53985.2676,80.682,,67.8
648,648,2,66.67,1.17,0,0,1.17,2,0,0,0,83.2221,83.2221,53395.9897,54068.4897,83.2221,,71.13
649,649,2,66.67,1.17,0,0,1.17,2,0,0,0,82.6371,82.6371,53478.6268,54151.1268,82.6371,,70.63
650,650,2,66.67,1.18,0,0,1.18,2,0,0,0,79.0246,79.0246,53557.6514,54230.1514,79.0246,,66.97
651,651,2,66.67,1.17,0,0,1.17,2,0,0,0,71.0073,71.0073,53628.6587,54301.1587,71.0073,,60.69
652,652,2,66.67,1.18,0,0,1.18,2,0,0,0,64.6994,64.6994,53693.3581,54365.8581,64.6994,,54.83
653,653,2,66.67,1.18,0,0,1.18,2,0,0,0,68.9002,68.9002,53762.2583,54434.7583,68.9002,,58.39
654,654,2,66.67,1.18,0,0,1.18,2,0,0,0,65.3366,65.3366,53827.5949,54500.0949,65.3366,,55.37
655,655,2,66.67,0.1047,-1,-1.0753,1.18,3,0,1,5,5.3497,0.3497,53827.9446,54505.4446,60.2744,,51.08
656,656,3,100,1.18,0,0,1.18,3,0,0,0,80.0748,80.0748,53908.0194,54585.5194,80.0748,,67.86
657,657,3,100,1.17,0,0,1.17,3,0,0,0,79.3962,79.3962,53987.4156,54664.9156,79.3962,,67.86
658,658,3,100,1.16,0,0,1.16,3,0,0,0,70.644,70.644,54058.0596,54735.5596,70.644,,60.9
659,659,3,100,1.16,0,0,1.16,3,0,0,0,69.948,69.948,54128.0076,54805.5076,69.948,,60.3
660,660,3,100,1.16,0,0,1.16,3,0,0,0,65.54,65.54,54193.5476,54871.0476,65.54,,56.5
661,661,3,100,1.16,0,0,1.16,3,0,0,0,74.4372,74.4372,54267.9848,54945.4848,74.4372,,64.17
662,662,3,100,2.32,0,0,2.32,3,0,0,0,155.3704,155.3704,54423.3552,55100.8552,155.3704,,66.97
663,663,3,100,2.32,0,0,2.32,3,0,0,0,160.7064,160.7064,54584.0616,55261.5616,160.7064,,69.27
664,664,3,100,2.33,0,0,2.33,3,0,0,0,165.7329,165.7329,54749.7945,55427.2945,165.7329,,71.13
665,665,3,100,2.805,0.5,0.475,2.33,2.5,0,0.5,2.5,199.5758,197.0758,54946.8703,55626.8703,165.7795,,71.15
666,666,2.5,83.33,2.805,0.5,0.475,2.33,2,0,0.5,2.5,199.5758,197.0758,55143.9461,55826.4461,165.7795,,71.15
667,667,2,66.67,2.13,1,0.95,1.18,1,0,1,5,151.5495,146.5495,55290.4956,55977.9956,83.957,,71.15
668,668,1,33.33,2.13,1,0.95,1.18,0,0,1,5,151.5495,146.5495,55437.0451,56129.5451,83.957,,71.15
669,669,0,0,1.19,0,0,1.19,0,0,0,0,84.6447,84.6447,55521.6898,56214.1898,84.6447,,71.13
670,670,0,0,1.19,0,0,1.19,0,0,0,0,84.6447,84.6447,55606.3345,56298.8345,84.6447,,71.13
671,671,0,0,1.18,0,0,1.18,0,0,0,0,74.0804,74.0804,55680.4149,56372.9149,74.0804,,62.78
672,672,0,0,1.17,0,0,1.17,0,0,0,0,83.2221,83.2221,55763.637,56456.137,83.2221,,71.13
673,673,0,0,1.17,0,0,1.17,0,0,0,0,82.6371,82.6371,55846.2741,56538.7741,82.6371,,70.63
674,674,0,0,1.17,0,0,1.17,0,0,0,0,78.6006,78.6006,55924.8747,56617.3747,78.6006,,67.18
675,675,0,0,1.18,0,0,1.18,0,0,0,0,79.0246,79.0246,56003.8993,56696.3993,79.0246,,66.97
676,676,0,0,1.18,0,0,1.18,0,0,0,0,75.2958,75.2958,56079.1951,56771.6951,75.2958,,63.81
677,677,0,0,1.18,0,0,1.18,0,0,0,0,74.0804,74.0804,56153.2755,56845.7755,74.0804,,62.78
678,678,0,0,1.18,0,0,1.18,0,0,0,0,77.9154,77.9154,56231.1909,56923.6909,77.9154,,66.03
679,679,0,0,1.18,0,0,1.18,0,0,0,0,70.977,70.977,56302.1679,56994.6679,70.977,,60.15
680,680,0,0,1.18,0,0,1.18,0,0,0,0,83.9334,83.9334,56386.1013,57078.6013,83.9334,,71.13
681,681,0,0,1.16,0,0,1.16,0,0,0,0,79.054,79.054,56465.1553,57157.6553,79.054,,68.15
682,682,0,0,1.16,0,0,1.16,0,0,0,0,75.7132,75.7132,56540.8685,57233.3685,75.7132,,65.27
683,683,0,0,1.17,0,0,1.17,0,0,0,0,69.5448,69.5448,56610.4133,57302.9133,69.5448,,59.44
684,684,0,0,0.0847,-1,-1.0753,1.16,1,0,1,5,3.213,-1.787,56608.6263,57306.1263,43.9872,,37.92
685,685,1,33.33,2.33,0,0,2.33,1,0,0,0,134.1148,134.1148,56742.7411,57440.2411,134.1148,,57.56
686,686,1,33.33,2.32,0,0,2.32,1,0,0,0,126.6024,126.6024,56869.3435,57566.8435,126.6024,,54.57
687,687,1,33.33,2.33,0,0,2.33,1,0,0,0,145.6483,145.6483,57014.9918,57712.4918,145.6483,,62.51
688,688,1,33.33,2.34,0,0,2.34,1,0,0,0,155.727,155.727,57170.7188,57868.2188,155.727,,66.55
689,689,1,33.33,2.34,0,0,2.34,1,0,0,0,161.6004,161.6004,57332.3192,58029.8192,161.6004,,69.06
690,690,1,33.33,1.18,0,0,1.18,1,0,0,0,81.4908,81.4908,57413.81,58111.31,81.4908,,69.06
691,691,1,33.33,1.18,0,0,1.18,1,0,0,0,82.6354,82.6354,57496.4454,58193.9454,82.6354,,70.03
692,692,1,33.33,2.14,1,0.95,1.19,0,0,1,5,149.8642,144.8642,57641.3096,58343.8096,83.3357,,70.03
693,693,0,0,1.19,0,0,1.19,0,0,0,0,77.2072,77.2072,57718.5168,58421.0168,77.2072,,64.88
694,694,0,0,1.19,0,0,1.19,0,0,0,0,79.1945,79.1945,57797.7113,58500.2113,79.1945,,66.55
695,695,0,0,1.18,0,0,1.18,0,0,0,0,76.2752,76.2752,57873.9865,58576.4865,76.2752,,64.64
696,696,0,0,1.17,0,0,1.17,0,0,0,0,78.5538,78.5538,57952.5403,58655.0403,78.5538,,67.14
697,697,0,0,1.16,0,0,1.16,0,0,0,0,77.3952,77.3952,58029.9355,58732.4355,77.3952,,66.72
698,698,0,0,1.16,0,0,1.16,0,0,0,0,76.676,76.676,58106.6115,58809.1115,76.676,,66.1
699,699,0,0,1.16,0,0,1.16,0,0,0,0,76.676,76.676,58183.2875,58885.7875,76.676,,66.1
700,700,0,0,1.17,0,0,1.17,0,0,0,0,62.01,62.01,58245.2975,58947.7975,62.01,,53
701,701,0,0,1.17,0,0,1.17,0,0,0,0,71.6157,71.6157,58316.9132,59019.4132,71.6157,,61.21
702,702,0,0,1.18,0,0,1.18,0,0,0,0,72.747,72.747,58389.6602,59092.1602,72.747,,61.65
703,703,0,0,1.18,0,0,1.18,0,0,0,0,68.6524,68.6524,58458.3126,59160.8126,68.6524,,58.18
704,704,0,0,1.18,0,0,1.18,0,0,0,0,78.4818,78.4818,58536.7944,59239.2944,78.4818,,66.51
705,705,0,0,1.17,0,0,1.17,0,0,0,0,77.8167,77.8167,58614.6111,59317.1111,77.8167,,66.51
706,706,0,0,1.16,0,0,1.16,0,0,0,0,72.1172,72.1172,58686.7283,59389.2283,72.1172,,62.17
707,707,0,0,2.32,0,0,2.32,0,0,0,0,142.7264,142.7264,58829.4547,59531.9547,142.7264,,61.52
708,708,0,0,0.1795,-2,-2.1505,2.33,2,0,2,10,7.087,-2.913,58826.5417,59539.0417,92.0117,,39.49
709,709,2,66.67,2.32,0,0,2.32,2,0,0,0,123.656,123.656,58950.1977,59662.6977,123.656,,53.3
710,710,2,66.67,1.2447,-1,-1.0753,2.32,3,0,1,5,62.0872,57.0872,59007.2849,59724.7849,115.7216,,49.88
711,711,3,100,2.32,0,0,2.32,3,0,0,0,126.3472,126.3472,59133.6321,59851.1321,126.3472,,54.46
712,712,3,100,1.17,0,0,1.17,3,0,0,0,74.2248,74.2248,59207.8569,59925.3569,74.2248,,63.44
713,713,3,100,1.19,0,0,1.19,3,0,0,0,79.3968,79.3968,59287.2537,60004.7537,79.3968,,66.72
714,714,3,100,1.18,0,0,1.18,3,0,0,0,78.8594,78.8594,59366.1131,60083.6131,78.8594,,66.83
715,715,3,100,1.19,0,0,1.19,3,0,0,0,83.4785,83.4785,59449.5916,60167.0916,83.4785,,70.15
716,716,3,100,2.8425,1.75,1.6625,1.18,1.25,0,1.75,8.75,199.5719,190.8219,59640.4135,60366.6635,82.8478,,70.21
717,717,1.25,41.67,2.3675,1.25,1.1875,1.18,0,0,1.25,6.25,166.0801,159.8301,59800.2436,60532.7436,82.777,,70.15
718,718,0,0,1.18,0,0,1.18,0,0,0,0,78.4818,78.4818,59878.7254,60611.2254,78.4818,,66.51
719,719,0,0,1.18,0,0,1.18,0,0,0,0,75.6734,75.6734,59954.3988,60686.8988,75.6734,,64.13
720,720,0,0,1.17,0,0,1.17,0,0,0,0,78.2496,78.2496,60032.6484,60765.1484,78.2496,,66.88
721,721,0,0,1.17,0,0,1.17,0,0,0,0,76.7637,76.7637,60109.4121,60841.9121,76.7637,,65.61
722,722,0,0,1.17,0,0,1.17,0,0,0,0,76.518,76.518,60185.9301,60918.4301,76.518,,65.4
723,723,0,0,1.18,0,0,1.18,0,0,0,0,65.2422,65.2422,60251.1723,60983.6723,65.2422,,55.29
724,724,0,0,1.18,0,0,1.18,0,0,0,0,61.1712,61.1712,60312.3435,61044.8435,61.1712,,51.84
725,725,0,0,1.16,0,0,1.16,0,0,0,0,69.8088,69.8088,60382.1523,61114.6523,69.8088,,60.18
726,726,0,0,1.17,0,0,1.17,0,0,0,0,63.5778,63.5778,60445.7301,61178.2301,63.5778,,54.34
727,727,0,0,1.18,0,0,1.18,0,0,0,0,64.4988,64.4988,60510.2289,61242.7289,64.4988,,54.66
728,728,0,0,1.18,0,0,1.18,0,0,0,0,76.405,76.405,60586.6339,61319.1339,76.405,,64.75
729,729,0,0,1.16,0,0,1.16,0,0,0,0,69.7044,69.7044,60656.3383,61388.8383,69.7044,,60.09
730,730,0,0,1.16,0,0,1.16,0,0,0,0,61.248,61.248,60717.5863,61450.0863,61.248,,52.8
731,731,0,0,1.2547,-1,-1.0753,2.33,1,0,1,5,62.059,57.059,60774.6453,61512.1453,115.2418,,49.46
732,732,1,33.33,0.1695,-2,-2.1505,2.32,3,0,2,10,6.4158,-3.5842,60771.0611,61518.5611,87.8352,,37.86
733,733,3,100,2.32,0,0,2.32,3,0,0,0,147.8072,147.8072,60918.8683,61666.3683,147.8072,,63.71
734,734,3,100,2.33,0,0,2.33,3,0,0,0,161.6321,161.6321,61080.5004,61828.0004,161.6321,,69.37
735,735,3,100,2.33,0,0,2.33,3,0,0,0,152.8713,152.8713,61233.3717,61980.8717,152.8713,,65.61
736,736,3,100,2.34,0,0,2.34,3,0,0,0,153.5274,153.5274,61386.8991,62134.3991,153.5274,,65.61
737,737,3,100,1.655,0.5,0.475,1.18,2.5,0,0.5,2.5,117.5381,115.0381,61501.9372,62251.9372,83.8036,,71.02
738,738,2.5,83.33,1.4275,0.25,0.2375,1.19,2.25,0,0.25,1.25,101.381,100.131,61602.0682,62353.3182,84.5138,,71.02
739,739,2.25,75,1.4275,0.25,0.2375,1.19,2,0,0.25,1.25,101.381,100.131,61702.1992,62454.6992,84.5138,,71.02
740,740,2,66.67,2.13,1,0.95,1.18,1,0,1,5,151.2726,146.2726,61848.4718,62605.9718,83.8036,,71.02
741,741,1,33.33,2.13,1,0.95,1.18,0,0,1,5,151.2726,146.2726,61994.7444,62757.2444,83.8036,,71.02
742,742,0,0,1.18,0,0,1.18,0,0,0,0,80.4642,80.4642,62075.2086,62837.7086,80.4642,,68.19
743,743,0,0,1.18,0,0,1.18,0,0,0,0,78.3992,78.3992,62153.6078,62916.1078,78.3992,,66.44
744,744,0,0,1.17,0,0,1.17,0,0,0,0,80.6481,80.6481,62234.2559,62996.7559,80.6481,,68.93
745,745,0,0,1.17,0,0,1.17,0,0,0,0,78.0039,78.0039,62312.2598,63074.7598,78.0039,,66.67
746,746,0,0,1.16,0,0,1.16,0,0,0,0,69.8204,69.8204,62382.0802,63144.5802,69.8204,,60.19
747,747,0,0,1.16,0,0,1.16,0,0,0,0,73.9152,73.9152,62455.9954,63218.4954,73.9152,,63.72
748,748,0,0,1.16,0,0,1.16,0,0,0,0,72.732,72.732,62528.7274,63291.2274,72.732,,62.7
749,749,0,0,1.16,0,0,1.16,0,0,0,0,72.732,72.732,62601.4594,63363.9594,72.732,,62.7
750,750,0,0,1.16,0,0,1.16,0,0,0,0,72.732,72.732,62674.1914,63436.6914,72.732,,62.7
751,751,0,0,1.16,0,0,1.16,0,0,0,0,70.3076,70.3076,62744.499,63506.999,70.3076,,60.61
752,752,0,0,1.17,0,0,1.17,0,0,0,0,79.911,79.911,62824.41,63586.91,79.911,,68.3
753,753,0,0,1.17,0,0,1.17,0,0,0,0,79.911,79.911,62904.321,63666.821,79.911,,68.3
754,754,0,0,1.16,0,0,1.16,0,0,0,0,75.5856,75.5856,62979.9066,63742.4066,75.5856,,65.16
755,755,0,0,2.32,0,0,2.32,0,0,0,0,144.1184,144.1184,63124.025,63886.525,144.1184,,62.12
756,756,0,0,0.1695,-2,-2.1505,2.32,2,0,2,10,6.7294,-3.2706,63120.7544,63893.2544,92.1272,,39.71
757,757,2,66.67,1.2547,-1,-1.0753,2.33,3,0,1,5,63.9787,58.9787,63179.7331,63957.2331,118.8067,,50.99
758,758,3,100,2.33,0,0,2.33,3,0,0,0,131.4819,131.4819,63311.215,64088.715,131.4819,,56.43
759,759,3,100,2.34,0,0,2.34,3,0,0,0,147.888,147.888,63459.103,64236.603,147.888,,63.2
760,760,3,100,2.34,0,0,2.34,3,0,0,0,156.4524,156.4524,63615.5554,64393.0554,156.4524,,66.86
761,761,3,100,1.18,0,0,1.18,3,0,0,0,83.721,83.721,63699.2764,64476.7764,83.721,,70.95
762,762,3,100,1.18,0,0,1.18,3,0,0,0,83.721,83.721,63782.9974,64560.4974,83.721,,70.95
763,763,3,100,1.18,0,0,1.18,3,0,0,0,83.721,83.721,63866.7184,64644.2184,83.721,,70.95
764,764,3,100,1.18,0,0,1.18,3,0,0,0,83.721,83.721,63950.4394,64727.9394,83.721,,70.95
765,765,3,100,2.605,1.5,1.425,1.18,1.5,0,1.5,7.5,184.8247,177.3247,64127.7641,64912.7641,83.721,,70.95
766,766,1.5,50,2.605,1.5,1.425,1.18,0,0,1.5,7.5,184.8247,177.3247,64305.0888,65097.5888,83.721,,70.95
767,767,0,0,1.17,0,0,1.17,0,0,0,0,80.6481,80.6481,64385.7369,65178.2369,80.6481,,68.93
768,768,0,0,1.17,0,0,1.17,0,0,0,0,82.9764,82.9764,64468.7133,65261.2133,82.9764,,70.92
769,769,0,0,1.17,0,0,1.17,0,0,0,0,77.9688,77.9688,64546.6821,65339.1821,77.9688,,66.64
770,770,0,0,1.18,0,0,1.18,0,0,0,0,78.6352,78.6352,64625.3173,65417.8173,78.6352,,66.64
771,771,0,0,1.18,0,0,1.18,0,0,0,0,77.8918,77.8918,64703.2091,65495.7091,77.8918,,66.01
772,772,0,0,1.18,0,0,1.18,0,0,0,0,77.1484,77.1484,64780.3575,65572.8575,77.1484,,65.38
773,773,0,0,1.18,0,0,1.18,0,0,0,0,77.1484,77.1484,64857.5059,65650.0059,77.1484,,65.38
774,774,0,0,1.18,0,0,1.18,0,0,0,0,77.8918,77.8918,64935.3977,65727.8977,77.8918,,66.01
775,775,0,0,1.18,0,0,1.18,0,0,0,0,80.8536,80.8536,65016.2513,65808.7513,80.8536,,68.52
776,776,0,0,1.17,0,0,1.17,0,0,0,0,80.5779,80.5779,65096.8292,65889.3292,80.5779,,68.87
777,777,0,0,1.17,0,0,1.17,0,0,0,0,72.8208,72.8208,65169.65,65962.15,72.8208,,62.24
778,778,0,0,1.16,0,0,1.16,0,0,0,0,69.948,69.948,65239.598,66032.098,69.948,,60.3
779,779,0,0,1.16,0,0,1.16,0,0,0,0,69.9944,69.9944,65309.5924,66102.0924,69.9944,,60.34
780,780,0,0,0.1695,-2,-2.1505,2.32,2,0,2,10,6.726,-3.274,65306.3184,66108.8184,92.0808,,39.69
781,781,2,66.67,2.32,0,0,2.32,2,0,0,0,149.5008,149.5008,65455.8192,66258.3192,149.5008,,64.44
782,782,2,66.67,2.33,0,0,2.33,2,0,0,0,141.8271,141.8271,65597.6463,66400.1463,141.8271,,60.87
783,783,2,66.67,1.2547,-1,-1.0753,2.33,3,0,1,5,64.7943,59.7943,65657.4406,66464.9406,120.3212,,51.64
784,784,3,100,1.19,0,0,1.19,3,0,0,0,74.5773,74.5773,65732.0179,66539.5179,74.5773,,62.67
785,785,3,100,1.19,0,0,1.19,3,0,0,0,77.0644,77.0644,65809.0823,66616.5823,77.0644,,64.76
786,786,3,100,1.19,0,0,1.19,3,0,0,0,79.5039,79.5039,65888.5862,66696.0862,79.5039,,66.81
787,787,3,100,2.3575,1.25,1.1875,1.17,1.75,0,1.25,6.25,167.1939,160.9439,66049.5301,66863.2801,82.9764,,70.92
788,788,1.75,58.33,2.8325,1.75,1.6625,1.17,0,0,1.75,8.75,200.8809,192.1309,66241.661,67064.161,82.9764,,70.92
789,789,0,0,1.17,0,0,1.17,0,0,0,0,81.8766,81.8766,66323.5376,67146.0376,81.8766,,69.98
790,790,0,0,1.18,0,0,1.18,0,0,0,0,76.169,76.169,66399.7066,67222.2066,76.169,,64.55
791,791,0,0,1.18,0,0,1.18,0,0,0,0,77.1484,77.1484,66476.855,67299.355,77.1484,,65.38
792,792,0,0,1.18,0,0,1.18,0,0,0,0,78.3992,78.3992,66555.2542,67377.7542,78.3992,,66.44
793,793,0,0,0,0,0,0,0,0,0,0,0,0,66555.2542,67377.7542,0,,66.23
794,794,0,0,1.16,0,0,1.16,0,0,0,0,63.9276,63.9276,66619.1818,67441.6818,63.9276,,55.11
795,795,0,0,1.16,0,0,1.16,0,0,0,0,74.6228,74.6228,66693.8046,67516.3046,74.6228,,64.33
796,796,0,0,1.16,0,0,1.16,0,0,0,0,71.1776,71.1776,66764.9822,67587.4822,71.1776,,61.36
797,797,0,0,1.16,0,0,1.16,0,0,0,0,74.588,74.588,66839.5702,67662.0702,74.588,,64.3
798,798,0,0,1.17,0,0,1.17,0,0,0,0,77.4891,77.4891,66917.0593,67739.5593,77.4891,,66.23
799,799,0,0,1.17,0,0,1.17,0,0,0,0,72.7623,72.7623,66989.8216,67812.3216,72.7623,,62.19
800,800,0,0,2.33,0,0,2.33,0,0,0,0,65.7526,65.7526,67055.5742,67878.0742,65.7526,,28.22
801,801,0,0,2.33,0,0,2.33,0,0,0,0,66.2186,66.2186,67121.7928,67944.2928,66.2186,,28.42
802,802,0,0,0.7071,-1.5,-1.6129,2.32,1.5,0,1.5,7.5,8.57,1.07,67122.8628,67952.8628,28.1184,,12.12
803,803,1.5,50,2.32,0,0,2.32,1.5,0,0,0,48.3256,48.3256,67171.1884,68001.1884,48.3256,,20.83
804,804,1.5,50,0.7171,-1.5,-1.6129,2.33,3,0,1.5,7.5,8.6912,1.1912,67172.3796,68009.8796,28.2396,,12.12
805,805,3,100,2.33,0,0,2.33,3,0,0,0,48.5805,48.5805,67220.9601,68058.4601,48.5805,,20.85
806,806,3,100,2.32,0,0,2.32,3,0,0,0,77.3024,77.3024,67298.2625,68135.7625,77.3024,,33.32
807,807,3,100,1.17,0,0,1.17,3,0,0,0,24.3711,24.3711,67322.6336,68160.1336,24.3711,,20.83
808,808,3,100,1.19,0,0,1.19,3,0,0,0,34.7242,34.7242,67357.3578,68194.8578,34.7242,,29.18
809,809,3,100,1.19,0,0,1.19,3,0,0,0,67.116,67.116,67424.4738,68261.9738,67.116,,56.4
810,810,3,100,1.18,0,0,1.18,3,0,0,0,79.9568,79.9568,67504.4306,68341.9306,79.9568,,67.76
811,811,3,100,2.8325,1.75,1.6625,1.17,1.25,0,1.75,8.75,194.0829,185.3329,67689.7635,68536.0135,80.1684,,68.52
812,812,1.25,41.67,1.4175,0.25,0.2375,1.18,1,0,0.25,1.25,97.0987,95.8487,67785.6122,68633.1122,80.83,,68.5
813,813,1,33.33,1.17,0,0,1.17,1,0,0,0,77.9571,77.9571,67863.5693,68711.0693,77.9571,,66.63
814,814,1,33.33,1.17,0,0,1.17,1,0,0,0,77.9571,77.9571,67941.5264,68789.0264,77.9571,,66.63
815,815,1,33.33,1.18,0,0,1.18,1,0,0,0,76.9242,76.9242,68018.4506,68865.9506,76.9242,,65.19
816,816,1,33.33,1.17,0,0,1.17,1,0,0,0,79.1973,79.1973,68097.6479,68945.1479,79.1973,,67.69
817,817,1,33.33,1.17,0,0,1.17,1,0,0,0,63.3555,63.3555,68161.0034,69008.5034,63.3555,,54.15
818,818,1,33.33,1.17,0,0,1.17,1,0,0,0,70.668,70.668,68231.6714,69079.1714,70.668,,60.4
819,819,1,33.33,1.16,0,0,1.16,1,0,0,0,74.53,74.53,68306.2014,69153.7014,74.53,,64.25
820,820,1,33.33,0.0847,-1,-1.0753,1.16,2,0,1,5,4.0146,-0.9854,68305.216,69157.716,54.9608,,47.38
821,821,2,66.67,0.0947,-1,-1.0753,1.17,3,0,1,5,4.5831,-0.4169,68304.7991,69162.2991,56.6046,,48.38
822,822,3,100,1.17,0,0,1.17,3,0,0,0,70.4808,70.4808,68375.2799,69232.7799,70.4808,,60.24
823,823,3,100,1.16,0,0,1.16,3,0,0,0,69.0316,69.0316,68444.3115,69301.8115,69.0316,,59.51
824,824,3,100,1.17,0,0,1.17,3,0,0,0,82.7307,82.7307,68527.0422,69384.5422,82.7307,,70.71
825,825,3,100,2.12,1,0.95,1.17,2,0,1,5,149.9052,144.9052,68671.9474,69534.4474,82.7307,,70.71
826,826,2,66.67,1.17,0,0,1.17,2,0,0,0,69.6267,69.6267,68741.5741,69604.0741,69.6267,,59.51
827,827,2,66.67,1.17,0,0,1.17,2,0,0,0,69.6267,69.6267,68811.2008,69673.7008,69.6267,,59.51
828,828,2,66.67,0.0947,-1,-1.0753,1.17,3,0,1,5,3.2426,-1.7574,68809.4434,69676.9434,40.0491,,34.23
829,829,3,100,1.17,0,0,1.17,3,0,0,0,69.6267,69.6267,68879.0701,69746.5701,69.6267,,59.51
830,830,3,100,1.17,0,0,1.17,3,0,0,0,74.9034,74.9034,68953.9735,69821.4735,74.9034,,64.02
831,831,3,100,1.17,0,0,1.17,3,0,0,0,68.2578,68.2578,69022.2313,69889.7313,68.2578,,58.34
832,832,3,100,2.33,0,0,2.33,3,0,0,0,135.8856,135.8856,69158.1169,70025.6169,135.8856,,58.32
833,833,3,100,2.34,0,0,2.34,3,0,0,0,158.2074,158.2074,69316.3243,70183.8243,158.2074,,67.61
834,834,3,100,1.18,0,0,1.18,3,0,0,0,79.3904,79.3904,69395.7147,70263.2147,79.3904,,67.28
835,835,3,100,1.18,0,0,1.18,3,0,0,0,83.4378,83.4378,69479.1525,70346.6525,83.4378,,70.71
836,836,3,100,2.3675,1.25,1.1875,1.18,1.75,0,1.25,6.25,167.4059,161.1559,69640.3084,70514.0584,83.4378,,70.71
837,837,1.75,58.33,1.17,0,0,1.17,1.75,0,0,0,82.6605,82.6605,69722.9689,70596.7189,82.6605,,70.65
838,838,1.75,58.33,1.18,0,0,1.18,1.75,0,0,0,79.3786,79.3786,69802.3475,70676.0975,79.3786,,67.27
839,839,1.75,58.33,1.18,0,0,1.18,1.75,0,0,0,75.5436,75.5436,69877.8911,70751.6411,75.5436,,64.02
840,840,1.75,58.33,2.3575,1.25,1.1875,1.17,0.5,0,1.25,6.25,166.6988,160.4488,70038.3399,70918.3399,82.7307,,70.71
841,841,0.5,16.67,1.17,0,0,1.17,0.5,0,0,0,82.7073,82.7073,70121.0472,71001.0472,82.7073,,70.69
842,842,0.5,16.67,1.17,0,0,1.17,0.5,0,0,0,80.4375,80.4375,70201.4847,71081.4847,80.4375,,68.75
843,843,0.5,16.67,1.17,0,0,1.17,0.5,0,0,0,77.9337,77.9337,70279.4184,71159.4184,77.9337,,66.61
844,844,0.5,16.67,1.17,0,0,1.17,0.5,0,0,0,67.9887,67.9887,70347.4071,71227.4071,67.9887,,58.11
845,845,0.5,16.67,1.17,0,0,1.17,0.5,0,0,0,70.3053,70.3053,70417.7124,71297.7124,70.3053,,60.09
846,846,0.5,16.67,1.17,0,0,1.17,0.5,0,0,0,71.8848,71.8848,70489.5972,71369.5972,71.8848,,61.44
847,847,0.5,16.67,1.17,0,0,1.17,0.5,0,0,0,70.1766,70.1766,70559.7738,71439.7738,70.1766,,59.98
848,848,0.5,16.67,1.18,0,0,1.18,0.5,0,0,0,81.5144,81.5144,70641.2882,71521.2882,81.5144,,69.08
849,849,0.5,16.67,1.17,0,0,1.17,0.5,0,0,0,72.8091,72.8091,70714.0973,71594.0973,72.8091,,62.23
850,850,0.5,16.67,1.17,0,0,1.17,0.5,0,0,0,71.7912,71.7912,70785.8885,71665.8885,71.7912,,61.36
851,851,0.5,16.67,1.17,0,0,1.17,0.5,0,0,0,68.2578,68.2578,70854.1463,71734.1463,68.2578,,58.34
852,852,0.5,16.67,0.1695,-2,-2.1505,2.32,2.5,0,2,10,6.3955,-3.6045,70850.5418,71740.5418,87.5568,,37.74
853,853,2.5,83.33,2.33,0,0,2.33,2.5,0,0,0,132.2741,132.2741,70982.8159,71872.8159,132.2741,,56.77
854,854,2.5,83.33,2.33,0,0,2.33,2.5,0,0,0,142.9688,142.9688,71125.7847,72015.7847,142.9688,,61.36
855,855,2.5,83.33,2.33,0,0,2.33,2.5,0,0,0,141.8271,141.8271,71267.6118,72157.6118,141.8271,,60.87
856,856,2.5,83.33,1.19,0,0,1.19,2.5,0,0,0,78.1949,78.1949,71345.8067,72235.8067,78.1949,,65.71
857,857,2.5,83.33,1.18,0,0,1.18,2.5,0,0,0,83.4378,83.4378,71429.2445,72319.2445,83.4378,,70.71
858,858,2.5,83.33,1.18,0,0,1.18,2.5,0,0,0,83.4378,83.4378,71512.6823,72402.6823,83.4378,,70.71
859,859,2.5,83.33,1.18,0,0,1.18,2.5,0,0,0,83.4378,83.4378,71596.1201,72486.1201,83.4378,,70.71
860,860,2.5,83.33,2.3575,1.25,1.1875,1.17,1.25,0,1.25,6.25,166.6988,160.4488,71756.5689,72652.8189,82.7307,,70.71
861,861,1.25,41.67,2.3575,1.25,1.1875,1.17,0,0,1.25,6.25,166.6988,160.4488,71917.0177,72819.5177,82.7307,,70.71
862,862,0,0,1.17,0,0,1.17,0,0,0,0,80.8353,80.8353,71997.853,72900.353,80.8353,,69.09
863,863,0,0,1.18,0,0,1.18,0,0,0,0,71.8148,71.8148,72069.6678,72972.1678,71.8148,,60.86
864,864,0,0,1.17,0,0,1.17,0,0,0,0,81.8766,81.8766,72151.5444,73054.0444,81.8766,,69.98
865,865,0,0,1.17,0,0,1.17,0,0,0,0,81.1512,81.1512,72232.6956,73135.1956,81.1512,,69.36
866,866,0,0,1.18,0,0,1.18,0,0,0,0,76.1808,76.1808,72308.8764,73211.3764,76.1808,,64.56
867,867,0,0,1.17,0,0,1.17,0,0,0,0,73.3356,73.3356,72382.212,73284.712,73.3356,,62.68
868,868,0,0,1.17,0,0,1.17,0,0,0,0,76.2957,76.2957,72458.5077,73361.0077,76.2957,,65.21
869,869,0,0,1.17,0,0,1.17,0,0,0,0,76.4244,76.4244,72534.9321,73437.4321,76.4244,,65.32
870,870,0,0,1.18,0,0,1.18,0,0,0,0,79.4022,79.4022,72614.3343,73516.8343,79.4022,,67.29
871,871,0,0,1.18,0,0,1.18,0,0,0,0,70.3634,70.3634,72684.6977,73587.1977,70.3634,,59.63
872,872,0,0,1.17,0,0,1.17,0,0,0,0,75.816,75.816,72760.5137,73663.0137,75.816,,64.8
873,873,0,0,1.17,0,0,1.17,0,0,0,0,63.5193,63.5193,72824.033,73726.533,63.5193,,54.29
874,874,0,0,1.17,0,0,1.17,0,0,0,0,69.6384,69.6384,72893.6714,73796.1714,69.6384,,59.52
875,875,0,0,1.17,0,0,1.17,0,0,0,0,66.6198,66.6198,72960.2912,73862.7912,66.6198,,56.94
876,876,0,0,0.0947,-1,-1.0753,1.17,1,0,1,5,3.4378,-1.5622,72958.729,73866.229,42.4593,,36.29
877,877,1,33.33,0.0947,-1,-1.0753,1.17,2,0,1,5,4.3349,-0.6651,72958.0639,73870.5639,53.5392,,45.76
878,878,2,66.67,1.17,0,0,1.17,2,0,0,0,70.5978,70.5978,73028.6617,73941.1617,70.5978,,60.34
879,879,2,66.67,1.17,0,0,1.17,2,0,0,0,70.2468,70.2468,73098.9085,74011.4085,70.2468,,60.04
880,880,2,66.67,1.17,0,0,1.17,2,0,0,0,73.008,73.008,73171.9165,74084.4165,73.008,,62.4
881,881,2,66.67,1.17,0,0,1.17,2,0,0,0,79.0686,79.0686,73250.9851,74163.4851,79.0686,,67.58
882,882,2,66.67,1.17,0,0,1.17,2,0,0,0,82.2978,82.2978,73333.2829,74245.7829,82.2978,,70.34
883,883,2,66.67,1.4075,0.25,0.2375,1.17,1.75,0,0.25,1.25,99.0036,97.7536,73431.0365,74344.7865,82.2978,,70.34
884,884,1.75,58.33,1.4075,0.25,0.2375,1.17,1.5,0,0.25,1.25,99.0036,97.7536,73528.7901,74443.7901,82.2978,,70.34
885,885,1.5,50,1.8825,0.75,0.7125,1.17,0.75,0,0.75,3.75,132.4151,128.6651,73657.4552,74576.2052,82.2978,,70.34
886,886,0.75,25,1.17,0,0,1.17,0.75,0,0,0,73.008,73.008,73730.4632,74649.2132,73.008,,62.4
887,887,0.75,25,1.18,0,0,1.18,0.75,0,0,0,76.464,76.464,73806.9272,74725.6772,76.464,,64.8
888,888,0.75,25,1.17,0,0,1.17,0.75,0,0,0,79.7238,79.7238,73886.651,74805.401,79.7238,,68.14
889,889,0.75,25,1.17,0,0,1.17,0.75,0,0,0,76.2255,76.2255,73962.8765,74881.6265,76.2255,,65.15
890,890,0.75,25,1.17,0,0,1.17,0.75,0,0,0,75.6171,75.6171,74038.4936,74957.2436,75.6171,,64.63
891,891,0.75,25,1.17,0,0,1.17,0.75,0,0,0,76.1085,76.1085,74114.6021,75033.3521,76.1085,,65.05
892,892,0.75,25,1.17,0,0,1.17,0.75,0,0,0,74.7513,74.7513,74189.3534,75108.1034,74.7513,,63.89
893,893,0.75,25,1.17,0,0,1.17,0.75,0,0,0,75.2193,75.2193,74264.5727,75183.3227,75.2193,,64.29
894,894,0.75,25,2.34,0,0,2.34,0.75,0,0,0,152.1936,152.1936,74416.7663,75335.5163,152.1936,,65.04
895,895,0.75,25,2.34,0,0,2.34,0.75,0,0,0,137.4282,137.4282,74554.1945,75472.9445,137.4282,,58.73
896,896,0.75,25,2.34,0,0,2.34,0.75,0,0,0,158.4882,158.4882,74712.6827,75631.4327,158.4882,,67.73
897,897,0.75,25,2.33,0,0,2.33,0.75,0,0,0,148.421,148.421,74861.1037,75779.8537,148.421,,63.7
898,898,0.75,25,1.16,0,0,1.16,0.75,0,0,0,68.4284,68.4284,74929.5321,75848.2821,68.4284,,58.99
899,899,0.75,25,1.17,0,0,1.17,0.75,0,0,0,68.562,68.562,74998.0941,75916.8441,68.562,,58.6
900,900,0.75,25,0.0947,-1,-1.0753,1.17,1.75,0,1,5,3.2275,-1.7725,74996.3216,75920.0716,39.8619,,34.07
901,901,1.75,58.33,1.18,0,0,1.18,1.75,0,0,0,65.6552,65.6552,75061.9768,75985.7268,65.6552,,55.64
902,902,1.75,58.33,1.17,0,0,1.17,1.75,0,0,0,72.3528,72.3528,75134.3296,76058.0796,72.3528,,61.84
903,903,1.75,58.33,1.19,0,0,1.19,1.75,0,0,0,76.9097,76.9097,75211.2393,76134.9893,76.9097,,64.63
904,904,1.75,58.33,1.18,0,0,1.18,1.75,0,0,0,76.759,76.759,75287.9983,76211.7483,76.759,,65.05
905,905,1.75,58.33,1.18,0,0,1.18,1.75,0,0,0,82.718,82.718,75370.7163,76294.4663,82.718,,70.1
906,906,1.75,58.33,1.18,0,0,1.18,1.75,0,0,0,82.7534,82.7534,75453.4697,76377.2197,82.7534,,70.13
907,907,1.75,58.33,1.18,0,0,1.18,1.75,0,0,0,82.7534,82.7534,75536.2231,76459.9731,82.7534,,70.13
908,908,1.75,58.33,1.18,0,0,1.18,1.75,0,0,0,82.7534,82.7534,75618.9765,76542.7265,82.7534,,70.13
909,909,1.75,58.33,1.17,0,0,1.17,1.75,0,0,0,82.0521,82.0521,75701.0286,76624.7786,82.0521,,70.13
910,910,1.75,58.33,1.18,0,0,1.18,1.75,0,0,0,80.24,80.24,75781.2686,76705.0186,80.24,,68
911,911,1.75,58.33,1.18,0,0,1.18,1.75,0,0,0,77.9744,77.9744,75859.243,76782.993,77.9744,,66.08
912,912,1.75,58.33,1.18,0,0,1.18,1.75,0,0,0,80.7592,80.7592,75940.0022,76863.7522,80.7592,,68.44
913,913,1.75,58.33,1.17,0,0,1.17,1.75,0,0,0,77.1615,77.1615,76017.1637,76940.9137,77.1615,,65.95
914,914,1.75,58.33,1.17,0,0,1.17,1.75,0,0,0,70.3755,70.3755,76087.5392,77011.2892,70.3755,,60.15
915,915,1.75,58.33,1.18,0,0,1.18,1.75,0,0,0,76.3106,76.3106,76163.8498,77087.5998,76.3106,,64.67
916,916,1.75,58.33,1.17,0,0,1.17,1.75,0,0,0,75.9564,75.9564,76239.8062,77163.5562,75.9564,,64.92
917,917,1.75,58.33,1.18,0,0,1.18,1.75,0,0,0,77.0894,77.0894,76316.8956,77240.6456,77.0894,,65.33
918,918,1.75,58.33,1.18,0,0,1.18,1.75,0,0,0,77.821,77.821,76394.7166,77318.4666,77.821,,65.95
919,919,1.75,58.33,1.18,0,0,1.18,1.75,0,0,0,79.0482,79.0482,76473.7648,77397.5148,79.0482,,66.99
920,920,1.75,58.33,2.8425,1.75,1.6625,1.18,0,0,1.75,8.75,200.1404,191.3904,76665.1552,77597.6552,83.0838,,70.41
921,921,0,0,1.17,0,0,1.17,0,0,0,0,81.5373,81.5373,76746.6925,77679.1925,81.5373,,69.69
922,922,0,0,2.32,0,0,2.32,0,0,0,0,141.3112,141.3112,76888.0037,77820.5037,141.3112,,60.91
923,923,0,0,2.33,0,0,2.33,0,0,0,0,151.9859,151.9859,77039.9896,77972.4896,151.9859,,65.23
924,924,0,0,1.2447,-1,-1.0753,2.32,1,0,1,5,58.0792,53.0792,77093.0688,78030.5688,108.2512,,46.66
925,925,1,33.33,0.1695,-2,-2.1505,2.32,3,0,2,10,6.6785,-3.3215,77089.7473,78037.2473,91.4312,,39.41
926,926,3,100,2.32,0,0,2.32,3,0,0,0,120.292,120.292,77210.0393,78157.5393,120.292,,51.85
927,927,3,100,1.18,0,0,1.18,3,0,0,0,68.2748,68.2748,77278.3141,78225.8141,68.2748,,57.86
928,928,3,100,1.18,0,0,1.18,3,0,0,0,76.6056,76.6056,77354.9197,78302.4197,76.6056,,64.92
929,929,3,100,1.19,0,0,1.19,3,0,0,0,82.9311,82.9311,77437.8508,78385.3508,82.9311,,69.69
930,930,3,100,1.18,0,0,1.18,3,0,0,0,83.19,83.19,77521.0408,78468.5408,83.19,,70.5
931,931,3,100,2.12,1,0.95,1.17,2,0,1,5,149.46,144.46,77665.5008,78618.0008,82.485,,70.5
932,932,2,66.67,2.12,1,0.95,1.17,1,0,1,5,149.46,144.46,77809.9608,78767.4608,82.485,,70.5
933,933,1,33.33,2.12,1,0.95,1.17,0,0,1,5,149.46,144.46,77954.4208,78916.9208,82.485,,70.5
934,934,0,0,1.18,0,0,1.18,0,0,0,0,77.821,77.821,78032.2418,78994.7418,77.821,,65.95
935,935,0,0,1.18,0,0,1.18,0,0,0,0,71.8502,71.8502,78104.092,79066.592,71.8502,,60.89
936,936,0,0,1.17,0,0,1.17,0,0,0,0,82.3446,82.3446,78186.4366,79148.9366,82.3446,,70.38
937,937,0,0,1.17,0,0,1.17,0,0,0,0,78.2145,78.2145,78264.6511,79227.1511,78.2145,,66.85
938,938,0,0,1.17,0,0,1.17,0,0,0,0,77.7348,77.7348,78342.3859,79304.8859,77.7348,,66.44
939,939,0,0,1.18,0,0,1.18,0,0,0,0,76.3814,76.3814,78418.7673,79381.2673,76.3814,,64.73
940,940,0,0,1.17,0,0,1.17,0,0,0,0,51.6204,51.6204,78470.3877,79432.8877,51.6204,,44.12
941,941,0,0,1.18,0,0,1.18,0,0,0,0,70.8708,70.8708,78541.2585,79503.7585,70.8708,,60.06
942,942,0,0,1.18,0,0,1.18,0,0,0,0,71.2956,71.2956,78612.5541,79575.0541,71.2956,,60.42
943,943,0,0,1.18,0,0,1.18,0,0,0,0,70.4578,70.4578,78683.0119,79645.5119,70.4578,,59.71
944,944,0,0,1.19,0,0,1.19,0,0,0,0,65.4738,65.4738,78748.4857,79710.9857,65.4738,,55.02
945,945,0,0,1.17,0,0,1.17,0,0,0,0,46.1565,46.1565,78794.6422,79757.1422,46.1565,,39.45
946,946,0,0,1.16,0,0,1.16,0,0,0,0,27.0628,27.0628,78821.705,79784.205,27.0628,,23.33
947,947,0,0,1.16,0,0,1.16,0,0,0,0,33.7212,33.7212,78855.4262,79817.9262,33.7212,,29.07
948,948,0,0,0.0847,-1,-1.0753,1.16,1,0,1,5,1.759,-3.241,78852.1852,79819.6852,24.0816,,20.76
949,949,1,33.33,2.11,1,0.95,1.16,0,0,1,5,74.2509,69.2509,78921.4361,79893.9361,40.8204,,35.19
950,950,0,0,0.0847,-1,-1.0753,1.16,1,0,1,5,1.7607,-3.2393,78918.1968,79895.6968,24.1048,,20.78
951,951,1,33.33,0.1795,-2,-2.1505,2.33,3,0,2,10,2.7871,-7.2129,78910.9839,79898.4839,36.1849,,15.53
952,952,3,100,2.33,0,0,2.33,3,0,0,0,139.1243,139.1243,79050.1082,80037.6082,139.1243,,59.71
953,953,3,100,1.19,0,0,1.19,3,0,0,0,80.2893,80.2893,79130.3975,80117.8975,80.2893,,67.47
954,954,3,100,1.18,0,0,1.18,3,0,0,0,83.1664,83.1664,79213.5639,80201.0639,83.1664,,70.48
955,955,3,100,2.8525,1.75,1.6625,1.19,1.25,0,1.75,8.75,201.3009,192.5509,79406.1148,80402.3648,83.9783,,70.57
956,956,1.25,41.67,2.3575,1.25,1.1875,1.17,0,0,1.25,6.25,166.1566,159.9066,79566.0214,80568.5214,82.4616,,70.48
957,957,0,0,1.17,0,0,1.17,0,0,0,0,80.1567,80.1567,79646.1781,80648.6781,80.1567,,68.51
958,958,0,0,1.17,0,0,1.17,0,0,0,0,70.4457,70.4457,79716.6238,80719.1238,70.4457,,60.21
959,959,0,0,1.18,0,0,1.18,0,0,0,0,68.9592,68.9592,79785.583,80788.083,68.9592,,58.44
960,960,0,0,1.17,0,0,1.17,0,0,0,0,78.8463,78.8463,79864.4293,80866.9293,78.8463,,67.39
961,961,0,0,1.17,0,0,1.17,0,0,0,0,74.7513,74.7513,79939.1806,80941.6806,74.7513,,63.89
962,962,0,0,1.17,0,0,1.17,0,0,0,0,62.0685,62.0685,80001.2491,81003.7491,62.0685,,53.05
963,963,0,0,1.17,0,0,1.17,0,0,0,0,66.7368,66.7368,80067.9859,81070.4859,66.7368,,57.04
964,964,0,0,1.17,0,0,1.17,0,0,0,0,61.7526,61.7526,80129.7385,81132.2385,61.7526,,52.78
965,965,0,0,1.18,0,0,1.18,0,0,0,0,69.7498,69.7498,80199.4883,81201.9883,69.7498,,59.11
966,966,0,0,1.18,0,0,1.18,0,0,0,0,71.2602,71.2602,80270.7485,81273.2485,71.2602,,60.39
967,967,0,0,1.18,0,0,1.18,0,0,0,0,42.7986,42.7986,80313.5471,81316.0471,42.7986,,36.27
968,968,0,0,1.18,0,0,1.18,0,0,0,0,6.1242,6.1242,80319.6713,81322.1713,6.1242,,5.19
969,969,0,0,1.17,0,0,1.17,0,0,0,0,3.1005,3.1005,80322.7718,81325.2718,3.1005,,2.65
970,970,0,0,1.16,0,0,1.16,0,0,0,0,2.4012,2.4012,80325.173,81327.673,2.4012,,2.07
971,971,0,0,0.1795,-2,-2.1505,2.33,2,0,2,10,0.1292,-9.8708,80315.3022,81327.8022,1.6776,,0.72
972,972,2,66.67,1.2447,-1,-1.0753,2.32,3,0,1,5,1.2821,-3.7179,80311.5843,81329.0843,2.3896,,1.03
973,973,3,100,2.32,0,0,2.32,3,0,0,0,6.148,6.148,80317.7323,81335.2323,6.148,,2.65
974,974,3,100,2.32,0,0,2.32,3,0,0,0,6.4728,6.4728,80324.2051,81341.7051,6.4728,,2.79
975,975,3,100,2.32,0,0,2.32,3,0,0,0,11.9944,11.9944,80336.1995,81353.6995,11.9944,,5.17
976,976,3,100,1.18,0,0,1.18,3,0,0,0,70.9062,70.9062,80407.1057,81424.6057,70.9062,,60.09
977,977,3,100,1.18,0,0,1.18,3,0,0,0,80.4996,80.4996,80487.6053,81505.1053,80.4996,,68.22
978,978,3,100,1.18,0,0,1.18,3,0,0,0,82.9894,82.9894,80570.5947,81588.0947,82.9894,,70.33
979,979,3,100,2.615,1.5,1.425,1.19,1.5,0,1.5,7.5,183.9129,176.4129,80747.0076,81772.0076,83.6927,,70.33
980,980,1.5,50,2.615,1.5,1.425,1.19,0,0,1.5,7.5,183.9129,176.4129,80923.4205,81955.9205,83.6927,,70.33
981,981,0,0,1.17,0,0,1.17,0,0,0,0,82.2861,82.2861,81005.7066,82038.2066,82.2861,,70.33
982,982,0,0,1.18,0,0,1.18,0,0,0,0,80.5586,80.5586,81086.2652,82118.7652,80.5586,,68.27
983,983,0,0,1.18,0,0,1.18,0,0,0,0,79.0954,79.0954,81165.3606,82197.8606,79.0954,,67.03
984,984,0,0,1.16,0,0,1.16,0,0,0,0,77.7548,77.7548,81243.1154,82275.6154,77.7548,,67.03
985,985,0,0,1.17,0,0,1.17,0,0,0,0,76.9743,76.9743,81320.0897,82352.5897,76.9743,,65.79
986,986,0,0,1.18,0,0,1.18,0,0,0,0,64.5932,64.5932,81384.6829,82417.1829,64.5932,,54.74
987,987,0,0,1.18,0,0,1.18,0,0,0,0,62.3512,62.3512,81447.0341,82479.5341,62.3512,,52.84
988,988,0,0,0.0947,-1,-1.0753,1.17,1,0,1,5,4.9705,-0.0295,81447.0046,82484.5046,61.3899,,52.47
989,989,1,33.33,1.19,0,0,1.19,1,0,0,0,69.9958,69.9958,81517.0004,82554.5004,69.9958,,58.82
990,990,1,33.33,1.19,0,0,1.19,1,0,0,0,69.9958,69.9958,81586.9962,82624.4962,69.9958,,58.82
991,991,1,33.33,1.14,0,0,1.14,1,0,0,0,67.2144,67.2144,81654.2106,82691.7106,67.2144,,58.96
992,992,1,33.33,1.12,0,0,1.12,1,0,0,0,78.0864,78.0864,81732.297,82769.797,78.0864,,69.72
993,993,1,33.33,1.12,0,0,1.12,1,0,0,0,73.0576,73.0576,81805.3546,82842.8546,73.0576,,65.23
994,994,1,33.33,1.12,0,0,1.12,1,0,0,0,69.384,69.384,81874.7386,82912.2386,69.384,,61.95
995,995,1,33.33,0,0,0,0,1,0,0,0,0,0,81874.7386,82912.2386,0,,50.71
996,996,1,33.33,0.2547,-1,-1.0753,1.33,2,0,1,5,7.6088,2.6088,81877.3474,82919.8474,39.7271,,29.87
997,997,2,66.67,2.28,0,0,2.28,2,0,0,0,129.9828,129.9828,82007.3302,83049.8302,129.9828,,57.01
998,998,2,66.67,2.28,0,0,2.28,2,0,0,0,150.0012,150.0012,82157.3314,83199.8314,150.0012,,65.79
999,999,2,66.67,2.28,0,0,2.28,2,0,0,0,145.9428,145.9428,82303.2742,83345.7742,145.9428,,64.01
1000,1000,2,66.67,2.29,0,0,2.29,2,0,0,0,157.3001,157.3001,82460.5743,83503.0743,157.3001,,68.69
1001,1001,2,66.67,2.3,0,0,2.3,2,0,0,0,161.736,161.736,82622.3103,83664.8103,161.736,,70.32
1002,1002,2,66.67,1.14,0,0,1.14,2,0,0,0,80.1648,80.1648,82702.4751,83744.9751,80.1648,,70.32
1003,1003,2,66.67,1.14,0,0,1.14,2,0,0,0,80.1648,80.1648,82782.6399,83825.1399,80.1648,,70.32
1004,1004,2,66.67,1.3775,0.25,0.2375,1.14,1.75,0,0.25,1.25,96.8658,95.6158,82878.2557,83922.0057,80.1648,,70.32
1005,1005,1.75,58.33,2.7925,1.75,1.6625,1.13,0,0,1.75,8.75,196.3686,187.6186,83065.8743,84118.3743,79.4616,,70.32
1006,1006,0,0,1.13,0,0,1.13,0,0,0,0,77.8231,77.8231,83143.6974,84196.1974,77.8231,,68.87
1007,1007,0,0,1.13,0,0,1.13,0,0,0,0,66.7943,66.7943,83210.4917,84262.9917,66.7943,,59.11
1008,1008,0,0,1.13,0,0,1.13,0,0,0,0,79.4503,79.4503,83289.942,84342.442,79.4503,,70.31
1009,1009,0,0,1.13,0,0,1.13,0,0,0,0,74.3427,74.3427,83364.2847,84416.7847,74.3427,,65.79
1010,1010,0,0,1.13,0,0,1.13,0,0,0,0,68.9865,68.9865,83433.2712,84485.7712,68.9865,,61.05
1011,1011,0,0,1.14,0,0,1.14,0,0,0,0,59.8614,59.8614,83493.1326,84545.6326,59.8614,,52.51
1012,1012,0,0,1.13,0,0,1.13,0,0,0,0,59.3137,59.3137,83552.4463,84604.9463,59.3137,,52.49
1013,1013,0,0,1.14,0,0,1.14,0,0,0,0,62.4036,62.4036,83614.8499,84667.3499,62.4036,,54.74
1014,1014,0,0,1.14,0,0,1.14,0,0,0,0,76.6536,76.6536,83691.5035,84744.0035,76.6536,,67.24
1015,1015,0,0,1.14,0,0,1.14,0,0,0,0,67.2144,67.2144,83758.7179,84811.2179,67.2144,,58.96
1016,1016,0,0,1.15,0,0,1.15,0,0,0,0,79.8445,79.8445,83838.5624,84891.0624,79.8445,,69.43
1017,1017,0,0,1.13,0,0,1.13,0,0,0,0,61.3364,61.3364,83899.8988,84952.3988,61.3364,,54.28
1018,1018,0,0,1.12,0,0,1.12,0,0,0,0,56.7728,56.7728,83956.6716,85009.1716,56.7728,,50.69
1019,1019,0,0,1.12,0,0,1.12,0,0,0,0,56.7952,56.7952,84013.4668,85065.9668,56.7952,,50.71
1020,1020,0,0,0.1295,-2,-2.1505,2.28,2,0,2,10,2.6786,-7.3214,84006.1454,85068.6454,47.1732,,20.69
1021,1021,2,66.67,1.2147,-1,-1.0753,2.29,3,0,1,5,50.8972,45.8972,84052.0426,85119.5426,95.951,,41.9
1022,1022,3,100,2.29,0,0,2.29,3,0,0,0,139.5755,139.5755,84191.6181,85259.1181,139.5755,,60.95
1023,1023,3,100,2.3,0,0,2.3,3,0,0,0,124.476,124.476,84316.0941,85383.5941,124.476,,54.12
1024,1024,3,100,1.14,0,0,1.14,3,0,0,0,74.7612,74.7612,84390.8553,85458.3553,74.7612,,65.58
1025,1025,3,100,1.15,0,0,1.15,3,0,0,0,80.868,80.868,84471.7233,85539.2233,80.868,,70.32
1026,1026,3,100,1.14,0,0,1.14,3,0,0,0,80.1648,80.1648,84551.8881,85619.3881,80.1648,,70.32
1027,1027,3,100,1.13,0,0,1.13,3,0,0,0,79.4616,79.4616,84631.3497,85698.8497,79.4616,,70.32
1028,1028,3,100,2.3175,1.25,1.1875,1.13,1.75,0,1.25,6.25,162.9666,156.7166,84788.0663,85861.8163,79.4616,,70.32
1029,1029,1.75,58.33,2.7925,1.75,1.6625,1.13,0,0,1.75,8.75,196.3686,187.6186,84975.6849,86058.1849,79.4616,,70.32
1030,1030,0,0,1.12,0,0,1.12,0,0,0,0,77.7616,77.7616,85053.4465,86135.9465,77.7616,,69.43
1031,1031,0,0,1.14,0,0,1.14,0,0,0,0,76.6536,76.6536,85130.1001,86212.6001,76.6536,,67.24
1032,1032,0,0,1.13,0,0,1.13,0,0,0,0,77.3711,77.3711,85207.4712,86289.9712,77.3711,,68.47
1033,1033,0,0,1.13,0,0,1.13,0,0,0,0,74.1732,74.1732,85281.6444,86364.1444,74.1732,,65.64
1034,1034,0,0,1.13,0,0,1.13,0,0,0,0,68.7153,68.7153,85350.3597,86432.8597,68.7153,,60.81
1035,1035,0,0,1.14,0,0,1.14,0,0,0,0,62.2668,62.2668,85412.6265,86495.1265,62.2668,,54.62
1036,1036,0,0,1.14,0,0,1.14,0,0,0,0,62.2668,62.2668,85474.8933,86557.3933,62.2668,,54.62
1037,1037,0,0,1.14,0,0,1.14,0,0,0,0,77.4174,77.4174,85552.3107,86634.8107,77.4174,,67.91
1038,1038,0,0,1.14,0,0,1.14,0,0,0,0,79.4238,79.4238,85631.7345,86714.2345,79.4238,,69.67
1039,1039,0,0,1.14,0,0,1.14,0,0,0,0,71.9454,71.9454,85703.6799,86786.1799,71.9454,,63.11
1040,1040,0,0,1.14,0,0,1.14,0,0,0,0,79.971,79.971,85783.6509,86866.1509,79.971,,70.15
1041,1041,0,0,1.13,0,0,1.13,0,0,0,0,70.0487,70.0487,85853.6996,86936.1996,70.0487,,61.99
1042,1042,0,0,1.13,0,0,1.13,0,0,0,0,68.9526,68.9526,85922.6522,87005.1522,68.9526,,61.02
1043,1043,0,0,1.13,0,0,1.13,0,0,0,0,61.7206,61.7206,85984.3728,87066.8728,61.7206,,54.62
1044,1044,0,0,0.1395,-2,-2.1505,2.29,2,0,2,10,5.4697,-4.5303,85979.8425,87072.3425,89.8138,,39.22
1045,1045,2,66.67,1.2147,-1,-1.0753,2.29,3,0,1,5,61.5626,56.5626,86036.4051,87133.9051,116.0572,,50.68
1046,1046,3,100,2.28,0,0,2.28,3,0,0,0,147.3108,147.3108,86183.7159,87281.2159,147.3108,,64.61
1047,1047,3,100,2.3,0,0,2.3,3,0,0,0,150.972,150.972,86334.6879,87432.1879,150.972,,65.64
1048,1048,3,100,1.15,0,0,1.15,3,0,0,0,80.6955,80.6955,86415.3834,87512.8834,80.6955,,70.17
1049,1049,3,100,1.605,0.5,0.475,1.13,2.5,0,0.5,2.5,112.6389,110.1389,86525.5223,87625.5223,79.3034,,70.18
1050,1050,2.5,83.33,2.3175,1.25,1.1875,1.13,1.25,0,1.25,6.25,162.6422,156.3922,86681.9145,87788.1645,79.3034,,70.18
1051,1051,1.25,41.67,2.3175,1.25,1.1875,1.13,0,0,1.25,6.25,162.6422,156.3922,86838.3067,87950.8067,79.3034,,70.18
1052,1052,0,0,1.13,0,0,1.13,0,0,0,0,79.2921,79.2921,86917.5988,88030.0988,79.2921,,70.17
1053,1053,0,0,1.13,0,0,1.13,0,0,0,0,79.2921,79.2921,86996.8909,88109.3909,79.2921,,70.17
1054,1054,0,0,1.13,0,0,1.13,0,0,0,0,76.9417,76.9417,87073.8326,88186.3326,76.9417,,68.09
1055,1055,0,0,0.0547,-1,-1.0753,1.13,1,0,1,5,2.7689,-2.2311,87071.6015,88189.1015,57.1667,,50.59
1056,1056,1,33.33,2.08,1,0.95,1.13,0,0,1,5,141.7728,136.7728,87208.3743,88330.8743,77.0208,,68.16
1057,1057,0,0,1.13,0,0,1.13,0,0,0,0,71.9923,71.9923,87280.3666,88402.8666,71.9923,,63.71
1058,1058,0,0,1.13,0,0,1.13,0,0,0,0,65.6756,65.6756,87346.0422,88468.5422,65.6756,,58.12
1059,1059,0,0,0.0547,-1,-1.0753,1.13,1,0,1,5,2.6183,-2.3817,87343.6605,88471.1605,54.0592,,47.84
1060,1060,1,33.33,1.14,0,0,1.14,1,0,0,0,65.3676,65.3676,87409.0281,88536.5281,65.3676,,57.34
1061,1061,1,33.33,1.14,0,0,1.14,1,0,0,0,67.374,67.374,87476.4021,88603.9021,67.374,,59.1
1062,1062,1,33.33,2.09,1,0.95,1.14,0,0,1,5,141.6811,136.6811,87613.0832,88745.5832,77.2806,,67.79
1063,1063,0,0,0.0647,-1,-1.0753,1.14,1,0,1,5,3.0262,-1.9738,87611.1094,88748.6094,53.295,,46.75
1064,1064,1,33.33,2.09,1,0.95,1.14,0,0,1,5,137.3966,132.3966,87743.506,88886.006,74.9436,,65.74
1065,1065,0,0,1.13,0,0,1.13,0,0,0,0,72.4104,72.4104,87815.9164,88958.4164,72.4104,,64.08
1066,1066,0,0,1.13,0,0,1.13,0,0,0,0,40.7026,40.7026,87856.619,88999.119,40.7026,,36.02
1067,1067,0,0,1.12,0,0,1.12,0,0,0,0,40.3424,40.3424,87896.9614,89039.4614,40.3424,,36.02
1068,1068,0,0,0.0547,-1,-1.0753,1.13,1,0,1,5,0.8412,-4.1588,87892.8026,89040.3026,17.3681,,15.37
1069,1069,1,33.33,1.13,0,0,1.13,1,0,0,0,40.7026,40.7026,87933.5052,89081.0052,40.7026,,36.02
1070,1070,1,33.33,2.29,0,0,2.29,1,0,0,0,82.4858,82.4858,88015.991,89163.491,82.4858,,36.02
1071,1071,1,33.33,0.1395,-2,-2.1505,2.29,3,0,2,10,4.4991,-5.5009,88010.4901,89167.9901,73.8754,,32.26
1072,1072,3,100,1.13,0,0,1.13,3,0,0,0,70.4555,70.4555,88080.9456,89238.4456,70.4555,,62.35
1073,1073,3,100,1.15,0,0,1.15,3,0,0,0,76.7165,76.7165,88157.6621,89315.1621,76.7165,,66.71
1074,1074,3,100,1.15,0,0,1.15,3,0,0,0,77.993,77.993,88235.6551,89393.1551,77.993,,67.82
1075,1075,3,100,2.7925,1.75,1.6625,1.13,1.25,0,1.75,8.75,195.112,186.362,88422.0171,89588.2671,78.9531,,69.87
1076,1076,1.25,41.67,2.3175,1.25,1.1875,1.13,0,0,1.25,6.25,159.5367,153.2867,88575.3038,89747.8038,77.7892,,68.84
1077,1077,0,0,1.13,0,0,1.13,0,0,0,0,75.3823,75.3823,88650.6861,89823.1861,75.3823,,66.71
1078,1078,0,0,1.13,0,0,1.13,0,0,0,0,70.4555,70.4555,88721.1416,89893.6416,70.4555,,62.35
1079,1079,0,0,1.13,0,0,1.13,0,0,0,0,62.2291,62.2291,88783.3707,89955.8707,62.2291,,55.07
1080,1080,0,0,0,0,0,0,0,0,0,0,0,0,88783.3707,89955.8707,0,,68.29
1081,1081,0,0,1.13,0,0,1.13,0,0,0,0,71.868,71.868,88855.2387,90027.7387,71.868,,63.6
1082,1082,0,0,1.13,0,0,1.13,0,0,0,0,65.8112,65.8112,88921.0499,90093.5499,65.8112,,58.24
1083,1083,0,0,1.13,0,0,1.13,0,0,0,0,53.7654,53.7654,88974.8153,90147.3153,53.7654,,47.58
1084,1084,0,0,0.0547,-1,-1.0753,1.13,1,0,1,5,2.1301,-2.8699,88971.9454,90149.4454,43.9796,,38.92
1085,1085,1,33.33,0.0647,-1,-1.0753,1.14,2,0,1,5,2.9589,-2.0411,88969.9043,90152.4043,52.1094,,45.71
1086,1086,2,66.67,0.2375,0.25,0.2375,0,1.75,0,0.25,1.25,15.067,13.817,88983.7213,90167.4713,0,,63.44
1087,1087,1.75,58.33,1.14,0,0,1.14,1.75,0,0,0,54.4122,54.4122,89038.1335,90221.8835,54.4122,,47.73
1088,1088,1.75,58.33,2.8125,1.75,1.6625,1.15,0,0,1.75,8.75,184.0781,175.3281,89213.4616,90405.9616,75.2675,,65.45
1089,1089,0,0,1.13,0,0,1.13,0,0,0,0,37.0301,37.0301,89250.4917,90442.9917,37.0301,,32.77
1090,1090,0,0,1.11,0,0,1.11,0,0,0,0,31.8348,31.8348,89282.3265,90474.8265,31.8348,,28.68
1091,1091,0,0,3,0,0,3,0,0,0,0,107.73,107.73,89390.0565,90582.5565,107.73,,35.91
1092,1092,0,0,0.1295,-2,-2.1505,2.28,2,0,2,10,0.6654,-9.3346,89380.7219,90583.2219,11.7192,,5.14
1093,1093,2,66.67,1.2147,-1,-1.0753,2.29,3,0,1,5,12.536,7.536,89388.2579,90595.7579,23.6328,,10.32
1094,1094,3,100,2.28,0,0,2.28,3,0,0,0,46.74,46.74,89434.9979,90642.4979,46.74,,20.5
1095,1095,3,100,1.12,0,0,1.12,3,0,0,0,16.408,16.408,89451.4059,90658.9059,16.408,,14.65
1096,1096,3,100,1.15,0,0,1.15,3,0,0,0,52.0605,52.0605,89503.4664,90710.9664,52.0605,,45.27
1097,1097,3,100,1.15,0,0,1.15,3,0,0,0,73.738,73.738,89577.2044,90784.7044,73.738,,64.12
1098,1098,3,100,1.14,0,0,1.14,3,0,0,0,74.7042,74.7042,89651.9086,90859.4086,74.7042,,65.53
1099,1099,3,100,2.7925,1.75,1.6625,1.13,1.25,0,1.75,8.75,193.3527,184.6027,89836.5113,91052.7613,78.2412,,69.24
1100,1100,1.25,41.67,1.13,0,0,1.13,1.25,0,0,0,75.2241,75.2241,89911.7354,91127.9854,75.2241,,66.57
1101,1101,1.25,41.67,1.13,0,0,1.13,1.25,0,0,0,74.0715,74.0715,89985.8069,91202.0569,74.0715,,65.55
1102,1102,1.25,41.67,1.14,0,0,1.14,1.25,0,0,0,70.737,70.737,90056.5439,91272.7939,70.737,,62.05
1103,1103,1.25,41.67,1.14,0,0,1.14,1.25,0,0,0,64.2162,64.2162,90120.7601,91337.0101,64.2162,,56.33
1104,1104,1.25,41.67,2.3275,1.25,1.1875,1.14,0,0,1.25,6.25,157.4786,151.2286,90271.9887,91494.4887,77.1324,,67.66
1105,1105,0,0,1.13,0,0,1.13,0,0,0,0,68.3763,68.3763,90340.365,91562.865,68.3763,,60.51
1106,1106,0,0,0.0547,-1,-1.0753,1.13,1,0,1,5,2.1323,-2.8677,90337.4973,91564.9973,44.0248,,38.96
1107,1107,1,33.33,1.14,0,0,1.14,1,0,0,0,63.4182,63.4182,90400.9155,91628.4155,63.4182,,55.63
1108,1108,1,33.33,1.14,0,0,1.14,1,0,0,0,64.1364,64.1364,90465.0519,91692.5519,64.1364,,56.26
1109,1109,1,33.33,1.14,0,0,1.14,1,0,0,0,65.8122,65.8122,90530.8641,91758.3641,65.8122,,57.73
1110,1110,1,33.33,2.08,1,0.95,1.13,0,0,1,5,123.6768,118.6768,90649.5409,91882.0409,67.1898,,59.46
1111,1111,0,0,1.15,0,0,1.15,0,0,0,0,33.0165,33.0165,90682.5574,91915.0574,33.0165,,28.71
1112,1112,0,0,1.15,0,0,1.15,0,0,0,0,32.6485,32.6485,90715.2059,91947.7059,32.6485,,28.39
1113,1113,0,0,1.13,0,0,1.13,0,0,0,0,36.3747,36.3747,90751.5806,91984.0806,36.3747,,32.19
1114,1114,0,0,1.13,0,0,1.13,0,0,0,0,8.249,8.249,90759.8296,91992.3296,8.249,,7.3
1115,1115,0,0,1.13,0,0,1.13,0,0,0,0,3.503,3.503,90763.3326,91995.8326,3.503,,3.1
1116,1116,0,0,0.0547,-1,-1.0753,1.13,1,0,1,5,0.1439,-4.8561,90758.4765,91995.9765,2.9719,,2.63
1117,1117,1,33.33,0.0547,-1,-1.0753,1.13,2,0,1,5,0.145,-4.855,90753.6215,91996.1215,2.9945,,2.65
1118,1118,2,66.67,0.0547,-1,-1.0753,1.13,3,0,1,5,0.145,-4.855,90748.7665,91996.2665,2.9945,,2.65
1119,1119,3,100,1.13,0,0,1.13,3,0,0,0,3.0171,3.0171,90751.7836,91999.2836,3.0171,,2.67
1120,1120,3,100,2.3,0,0,2.3,3,0,0,0,49.519,49.519,90801.3026,92048.8026,49.519,,21.53
1121,1121,3,100,2.3,0,0,2.3,3,0,0,0,125.534,125.534,90926.8366,92174.3366,125.534,,54.58
1122,1122,3,100,2.775,0.5,0.475,2.3,2.5,0,0.5,2.5,187.7565,185.2565,91112.0931,92362.0931,155.618,,67.66
1123,1123,2.5,83.33,3,0.75,0.7125,2.3,1.75,0.0125,0.75,3.75,209.13,205.38,91317.4731,92571.2231,160.333,,69.71
1124,1124,1.75,58.33,2.7925,1.75,1.6625,1.13,0,0,1.75,8.75,194.1067,185.3567,91502.8298,92765.3298,78.5463,,69.51
1125,1125,0,0,1.14,0,0,1.14,0,0,0,0,74.6586,74.6586,91577.4884,92839.9884,74.6586,,65.49
1126,1126,0,0,1.15,0,0,1.15,0,0,0,0,69.4715,69.4715,91646.9599,92909.4599,69.4715,,60.41
1127,1127,0,0,1.15,0,0,1.15,0,0,0,0,69.2875,69.2875,91716.2474,92978.7474,69.2875,,60.25
1128,1128,0,0,1.14,0,0,1.14,0,0,0,0,61.1382,61.1382,91777.3856,93039.8856,61.1382,,53.63
1129,1129,0,0,1.14,0,0,1.14,0,0,0,0,44.6652,44.6652,91822.0508,93084.5508,44.6652,,39.18
1130,1130,0,0,1.14,0,0,1.14,0,0,0,0,35.2716,35.2716,91857.3224,93119.8224,35.2716,,30.94
1131,1131,0,0,1.14,0,0,1.14,0,0,0,0,32.9118,32.9118,91890.2342,93152.7342,32.9118,,28.87
1132,1132,0,0,1.14,0,0,1.14,0,0,0,0,41.211,41.211,91931.4452,93193.9452,41.211,,36.15
1133,1133,0,0,1.14,0,0,1.14,0,0,0,0,41.211,41.211,91972.6562,93235.1562,41.211,,36.15
1134,1134,0,0,1.14,0,0,1.14,0,0,0,0,44.6652,44.6652,92017.3214,93279.8214,44.6652,,39.18
1135,1135,0,0,1.14,0,0,1.14,0,0,0,0,41.1198,41.1198,92058.4412,93320.9412,41.1198,,36.07
1136,1136,0,0,1.14,0,0,1.14,0,0,0,0,2.3484,2.3484,92060.7896,93323.2896,2.3484,,2.06
1137,1137,0,0,0.0547,-1,-1.0753,1.13,1,0,1,5,0,-5,92055.7896,93323.2896,0,,0
1138,1138,1,33.33,0.0447,-1,-1.0753,1.12,2,0,1,5,0,-5,92050.7896,93323.2896,0,,0
1139,1139,2,66.67,0.0447,-1,-1.0753,1.12,3,0,1,5,0,-5,92045.7896,93323.2896,0,,0
1140,1140,3,100,1.13,0,0,1.13,3,0,0,0,0,0,92045.7896,93323.2896,0,,0
1141,1141,3,100,1.12,0,0,1.12,3,0,0,0,0,0,92045.7896,93323.2896,0,,0
1142,1142,3,100,1.13,0,0,1.13,3,0,0,0,0,0,92045.7896,93323.2896,0,,0
1143,1143,3,100,1.13,0,0,1.13,3,0,0,0,0.5876,0.5876,92046.3772,93323.8772,0.5876,,0.52
1144,1144,3,100,1.13,0,0,1.13,3,0,0,0,4.6556,4.6556,92051.0328,93328.5328,4.6556,,4.12
1145,1145,3,100,1.15,0,0,1.15,3,0,0,0,57.201,57.201,92108.2338,93385.7338,57.201,,49.74
1146,1146,3,100,2.575,1.5,1.425,1.15,1.5,0,1.5,7.5,180.0182,172.5182,92280.752,93565.752,80.3965,,69.91
1147,1147,1.5,50,2.565,1.5,1.425,1.14,0,0,1.5,7.5,179.3191,171.8191,92452.5711,93745.0711,79.6974,,69.91
1148,1148,0,0,1.14,0,0,1.14,0,0,0,0,77.5884,77.5884,92530.1595,93822.6595,77.5884,,68.06
1149,1149,0,0,1.13,0,0,1.13,0,0,0,0,73.2918,73.2918,92603.4513,93895.9513,73.2918,,64.86
1150,1150,0,0,1.13,0,0,1.13,0,0,0,0,62.9184,62.9184,92666.3697,93958.8697,62.9184,,55.68
1151,1151,0,0,0,0,0,0,0,0,0,0,0,0,92666.3697,93958.8697,0,,56.22
1152,1152,0,0,2.29,0,0,2.29,0,0,0,0,146.3997,146.3997,92812.7694,94105.2694,146.3997,,63.93
1153,1153,0,0,2.29,0,0,2.29,0,0,0,0,136.9649,136.9649,92949.7343,94242.2343,136.9649,,59.81
1154,1154,0,0,1.13,0,0,1.13,0,0,0,0,60.9635,60.9635,93010.6978,94303.1978,60.9635,,53.95
1155,1155,0,0,0.0647,-1,-1.0753,1.14,1,0,1,5,2.9356,-2.0644,93008.6334,94306.1334,51.699,,45.35
1156,1156,1,33.33,0.0747,-1,-1.0753,1.15,2,0,1,5,2.928,-2.072,93006.5614,94309.0614,45.057,,39.18
1157,1157,2,66.67,1.15,0,0,1.15,2,0,0,0,62.0425,62.0425,93068.6039,94371.1039,62.0425,,53.95
1158,1158,2,66.67,2.3375,1.25,1.1875,1.15,0.75,0,1.25,6.25,156.4723,150.2223,93218.8262,94527.5762,76.981,,66.94
1159,1159,0.75,25,0.0747,-1,-1.0753,1.15,1.75,0,1,5,2.928,-2.072,93216.7542,94530.5042,45.057,,39.18
1160,1160,1.75,58.33,2.8125,1.75,1.6625,1.15,0,0,1.75,8.75,193.6125,184.8625,93401.6167,94724.1167,79.166,,68.84
1161,1161,0,0,1.13,0,0,1.13,0,0,0,0,60.9635,60.9635,93462.5802,94785.0802,60.9635,,53.95
1162,1162,0,0,0.0447,-1,-1.0753,1.12,1,0,1,5,1.5866,-3.4134,93459.1668,94786.6668,39.7264,,35.47
1163,1163,1,33.33,0.0547,-1,-1.0753,1.13,2,0,1,5,1.9134,-3.0866,93456.0802,94788.5802,39.5048,,34.96
1164,1164,2,66.67,0.0447,-1,-1.0753,1.12,3,0,1,5,0.9224,-4.0776,93452.0026,94789.5026,23.0944,,20.62
1165,1165,3,100,1.12,0,0,1.12,3,0,0,0,40.488,40.488,93492.4906,94829.9906,40.488,,36.15
1166,1166,3,100,1.13,0,0,1.13,3,0,0,0,44.2734,44.2734,93536.764,94874.264,44.2734,,39.18
1167,1167,3,100,1.13,0,0,1.13,3,0,0,0,67.9017,67.9017,93604.6657,94942.1657,67.9017,,60.09
1168,1168,3,100,1.13,0,0,1.13,3,0,0,0,78.0717,78.0717,93682.7374,95020.2374,78.0717,,69.09
1169,1169,3,100,1.13,0,0,1.13,3,0,0,0,79.2356,79.2356,93761.973,95099.473,79.2356,,70.12
1170,1170,3,100,1.15,0,0,1.15,3,0,0,0,80.638,80.638,93842.611,95180.111,80.638,,70.12
1171,1171,3,100,2.08,1,0.95,1.13,2,0,1,5,145.8496,140.8496,93983.4606,95325.9606,79.2356,,70.12
1172,1172,2,66.67,2.09,1,0.95,1.14,1,0,1,5,146.5508,141.5508,94125.0114,95472.5114,79.9368,,70.12
1173,1173,1,33.33,2.08,1,0.95,1.13,0,0,1,5,145.8496,140.8496,94265.861,95618.361,79.2356,,70.12
1174,1174,0,0,1.14,0,0,1.14,0,0,0,0,78.5232,78.5232,94344.3842,95696.8842,78.5232,,68.88
1175,1175,0,0,1.14,0,0,1.14,0,0,0,0,77.4744,77.4744,94421.8586,95774.3586,77.4744,,67.96
1176,1176,0,0,1.13,0,0,1.13,0,0,0,0,78.7271,78.7271,94500.5857,95853.0857,78.7271,,69.67
1177,1177,0,0,1.14,0,0,1.14,0,0,0,0,75.9354,75.9354,94576.5211,95929.0211,75.9354,,66.61
1178,1178,0,0,1.14,0,0,1.14,0,0,0,0,75.2286,75.2286,94651.7497,96004.2497,75.2286,,65.99
1179,1179,0,0,1.14,0,0,1.14,0,0,0,0,75.1944,75.1944,94726.9441,96079.4441,75.1944,,65.96
1180,1180,0,0,1.14,0,0,1.14,0,0,0,0,70.224,70.224,94797.1681,96149.6681,70.224,,61.6
1181,1181,0,0,1.15,0,0,1.15,0,0,0,0,76.6015,76.6015,94873.7696,96226.2696,76.6015,,66.61
1182,1182,0,0,1.15,0,0,1.15,0,0,0,0,76.843,76.843,94950.6126,96303.1126,76.843,,66.82
1183,1183,0,0,1.15,0,0,1.15,0,0,0,0,70.4375,70.4375,95021.0501,96373.5501,70.4375,,61.25
1184,1184,0,0,2.29,0,0,2.29,0,0,0,0,159.2466,159.2466,95180.2967,96532.7967,159.2466,,69.54
1185,1185,0,0,2.29,0,0,2.29,0,0,0,0,108.6147,108.6147,95288.9114,96641.4114,108.6147,,47.43
1186,1186,0,0,2.29,0,0,2.29,0,0,0,0,119.8128,119.8128,95408.7242,96761.2242,119.8128,,52.32
1187,1187,0,0,2.29,0,0,2.29,0,0,0,0,124.9653,124.9653,95533.6895,96886.1895,124.9653,,54.57
1188,1188,0,0,0.1395,-2,-2.1505,2.29,2,0,2,10,4.4447,-5.5553,95528.1342,96890.6342,72.9823,,31.87
1189,1189,2,66.67,1.2147,-1,-1.0753,2.29,3,0,1,5,46.342,41.342,95569.4762,96936.9762,87.3635,,38.15
1190,1190,3,100,3,0.75,0.7125,2.29,2.25,0.0025,0.75,3.75,182.28,178.53,95748.0062,97119.2562,139.1404,,60.76
1191,1191,2.25,75,0.3335,-0.75,-0.8065,1.14,3,0,0.75,3.75,13.6888,9.9388,95757.945,97132.945,46.7856,,41.04
1192,1192,3,100,1.14,0,0,1.14,3,0,0,0,73.587,73.587,95831.532,97206.532,73.587,,64.55
1193,1193,3,100,1.15,0,0,1.15,3,0,0,0,80.638,80.638,95912.17,97287.17,80.638,,70.12
1194,1194,3,100,1.14,0,0,1.14,3,0,0,0,79.9368,79.9368,95992.1068,97367.1068,79.9368,,70.12
1195,1195,3,100,1.14,0,0,1.14,3,0,0,0,79.9368,79.9368,96072.0436,97447.0436,79.9368,,70.12
1196,1196,3,100,2.09,1,0.95,1.14,2,0,1,5,146.5508,141.5508,96213.5944,97593.5944,79.9368,,70.12
1197,1197,2,66.67,2.09,1,0.95,1.14,1,0,1,5,146.5508,141.5508,96355.1452,97740.1452,79.9368,,70.12
1198,1198,1,33.33,2.09,1,0.95,1.14,0,0,1,5,146.5508,141.5508,96496.696,97886.696,79.9368,,70.12
1199,1199,0,0,1.14,0,0,1.14,0,0,0,0,77.406,77.406,96574.102,97964.102,77.406,,67.9
1200,1200,0,0,1.14,0,0,1.14,0,0,0,0,77.6682,77.6682,96651.7702,98041.7702,77.6682,,68.13
1201,1201,0,0,1.14,0,0,1.14,0,0,0,0,75.0918,75.0918,96726.862,98116.862,75.0918,,65.87
1202,1202,0,0,1.14,0,0,1.14,0,0,0,0,70.965,70.965,96797.827,98187.827,70.965,,62.25
1203,1203,0,0,1.13,0,0,1.13,0,0,0,0,69.3142,69.3142,96867.1412,98257.1412,69.3142,,61.34
1204,1204,0,0,1.14,0,0,1.14,0,0,0,0,68.0466,68.0466,96935.1878,98325.1878,68.0466,,59.69
1205,1205,0,0,1.14,0,0,1.14,0,0,0,0,73.4502,73.4502,97008.638,98398.638,73.4502,,64.43
1206,1206,0,0,1.15,0,0,1.15,0,0,0,0,76.6935,76.6935,97085.3315,98475.3315,76.6935,,66.69
1207,1207,0,0,1.15,0,0,1.15,0,0,0,0,68.6205,68.6205,97153.952,98543.952,68.6205,,59.67
1208,1208,0,0,1.15,0,0,1.15,0,0,0,0,79.0625,79.0625,97233.0145,98623.0145,79.0625,,68.75
1209,1209,0,0,1.13,0,0,1.13,0,0,0,0,72.1053,72.1053,97305.1198,98695.1198,72.1053,,63.81
1210,1210,0,0,1.13,0,0,1.13,0,0,0,0,60.0482,60.0482,97365.168,98755.168,60.0482,,53.14
1211,1211,0,0,1.12,0,0,1.12,0,0,0,0,67.2672,67.2672,97432.4352,98822.4352,67.2672,,60.06
1212,1212,0,0,0.0547,-1,-1.0753,1.13,1,0,1,5,1.5774,-3.4226,97429.0126,98824.0126,32.5666,,28.82
1213,1213,1,33.33,1.13,0,0,1.13,1,0,0,0,64.749,64.749,97493.7616,98888.7616,64.749,,57.3
1214,1214,1,33.33,1.13,0,0,1.13,1,0,0,0,71.3934,71.3934,97565.155,98960.155,71.3934,,63.18
1215,1215,1,33.33,1.13,0,0,1.13,1,0,0,0,64.4552,64.4552,97629.6102,99024.6102,64.4552,,57.04
1216,1216,1,33.33,2.28,0,0,2.28,1,0,0,0,149.7048,149.7048,97779.315,99174.315,149.7048,,65.66
1217,1217,1,33.33,2.28,0,0,2.28,1,0,0,0,159.5544,159.5544,97938.8694,99333.8694,159.5544,,69.98
1218,1218,1,33.33,2.29,0,0,2.29,1,0,0,0,160.2542,160.2542,98099.1236,99494.1236,160.2542,,69.98
1219,1219,1,33.33,1.14,0,0,1.14,1,0,0,0,79.7772,79.7772,98178.9008,99573.9008,79.7772,,69.98
1220,1220,1,33.33,1.615,0.5,0.475,1.14,0.5,0,0.5,2.5,113.0177,110.5177,98289.4185,99686.9185,79.7772,,69.98
1221,1221,0.5,16.67,1.615,0.5,0.475,1.14,0,0,0.5,2.5,113.0177,110.5177,98399.9362,99799.9362,79.7772,,69.98
1222,1222,0,0,1.15,0,0,1.15,0,0,0,0,76.866,76.866,98476.8022,99876.8022,76.866,,66.84
1223,1223,0,0,1.14,0,0,1.14,0,0,0,0,74.8524,74.8524,98551.6546,99951.6546,74.8524,,65.66
1224,1224,0,0,1.13,0,0,1.13,0,0,0,0,75.0772,75.0772,98626.7318,100026.7318,75.0772,,66.44
1225,1225,0,0,1.14,0,0,1.14,0,0,0,0,73.758,73.758,98700.4898,100100.4898,73.758,,64.7
1226,1226,0,0,1.14,0,0,1.14,0,0,0,0,63.0078,63.0078,98763.4976,100163.4976,63.0078,,55.27
1227,1227,0,0,1.14,0,0,1.14,0,0,0,0,71.4666,71.4666,98834.9642,100234.9642,71.4666,,62.69
1228,1228,0,0,1.15,0,0,1.15,0,0,0,0,65.734,65.734,98900.6982,100300.6982,65.734,,57.16
1229,1229,0,0,1.15,0,0,1.15,0,0,0,0,70.748,70.748,98971.4462,100371.4462,70.748,,61.52
1230,1230,0,0,1.15,0,0,1.15,0,0,0,0,75.486,75.486,99046.9322,100446.9322,75.486,,65.64
1231,1231,0,0,1.15,0,0,1.15,0,0,0,0,65.734,65.734,99112.6662,100512.6662,65.734,,57.16
1232,1232,0,0,1.14,0,0,1.14,0,0,0,0,72.4698,72.4698,99185.136,100585.136,72.4698,,63.57
1233,1233,0,0,1.13,0,0,1.13,0,0,0,0,53.3021,53.3021,99238.4381,100638.4381,53.3021,,47.17
1234,1234,0,0,2.28,0,0,2.28,0,0,0,0,80.4156,80.4156,99318.8537,100718.8537,80.4156,,35.27
1235,1235,0,0,2.28,0,0,2.28,0,0,0,0,72.2532,72.2532,99391.1069,100791.1069,72.2532,,31.69
1236,1236,0,0,0.1295,-2,-2.1505,2.28,2,0,2,10,1.3296,-8.6704,99382.4365,100792.4365,23.4156,,10.27
1237,1237,2,66.67,2.28,0,0,2.28,2,0,0,0,70.1328,70.1328,99452.5693,100862.5693,70.1328,,30.76
1238,1238,2,66.67,2.28,0,0,2.28,2,0,0,0,80.4156,80.4156,99532.9849,100942.9849,80.4156,,35.27
1239,1239,2,66.67,0.0647,-1,-1.0753,1.14,3,0,1,5,1.3276,-3.6724,99529.3125,100944.3125,23.3814,,20.51
1240,1240,3,100,1.14,0,0,1.14,3,0,0,0,71.9682,71.9682,99601.2807,101016.2807,71.9682,,63.13
1241,1241,3,100,1.15,0,0,1.15,3,0,0,0,80.178,80.178,99681.4587,101096.4587,80.178,,69.72
1242,1242,3,100,2.3275,1.25,1.1875,1.14,1.75,0,1.25,6.25,162.2733,156.0233,99837.482,101258.732,79.4808,,69.72
1243,1243,1.75,58.33,2.8025,1.75,1.6625,1.14,0,0,1.75,8.75,195.3903,186.6403,100024.1223,101454.1223,79.4808,,69.72
1244,1244,0,0,1.14,0,0,1.14,0,0,0,0,79.2528,79.2528,100103.3751,101533.3751,79.2528,,69.52
1245,1245,0,0,1.15,0,0,1.15,0,0,0,0,77.8205,77.8205,100181.1956,101611.1956,77.8205,,67.67
1246,1246,0,0,1.15,0,0,1.15,0,0,0,0,65.3315,65.3315,100246.5271,101676.5271,65.3315,,56.81
1247,1247,0,0,1.15,0,0,1.15,0,0,0,0,62.399,62.399,100308.9261,101738.9261,62.399,,54.26
1248,1248,0,0,1.14,0,0,1.14,0,0,0,0,72.5724,72.5724,100381.4985,101811.4985,72.5724,,63.66
1249,1249,0,0,1.14,0,0,1.14,0,0,0,0,70.2354,70.2354,100451.7339,101881.7339,70.2354,,61.61
1250,1250,0,0,0.0647,-1,-1.0753,1.14,1,0,1,5,2.5258,-2.4742,100449.2597,101884.2597,44.4828,,39.02
1251,1251,1,33.33,0.0647,-1,-1.0753,1.14,2,0,1,5,2.5258,-2.4742,100446.7855,101886.7855,44.4828,,39.02
1252,1252,2,66.67,1.14,0,0,1.14,2,0,0,0,57.7752,57.7752,100504.5607,101944.5607,57.7752,,50.68
1253,1253,2,66.67,1.14,0,0,1.14,2,0,0,0,68.97,68.97,100573.5307,102013.5307,68.97,,60.5
1254,1254,2,66.67,2.8025,1.75,1.6625,1.14,0.25,0,1.75,8.75,180.9014,172.1514,100745.6821,102194.4321,73.587,,64.55
1255,1255,0.25,8.33,1.14,0,0,1.14,0.25,0,0,0,58.5276,58.5276,100804.2097,102252.9597,58.5276,,51.34
1256,1256,0.25,8.33,1.3675,0.25,0.2375,1.13,0,0,0.25,1.25,84.2517,83.0017,100887.2114,102337.2114,69.6193,,61.61
1257,1257,0,0,1.13,0,0,1.13,0,0,0,0,39.9116,39.9116,100927.123,102377.123,39.9116,,35.32
1258,1258,0,0,1.13,0,0,1.13,0,0,0,0,34.7023,34.7023,100961.8253,102411.8253,34.7023,,30.71
1259,1259,0,0,0.0547,-1,-1.0753,1.13,1,0,1,5,1.3453,-3.6547,100958.1706,102413.1706,27.7754,,24.58
1260,1260,1,33.33,0.0647,-1,-1.0753,1.14,2,0,1,5,0.2699,-4.7301,100953.4405,102413.4405,4.7538,,4.17
1261,1261,2,66.67,0.0647,-1,-1.0753,1.14,3,0,1,5,0.6648,-4.3352,100949.1053,102414.1053,11.7078,,10.27
1262,1262,3,100,1.13,0,0,1.13,3,0,0,0,32.4875,32.4875,100981.5928,102446.5928,32.4875,,28.75
1263,1263,3,100,1.12,0,0,1.12,3,0,0,0,34.3952,34.3952,101015.988,102480.988,34.3952,,30.71
1264,1264,3,100,2.18,0,0,2.18,3,0,0,0,113.5344,113.5344,101129.5224,102594.5224,113.5344,,52.08
1265,1265,3,100,2.29,0,0,2.29,3,0,0,0,159.8878,159.8878,101289.4102,102754.4102,159.8878,,69.82
1266,1266,3,100,2.8125,1.75,1.6625,1.15,1.25,0,1.75,8.75,196.3687,187.6187,101477.0289,102950.7789,80.293,,69.82
1267,1267,1.25,41.67,2.3275,1.25,1.1875,1.14,0,0,1.25,6.25,162.506,156.256,101633.2849,103113.2849,79.5948,,69.82
1268,1268,0,0,1.13,0,0,1.13,0,0,0,0,78.648,78.648,101711.9329,103191.9329,78.648,,69.6
1269,1269,0,0,1.14,0,0,1.14,0,0,0,0,73.587,73.587,101785.5199,103265.5199,73.587,,64.55
1270,1270,0,0,1.14,0,0,1.14,0,0,0,0,61.389,61.389,101846.9089,103326.9089,61.389,,53.85
1271,1271,0,0,1.14,0,0,1.14,0,0,0,0,68.172,68.172,101915.0809,103395.0809,68.172,,59.8
1272,1272,0,0,1.12,0,0,1.12,0,0,0,0,73.696,73.696,101988.7769,103468.7769,73.696,,65.8
1273,1273,0,0,1.12,0,0,1.12,0,0,0,0,67.0544,67.0544,102055.8313,103535.8313,67.0544,,59.87
1274,1274,0,0,1.13,0,0,1.13,0,0,0,0,55.031,55.031,102110.8623,103590.8623,55.031,,48.7
1275,1275,0,0,1.13,0,0,1.13,0,0,0,0,52.3077,52.3077,102163.17,103643.17,52.3077,,46.29
1276,1276,0,0,0.0647,-1,-1.0753,1.14,1,0,1,5,2.5303,-2.4697,102160.7003,103645.7003,44.5626,,39.09
1277,1277,1,33.33,1.14,0,0,1.14,1,0,0,0,50.5704,50.5704,102211.2707,103696.2707,50.5704,,44.36
1278,1278,1,33.33,2.09,1,0.95,1.14,0,0,1,5,126.8421,121.8421,102333.1128,103823.1128,69.1866,,60.69
1279,1279,0,0,1.13,0,0,1.13,0,0,0,0,33.7079,33.7079,102366.8207,103856.8207,33.7079,,29.83
1280,1280,0,0,1.13,0,0,1.13,0,0,0,0,38.9398,38.9398,102405.7605,103895.7605,38.9398,,34.46
1281,1281,0,0,1.13,0,0,1.13,0,0,0,0,39.9116,39.9116,102445.6721,103935.6721,39.9116,,35.32
1282,1282,0,0,1.13,0,0,1.13,0,0,0,0,23.2441,23.2441,102468.9162,103958.9162,23.2441,,20.57
1283,1283,0,0,2.27,0,0,2.27,0,0,0,0,35.0261,35.0261,102503.9423,103993.9423,35.0261,,15.43
1284,1284,0,0,0.1295,-2,-2.1505,2.28,2,0,2,10,0.6149,-9.3851,102494.5572,103994.5572,10.83,,4.75
1285,1285,2,66.67,2.29,0,0,2.29,2,0,0,0,35.3347,35.3347,102529.8919,104029.8919,35.3347,,15.43
1286,1286,2,66.67,1.2147,-1,-1.0753,2.29,3,0,1,5,12.0137,7.0137,102536.9056,104041.9056,22.6481,,9.89
1287,1287,3,100,2.3,0,0,2.3,3,0,0,0,66.24,66.24,102603.1456,104108.1456,66.24,,28.8
1288,1288,3,100,1.15,0,0,1.15,3,0,0,0,64.9175,64.9175,102668.0631,104173.0631,64.9175,,56.45
1289,1289,3,100,1.14,0,0,1.14,3,0,0,0,79.743,79.743,102747.8061,104252.8061,79.743,,69.95
1290,1290,3,100,1.14,0,0,1.14,3,0,0,0,79.743,79.743,102827.5491,104332.5491,79.743,,69.95
1291,1291,3,100,1.13,0,0,1.13,3,0,0,0,79.0435,79.0435,102906.5926,104411.5926,79.0435,,69.95
1292,1292,3,100,2.3275,1.25,1.1875,1.14,1.75,0,1.25,6.25,162.8086,156.5586,103063.1512,104574.4012,79.743,,69.95
1293,1293,1.75,58.33,2.8025,1.75,1.6625,1.14,0,0,1.75,8.75,196.0349,187.2849,103250.4361,104770.4361,79.743,,69.95
1294,1294,0,0,1.14,0,0,1.14,0,0,0,0,76.9386,76.9386,103327.3747,104847.3747,76.9386,,67.49
1295,1295,0,0,1.15,0,0,1.15,0,0,0,0,69.828,69.828,103397.2027,104917.2027,69.828,,60.72
1296,1296,0,0,1.13,0,0,1.13,0,0,0,0,76.6592,76.6592,103473.8619,104993.8619,76.6592,,67.84
1297,1297,0,0,1.13,0,0,1.13,0,0,0,0,68.2181,68.2181,103542.08,105062.08,68.2181,,60.37
1298,1298,0,0,1.13,0,0,1.13,0,0,0,0,68.0599,68.0599,103610.1399,105130.1399,68.0599,,60.23
1299,1299,0,0,1.14,0,0,1.14,0,0,0,0,67.032,67.032,103677.1719,105197.1719,67.032,,58.8
1300,1300,0,0,1.13,0,0,1.13,0,0,0,0,70.1165,70.1165,103747.2884,105267.2884,70.1165,,62.05
1301,1301,0,0,1.13,0,0,1.13,0,0,0,0,67.2124,67.2124,103814.5008,105334.5008,67.2124,,59.48
1302,1302,0,0,1.13,0,0,1.13,0,0,0,0,72.4443,72.4443,103886.9451,105406.9451,72.4443,,64.11
1303,1303,0,0,1.12,0,0,1.12,0,0,0,0,37.072,37.072,103924.0171,105444.0171,37.072,,33.1
1304,1304,0,0,1.12,0,0,1.12,0,0,0,0,23.1616,23.1616,103947.1787,105467.1787,23.1616,,20.68
1305,1305,0,0,1.12,0,0,1.12,0,0,0,0,3.0128,3.0128,103950.1915,105470.1915,3.0128,,2.69
1306,1306,0,0,1.12,0,0,1.12,0,0,0,0,2.5536,2.5536,103952.7451,105472.7451,2.5536,,2.28
1307,1307,0,0,0.0547,-1,-1.0753,1.13,1,0,1,5,0.0279,-4.9721,103947.773,105472.773,0.5763,,0.51
1308,1308,1,33.33,0.1395,-2,-2.1505,2.29,3,0,2,10,0,-10,103937.773,105472.773,0,,0
1309,1309,3,100,2.29,0,0,2.29,3,0,0,0,4.7403,4.7403,103942.5133,105477.5133,4.7403,,2.07
1310,1310,3,100,2.28,0,0,2.28,3,0,0,0,6.1332,6.1332,103948.6465,105483.6465,6.1332,,2.69
1311,1311,3,100,2.3,0,0,2.3,3,0,0,0,16.928,16.928,103965.5745,105500.5745,16.928,,7.36
1312,1312,3,100,2.3,0,0,2.3,3,0,0,0,81.811,81.811,104047.3855,105582.3855,81.811,,35.57
1313,1313,3,100,1.14,0,0,1.14,3,0,0,0,76.6308,76.6308,104124.0163,105659.0163,76.6308,,67.22
1314,1314,3,100,1.14,0,0,1.14,3,0,0,0,80.1648,80.1648,104204.1811,105739.1811,80.1648,,70.32
1315,1315,3,100,1.8425,0.75,0.7125,1.13,2.25,0,0.75,3.75,129.5646,125.8146,104329.9957,105868.7457,79.4616,,70.32
1316,1316,2.25,75,1.3775,0.25,0.2375,1.14,2,0,0.25,1.25,96.8658,95.6158,104425.6115,105965.6115,80.1648,,70.32
1317,1317,2,66.67,2.7925,1.75,1.6625,1.13,0.25,0,1.75,8.75,196.3686,187.6186,104613.2301,106161.9801,79.4616,,70.32
1318,1318,0.25,8.33,1.14,0,0,1.14,0.25,0,0,0,77.805,77.805,104691.0351,106239.7851,77.805,,68.25
1319,1319,0.25,8.33,1.14,0,0,1.14,0.25,0,0,0,68.6166,68.6166,104759.6517,106308.4017,68.6166,,60.19
1320,1320,0.25,8.33,1.3775,0.25,0.2375,1.14,0,0,0.25,1.25,96.8658,95.6158,104855.2675,106405.2675,80.1648,,70.32
1321,1321,0,0,1.12,0,0,1.12,0,0,0,0,71.8032,71.8032,104927.0707,106477.0707,71.8032,,64.11
1322,1322,0,0,1.12,0,0,1.12,0,0,0,0,69.3504,69.3504,104996.4211,106546.4211,69.3504,,61.92
1323,1323,0,0,0.0447,-1,-1.0753,1.12,1,0,1,5,2.1046,-2.8954,104993.5257,106548.5257,52.696,,47.05
1324,1324,1,33.33,0.0447,-1,-1.0753,1.12,2,0,1,5,1.7588,-3.2412,104990.2845,106550.2845,44.0384,,39.32
1325,1325,2,66.67,1.13,0,0,1.13,2,0,0,0,58.6583,58.6583,105048.9428,106608.9428,58.6583,,51.91
1326,1326,2,66.67,1.13,0,0,1.13,2,0,0,0,75.7213,75.7213,105124.6641,106684.6641,75.7213,,67.01
1327,1327,2,66.67,1.14,0,0,1.14,2,0,0,0,67.8528,67.8528,105192.5169,106752.5169,67.8528,,59.52
1328,1328,2,66.67,1.3875,0.25,0.2375,1.15,1.75,0,0.25,1.25,92.9764,91.7264,105284.2433,106845.4933,77.0615,,67.01
1329,1329,1.75,58.33,1.13,0,0,1.13,1.75,0,0,0,73.5065,73.5065,105357.7498,106918.9998,73.5065,,65.05
1330,1330,1.75,58.33,1.15,0,0,1.15,1.75,0,0,0,69.4485,69.4485,105427.1983,106988.4483,69.4485,,60.39
1331,1331,1.75,58.33,1.13,0,0,1.13,1.75,0,0,0,73.7325,73.7325,105500.9308,107062.1808,73.7325,,65.25
1332,1332,1.75,58.33,0.2459,-1.25,-1.3441,1.59,3,0,1.25,6.25,11.9022,5.6522,105506.583,107074.083,76.956,,48.4
1333,1333,3,100,2.29,0,0,2.29,3,0,0,0,134.6062,134.6062,105641.1892,107208.6892,134.6062,,58.78
1334,1334,3,100,2.29,0,0,2.29,3,0,0,0,160.8038,160.8038,105801.993,107369.493,160.8038,,70.22
1335,1335,3,100,2.27,0,0,2.27,3,0,0,0,159.6264,159.6264,105961.6194,107529.1194,159.6264,,70.32
1336,1336,3,100,2.29,0,0,2.29,3,0,0,0,161.0328,161.0328,106122.6522,107690.1522,161.0328,,70.32
1337,1337,3,100,1.14,0,0,1.14,3,0,0,0,80.1648,80.1648,106202.817,107770.317,80.1648,,70.32
1338,1338,3,100,1.14,0,0,1.14,3,0,0,0,80.1648,80.1648,106282.9818,107850.4818,80.1648,,70.32
1339,1339,3,100,1.13,0,0,1.13,3,0,0,0,79.4616,79.4616,106362.4434,107929.9434,79.4616,,70.32
1340,1340,3,100,2.555,1.5,1.425,1.13,1.5,0,1.5,7.5,179.6676,172.1676,106534.611,108109.611,79.4616,,70.32
1341,1341,1.5,50,1.3775,0.25,0.2375,1.14,1.25,0,0.25,1.25,96.8658,95.6158,106630.2268,108206.4768,80.1648,,70.32
1342,1342,1.25,41.67,1.3775,0.25,0.2375,1.14,1,0,0.25,1.25,96.8658,95.6158,106725.8426,108303.3426,80.1648,,70.32
1343,1343,1,33.33,1.14,0,0,1.14,1,0,0,0,75.6846,75.6846,106801.5272,108379.0272,75.6846,,66.39
1344,1344,1,33.33,1.14,0,0,1.14,1,0,0,0,75.4452,75.4452,106876.9724,108454.4724,75.4452,,66.18
1345,1345,1,33.33,1.13,0,0,1.13,1,0,0,0,76.0264,76.0264,106952.9988,108530.4988,76.0264,,67.28
1346,1346,1,33.33,1.13,0,0,1.13,1,0,0,0,73.5065,73.5065,107026.5053,108604.0053,73.5065,,65.05
1347,1347,1,33.33,1.13,0,0,1.13,1,0,0,0,60.6697,60.6697,107087.175,108664.675,60.6697,,53.69
1348,1348,1,33.33,0.0647,-1,-1.0753,1.14,2,0,1,5,3.3602,-1.6398,107085.5352,108668.0352,59.1774,,51.91
1349,1349,2,66.67,1.12,0,0,1.12,2,0,0,0,60.1328,60.1328,107145.668,108728.168,60.1328,,53.69
1350,1350,2,66.67,1.12,0,0,1.12,2,0,0,0,75.0512,75.0512,107220.7192,108803.2192,75.0512,,67.01
1351,1351,2,66.67,1.14,0,0,1.14,2,0,0,0,75.4452,75.4452,107296.1644,108878.6644,75.4452,,66.18
1352,1352,2,66.67,1.3775,0.25,0.2375,1.14,1.75,0,0.25,1.25,96.8658,95.6158,107391.7802,108975.5302,80.1648,,70.32
1353,1353,1.75,58.33,2.7925,1.75,1.6625,1.13,0,0,1.75,8.75,196.3686,187.6186,107579.3988,109171.8988,79.4616,,70.32
1354,1354,0,0,1.13,0,0,1.13,0,0,0,0,78.2977,78.2977,107657.6965,109250.1965,78.2977,,69.29
1355,1355,0,0,1.13,0,0,1.13,0,0,0,0,71.7324,71.7324,107729.4289,109321.9289,71.7324,,63.48
1356,1356,0,0,0.0547,-1,-1.0753,1.13,1,0,1,5,1.9468,-3.0532,107726.3757,109323.8757,40.1941,,35.57
1357,1357,1,33.33,0.1295,-2,-2.1505,2.28,3,0,2,10,6.3747,-3.6253,107722.7504,109330.2504,112.2672,,49.24
1358,1358,3,100,2.28,0,0,2.28,3,0,0,0,117.8988,117.8988,107840.6492,109448.1492,117.8988,,51.71
1359,1359,3,100,2.3,0,0,2.3,3,0,0,0,124.154,124.154,107964.8032,109572.3032,124.154,,53.98
1360,1360,3,100,1.27,0,0,1.27,3,0,0,0,87.9602,87.9602,108052.7634,109660.2634,87.9602,,69.26
1361,1361,3,100,1.14,0,0,1.14,3,0,0,0,80.1648,80.1648,108132.9282,109740.4282,80.1648,,70.32
1362,1362,3,100,1.13,0,0,1.13,3,0,0,0,79.4616,79.4616,108212.3898,109819.8898,79.4616,,70.32
1363,1363,3,100,1.14,0,0,1.14,3,0,0,0,80.1648,80.1648,108292.5546,109900.0546,80.1648,,70.32
1364,1364,3,100,2.3175,1.25,1.1875,1.13,1.75,0,1.25,6.25,162.9666,156.7166,108449.2712,110063.0212,79.4616,,70.32
1365,1365,1.75,58.33,2.7925,1.75,1.6625,1.13,0,0,1.75,8.75,196.3686,187.6186,108636.8898,110259.3898,79.4616,,70.32
1366,1366,0,0,1.13,0,0,1.13,0,0,0,0,73.902,73.902,108710.7918,110333.2918,73.902,,65.4
1367,1367,0,0,1.14,0,0,1.14,0,0,0,0,69.5514,69.5514,108780.3432,110402.8432,69.5514,,61.01
1368,1368,0,0,1.12,0,0,1.12,0,0,0,0,75.3536,75.3536,108855.6968,110478.1968,75.3536,,67.28
1369,1369,0,0,1.11,0,0,1.11,0,0,0,0,69.8967,69.8967,108925.5935,110548.0935,69.8967,,62.97
1370,1370,0,0,1.11,0,0,1.11,0,0,0,0,67.3104,67.3104,108992.9039,110615.4039,67.3104,,60.64
1371,1371,0,0,1.13,0,0,1.13,0,0,0,0,65.0428,65.0428,109057.9467,110680.4467,65.0428,,57.56
1372,1372,0,0,1.13,0,0,1.13,0,0,0,0,61.3816,61.3816,109119.3283,110741.8283,61.3816,,54.32
1373,1373,0,0,0.0647,-1,-1.0753,1.14,1,0,1,5,3.0268,-1.9732,109117.3551,110744.8551,53.3064,,46.76
1374,1374,1,33.33,1.14,0,0,1.14,1,0,0,0,70.3038,70.3038,109187.6589,110815.1589,70.3038,,61.67
1375,1375,1,33.33,1.14,0,0,1.14,1,0,0,0,67.1916,67.1916,109254.8505,110882.3505,67.1916,,58.94
1376,1376,1,33.33,2.09,1,0.95,1.14,0,0,1,5,136.268,131.268,109386.1185,111018.6185,74.328,,65.2
1377,1377,0,0,1.12,0,0,1.12,0,0,0,0,56.4256,56.4256,109442.5441,111075.0441,56.4256,,50.38
1378,1378,0,0,0.0547,-1,-1.0753,1.13,1,0,1,5,1.9353,-3.0647,109439.4794,111076.9794,39.9568,,35.36
1379,1379,1,33.33,2.28,0,0,2.28,1,0,0,0,89.0568,89.0568,109528.5362,111166.0362,89.0568,,39.06
1380,1380,1,33.33,0.1295,-2,-2.1505,2.28,3,0,2,10,1.9031,-8.0969,109520.4393,111167.9393,33.516,,14.7
1381,1381,3,100,2.28,0,0,2.28,3,0,0,0,80.6208,80.6208,109601.0601,111248.5601,80.6208,,35.36
1382,1382,3,100,2.28,0,0,2.28,3,0,0,0,110.1468,110.1468,109711.2069,111358.7069,110.1468,,48.31
1383,1383,3,100,1.13,0,0,1.13,3,0,0,0,46.4543,46.4543,109757.6612,111405.1612,46.4543,,41.11
1384,1384,3,100,1.15,0,0,1.15,3,0,0,0,74.3245,74.3245,109831.9857,111479.4857,74.3245,,64.63
1385,1385,3,100,1.14,0,0,1.14,3,0,0,0,79.6518,79.6518,109911.6375,111559.1375,79.6518,,69.87
1386,1386,3,100,2.3275,1.25,1.1875,1.14,1.75,0,1.25,6.25,162.6224,156.3724,110068.0099,111721.7599,79.6518,,69.87
1387,1387,1.75,58.33,2.7925,1.75,1.6625,1.13,0,0,1.75,8.75,195.112,186.362,110254.3719,111916.8719,78.9531,,69.87
1388,1388,0,0,1.13,0,0,1.13,0,0,0,0,76.4219,76.4219,110330.7938,111993.2938,76.4219,,67.63
1389,1389,0,0,1.12,0,0,1.12,0,0,0,0,73.3824,73.3824,110404.1762,112066.6762,73.3824,,65.52
1390,1390,0,0,1.13,0,0,1.13,0,0,0,0,65.6869,65.6869,110469.8631,112132.3631,65.6869,,58.13
1391,1391,0,0,1.14,0,0,1.14,0,0,0,0,58.5846,58.5846,110528.4477,112190.9477,58.5846,,51.39
1392,1392,0,0,1.14,0,0,1.14,0,0,0,0,69.6882,69.6882,110598.1359,112260.6359,69.6882,,61.13
1393,1393,0,0,1.13,0,0,1.13,0,0,0,0,69.5176,69.5176,110667.6535,112330.1535,69.5176,,61.52
1394,1394,0,0,1.13,0,0,1.13,0,0,0,0,67.2237,67.2237,110734.8772,112397.3772,67.2237,,59.49
1395,1395,0,0,0.0647,-1,-1.0753,1.14,1,0,1,5,2.5239,-2.4761,110732.4011,112399.9011,44.4486,,38.99
1396,1396,1,33.33,1.14,0,0,1.14,1,0,0,0,66.0402,66.0402,110798.4413,112465.9413,66.0402,,57.93
1397,1397,1,33.33,1.14,0,0,1.14,1,0,0,0,69.8592,69.8592,110868.3005,112535.8005,69.8592,,61.28
1398,1398,1,33.33,2.09,1,0.95,1.14,0,0,1,5,134.9513,129.9513,110998.2518,112670.7518,73.6098,,64.57
1399,1399,0,0,1.14,0,0,1.14,0,0,0,0,66.1086,66.1086,111064.3604,112736.8604,66.1086,,57.99
1400,1400,0,0,1.14,0,0,1.14,0,0,0,0,70.1328,70.1328,111134.4932,112806.9932,70.1328,,61.52
1401,1401,0,0,1.14,0,0,1.14,0,0,0,0,55.5408,55.5408,111190.034,112862.534,55.5408,,48.72
1402,1402,0,0,0.0647,-1,-1.0753,1.14,1,0,1,5,1.3276,-3.6724,111186.3616,112863.8616,23.3814,,20.51
1403,1403,1,33.33,1.14,0,0,1.14,1,0,0,0,31.5552,31.5552,111217.9168,112895.4168,31.5552,,27.68
1404,1404,1,33.33,0.0647,-1,-1.0753,1.14,2,0,1,5,0.6654,-4.3346,111213.5822,112896.0822,11.7192,,10.28
1405,1405,2,66.67,1.2147,-1,-1.0753,2.29,3,0,1,5,26.3354,21.3354,111234.9176,112922.4176,49.6472,,21.68
1406,1406,3,100,2.29,0,0,2.29,3,0,0,0,88.0276,88.0276,111322.9452,113010.4452,88.0276,,38.44
1407,1407,3,100,2.28,0,0,2.28,3,0,0,0,88.8516,88.8516,111411.7968,113099.2968,88.8516,,38.97
1408,1408,3,100,2.29,0,0,2.29,3,0,0,0,143.2624,143.2624,111555.0592,113242.5592,143.2624,,62.56
1409,1409,3,100,1.13,0,0,1.13,3,0,0,0,78.7836,78.7836,111633.8428,113321.3428,78.7836,,69.72
1410,1410,3,100,1.13,0,0,1.13,3,0,0,0,78.7836,78.7836,111712.6264,113400.1264,78.7836,,69.72
1411,1411,3,100,2.3075,1.25,1.1875,1.12,1.75,0,1.25,6.25,160.8789,154.6289,111867.2553,113561.0053,78.0864,,69.72
1412,1412,1.75,58.33,2.8025,1.75,1.6625,1.14,0,0,1.75,8.75,195.3903,186.6403,112053.8956,113756.3956,79.4808,,69.72
1413,1413,0,0,1.14,0,0,1.14,0,0,0,0,76.8132,76.8132,112130.7088,113833.2088,76.8132,,67.38
1414,1414,0,0,1.13,0,0,1.13,0,0,0,0,71.6872,71.6872,112202.396,113904.896,71.6872,,63.44
1415,1415,0,0,1.15,0,0,1.15,0,0,0,0,63.9285,63.9285,112266.3245,113968.8245,63.9285,,55.59
1416,1416,0,0,1.14,0,0,1.14,0,0,0,0,70.0872,70.0872,112336.4117,114038.9117,70.0872,,61.48
1417,1417,0,0,1.13,0,0,1.13,0,0,0,0,60.5002,60.5002,112396.9119,114099.4119,60.5002,,53.54
1418,1418,0,0,0.0547,-1,-1.0753,1.13,1,0,1,5,2.6079,-2.3921,112394.5198,114102.0198,53.8445,,47.65
1419,1419,1,33.33,1.13,0,0,1.13,1,0,0,0,64.8959,64.8959,112459.4157,114166.9157,64.8959,,57.43
1420,1420,1,33.33,1.14,0,0,1.14,1,0,0,0,65.2422,65.2422,112524.6579,114232.1579,65.2422,,57.23
1421,1421,1,33.33,1.14,0,0,1.14,1,0,0,0,61.8792,61.8792,112586.5371,114294.0371,61.8792,,54.28
1422,1422,1,33.33,1.15,0,0,1.15,1,0,0,0,73.1055,73.1055,112659.6426,114367.1426,73.1055,,63.57
1423,1423,1,33.33,1.15,0,0,1.15,1,0,0,0,66.401,66.401,112726.0436,114433.5436,66.401,,57.74
1424,1424,1,33.33,2.09,1,0.95,1.14,0,0,1,5,134.8259,129.8259,112855.8695,114568.3695,73.5414,,64.51
1425,1425,0,0,1.12,0,0,1.12,0,0,0,0,45.9424,45.9424,112901.8119,114614.3119,45.9424,,41.02
1426,1426,0,0,0.0547,-1,-1.0753,1.13,1,0,1,5,1.8953,-3.1047,112898.7072,114616.2072,39.1319,,34.63
1427,1427,1,33.33,1.13,0,0,1.13,1,0,0,0,40.6348,40.6348,112939.342,114656.842,40.6348,,35.96
1428,1428,1,33.33,0.0447,-1,-1.0753,1.12,2,0,1,5,0.7157,-4.2843,112935.0577,114657.5577,17.92,,16
1429,1429,2,66.67,0.0447,-1,-1.0753,1.12,3,0,1,5,1.2431,-3.7569,112931.3008,114658.8008,31.1248,,27.79
1430,1430,3,100,1.12,0,0,1.12,3,0,0,0,43.6464,43.6464,112974.9472,114702.4472,43.6464,,38.97
1431,1431,3,100,2.29,0,0,2.29,3,0,0,0,91.6,91.6,113066.5472,114794.0472,91.6,,40
1432,1432,3,100,2.29,0,0,2.29,3,0,0,0,147.9569,147.9569,113214.5041,114942.0041,147.9569,,64.61
1433,1433,3,100,2.29,0,0,2.29,3,0,0,0,159.6817,159.6817,113374.1858,115101.6858,159.6817,,69.73
1434,1434,3,100,1.605,0.5,0.475,1.13,2.5,0,0.5,2.5,111.9167,109.4167,113483.6025,115213.6025,78.7949,,69.73
1435,1435,2.5,83.33,2.08,1,0.95,1.13,1.5,0,1,5,145.0384,140.0384,113623.6409,115358.6409,78.7949,,69.73
1436,1436,1.5,50,2.555,1.5,1.425,1.13,0,0,1.5,7.5,178.1601,170.6601,113794.301,115536.801,78.7949,,69.73
1437,1437,0,0,1.13,0,0,1.13,0,0,0,0,76.4897,76.4897,113870.7907,115613.2907,76.4897,,67.69
1438,1438,0,0,1.13,0,0,1.13,0,0,0,0,69.495,69.495,113940.2857,115682.7857,69.495,,61.5
1439,1439,0,0,1.12,0,0,1.12,0,0,0,0,57.6688,57.6688,113997.9545,115740.4545,57.6688,,51.49
1440,1440,0,0,1.12,0,0,1.12,0,0,0,0,68.6224,68.6224,114066.5769,115809.0769,68.6224,,61.27
1441,1441,0,0,1.13,0,0,1.13,0,0,0,0,60.5793,60.5793,114127.1562,115869.6562,60.5793,,53.61
1442,1442,0,0,1.14,0,0,1.14,0,0,0,0,65.1738,65.1738,114192.33,115934.83,65.1738,,57.17
1443,1443,0,0,1.14,0,0,1.14,0,0,0,0,67.1916,67.1916,114259.5216,116002.0216,67.1916,,58.94
1444,1444,0,0,1.14,0,0,1.14,0,0,0,0,65.037,65.037,114324.5586,116067.0586,65.037,,57.05
1445,1445,0,0,1.14,0,0,1.14,0,0,0,0,65.037,65.037,114389.5956,116132.0956,65.037,,57.05
1446,1446,0,0,1.15,0,0,1.15,0,0,0,0,70.702,70.702,114460.2976,116202.7976,70.702,,61.48
1447,1447,0,0,1.15,0,0,1.15,0,0,0,0,44.781,44.781,114505.0786,116247.5786,44.781,,38.94
1448,1448,0,0,1.14,0,0,1.14,0,0,0,0,44.3916,44.3916,114549.4702,116291.9702,44.3916,,38.94
1449,1449,0,0,1.14,0,0,1.14,0,0,0,0,34.4508,34.4508,114583.921,116326.421,34.4508,,30.22
1450,1450,0,0,1.12,0,0,1.12,0,0,0,0,33.8464,33.8464,114617.7674,116360.2674,33.8464,,30.22
1451,1451,0,0,2.28,0,0,2.28,0,0,0,0,46.7172,46.7172,114664.4846,116406.9846,46.7172,,20.49
1452,1452,0,0,0.1295,-2,-2.1505,2.28,2,0,2,10,1.0266,-8.9734,114655.5112,116408.0112,18.0804,,7.93
1453,1453,2,66.67,3,0.75,0.7125,2.29,1.25,0.0025,0.75,3.75,73.11,69.36,114724.8712,116481.1212,55.8073,,24.37
1454,1454,1.25,41.67,0.4083,-1.75,-1.8817,2.29,3,0,1.75,8.75,4.193,-4.557,114720.3142,116485.3142,23.5183,,10.27
1455,1455,3,100,1.14,0,0,1.14,3,0,0,0,24.5328,24.5328,114744.847,116509.847,24.5328,,21.52
1456,1456,3,100,1.14,0,0,1.14,3,0,0,0,69.825,69.825,114814.672,116579.672,69.825,,61.25
1457,1457,3,100,1.14,0,0,1.14,3,0,0,0,79.4124,79.4124,114894.0844,116659.0844,79.4124,,69.66
1458,1458,3,100,1.14,0,0,1.14,3,0,0,0,79.4238,79.4238,114973.5082,116738.5082,79.4238,,69.67
1459,1459,3,100,2.3275,1.25,1.1875,1.14,1.75,0,1.25,6.25,162.1569,155.9069,115129.4151,116900.6651,79.4238,,69.67
1460,1460,1.75,58.33,2.7925,1.75,1.6625,1.13,0,0,1.75,8.75,194.5535,185.8035,115315.2186,117095.2186,78.7271,,69.67
1461,1461,0,0,1.14,0,0,1.14,0,0,0,0,79.4124,79.4124,115394.631,117174.631,79.4124,,69.66
1462,1462,0,0,1.14,0,0,1.14,0,0,0,0,74.0886,74.0886,115468.7196,117248.7196,74.0886,,64.99
1463,1463,0,0,1.12,0,0,1.12,0,0,0,0,67.704,67.704,115536.4236,117316.4236,67.704,,60.45
1464,1464,0,0,1.12,0,0,1.12,0,0,0,0,72.296,72.296,115608.7196,117388.7196,72.296,,64.55
1465,1465,0,0,1.13,0,0,1.13,0,0,0,0,68.1277,68.1277,115676.8473,117456.8473,68.1277,,60.29
1466,1466,0,0,1.13,0,0,1.13,0,0,0,0,74.6026,74.6026,115751.4499,117531.4499,74.6026,,66.02
1467,1467,0,0,1.14,0,0,1.14,0,0,0,0,63.156,63.156,115814.6059,117594.6059,63.156,,55.4
1468,1468,0,0,1.14,0,0,1.14,0,0,0,0,60.819,60.819,115875.4249,117655.4249,60.819,,53.35
1469,1469,0,0,1.14,0,0,1.14,0,0,0,0,61.8906,61.8906,115937.3155,117717.3155,61.8906,,54.29
1470,1470,0,0,1.14,0,0,1.14,0,0,0,0,66.69,66.69,116004.0055,117784.0055,66.69,,58.5
1471,1471,0,0,1.14,0,0,1.14,0,0,0,0,44.46,44.46,116048.4655,117828.4655,44.46,,39
1472,1472,0,0,1.14,0,0,1.14,0,0,0,0,33.9264,33.9264,116082.3919,117862.3919,33.9264,,29.76
1473,1473,0,0,1.13,0,0,1.13,0,0,0,0,11.5938,11.5938,116093.9857,117873.9857,11.5938,,10.26
1474,1474,0,0,1.13,0,0,1.13,0,0,0,0,2.9719,2.9719,116096.9576,117876.9576,2.9719,,2.63
1475,1475,0,0,1.2147,-1,-1.0753,2.29,1,0,1,5,0.0243,-4.9757,116091.9819,117876.9819,0.0458,,0.02
1476,1476,1,33.33,0.1295,-2,-2.1505,2.28,3,0,2,10,0,-10,116081.9819,117876.9819,0,,0
1477,1477,3,100,2.28,0,0,2.28,3,0,0,0,0.9348,0.9348,116082.9167,117877.9167,0.9348,,0.41
1478,1478,3,100,2.28,0,0,2.28,3,0,0,0,4.674,4.674,116087.5907,117882.5907,4.674,,2.05
1479,1479,3,100,2.28,0,0,2.28,3,0,0,0,23.4384,23.4384,116111.0291,117906.0291,23.4384,,10.28
1480,1480,3,100,2.3,0,0,2.3,3,0,0,0,118.013,118.013,116229.0421,118024.0421,118.013,,51.31
1481,1481,3,100,1.13,0,0,1.13,3,0,0,0,75.3823,75.3823,116304.4244,118099.4244,75.3823,,66.71
1482,1482,3,100,1.605,0.5,0.475,1.13,2.5,0,0.5,2.5,111.9969,109.4969,116413.9213,118211.4213,78.8514,,69.78
1483,1483,2.5,83.33,1.605,0.5,0.475,1.13,2,0,0.5,2.5,111.9969,109.4969,116523.4182,118323.4182,78.8514,,69.78
1484,1484,2,66.67,1.3575,0.25,0.2375,1.12,1.75,0,0.25,1.25,94.7264,93.4764,116616.8946,118418.1446,78.1536,,69.78
1485,1485,1.75,58.33,2.7825,1.75,1.6625,1.12,0,0,1.75,8.75,194.1628,185.4128,116802.3074,118612.3074,78.1536,,69.78
1486,1486,0,0,1.12,0,0,1.12,0,0,0,0,66.6624,66.6624,116868.9698,118678.9698,66.6624,,59.52
1487,1487,0,0,1.12,0,0,1.12,0,0,0,0,66.6624,66.6624,116935.6322,118745.6322,66.6624,,59.52
1488,1488,0,0,1.12,0,0,1.12,0,0,0,0,71.2656,71.2656,117006.8978,118816.8978,71.2656,,63.63
1489,1489,0,0,1.12,0,0,1.12,0,0,0,0,68.9696,68.9696,117075.8674,118885.8674,68.9696,,61.58
1490,1490,0,0,0.0447,-1,-1.0753,1.12,1,0,1,5,2.0889,-2.9111,117072.9563,118887.9563,52.304,,46.7
1491,1491,1,33.33,0.0447,-1,-1.0753,1.12,2,0,1,5,1.9512,-3.0488,117069.9075,118889.9075,48.8544,,43.62
1492,1492,2,66.67,0.0547,-1,-1.0753,1.13,3,0,1,5,2.4219,-2.5781,117067.3294,118892.3294,50.0025,,44.25
1493,1493,3,100,1.13,0,0,1.13,3,0,0,0,65.201,65.201,117132.5304,118957.5304,65.201,,57.7
1494,1494,3,100,1.13,0,0,1.13,3,0,0,0,72.9415,72.9415,117205.4719,119030.4719,72.9415,,64.55
1495,1495,3,100,1.13,0,0,1.13,3,0,0,0,73.7551,73.7551,117279.227,119104.227,73.7551,,65.27
1496,1496,3,100,2.7925,1.75,1.6625,1.13,1.25,0,1.75,8.75,194.8606,186.1106,117465.3376,119299.0876,78.8514,,69.78
1497,1497,1.25,41.67,2.3175,1.25,1.1875,1.13,0,0,1.25,6.25,154.3919,148.1419,117613.4795,119453.4795,75.2806,,66.62
1498,1498,0,0,1.11,0,0,1.11,0,0,0,0,39.9378,39.9378,117653.4173,119493.4173,39.9378,,35.98
1499,1499,0,0,1.12,0,0,1.12,0,0,0,0,34.4848,34.4848,117687.9021,119527.9021,34.4848,,30.79
1500,1500,0,0,0.2295,-2,-2.1505,2.38,2,0,2,10,2.3543,-7.6457,117680.2564,119530.2564,24.4188,,10.26
1501,1501,2,66.67,1.3147,-1,-1.0753,2.39,3,0,1,5,38.9292,33.9292,117714.1856,119569.1856,70.7679,,29.61
1502,1502,3,100,1.38,0,0,1.38,3,0,0,0,49.6524,49.6524,117763.838,119618.838,49.6524,,35.98
1503,1503,3,100,2.39,0,0,2.39,3,0,0,0,115.2697,115.2697,117879.1077,119734.1077,115.2697,,48.23
1504,1504,3,100,1.13,0,0,1.13,3,0,0,0,76.4671,76.4671,117955.5748,119810.5748,76.4671,,67.67
1505,1505,3,100,1.13,0,0,1.13,3,0,0,0,78.8627,78.8627,118034.4375,119889.4375,78.8627,,69.79
1506,1506,3,100,2.555,1.5,1.425,1.13,1.5,0,1.5,7.5,178.3134,170.8134,118205.2509,120067.7509,78.8627,,69.79
1507,1507,1.5,50,1.12,0,0,1.12,1.5,0,0,0,78.1648,78.1648,118283.4157,120145.9157,78.1648,,69.79
1508,1508,1.5,50,2.555,1.5,1.425,1.13,0,0,1.5,7.5,178.3134,170.8134,118454.2291,120324.2291,78.8627,,69.79
1509,1509,0,0,1.12,0,0,1.12,0,0,0,0,78.1536,78.1536,118532.3827,120402.3827,78.1536,,69.78
1510,1510,0,0,1.13,0,0,1.13,0,0,0,0,68.3311,68.3311,118600.7138,120470.7138,68.3311,,60.47
1511,1511,0,0,1.13,0,0,1.13,0,0,0,0,59.7092,59.7092,118660.423,120530.423,59.7092,,52.84
1512,1512,0,0,1.14,0,0,1.14,0,0,0,0,74.8296,74.8296,118735.2526,120605.2526,74.8296,,65.64
1513,1513,0,0,1.14,0,0,1.14,0,0,0,0,66.3024,66.3024,118801.555,120671.555,66.3024,,58.16
1514,1514,0,0,0.0647,-1,-1.0753,1.14,1,0,1,5,3.1673,-1.8327,118799.7223,120674.7223,55.7802,,48.93
1515,1515,1,33.33,1.14,0,0,1.14,1,0,0,0,61.9134,61.9134,118861.6357,120736.6357,61.9134,,54.31
1516,1516,1,33.33,0.0647,-1,-1.0753,1.14,2,0,1,5,3.0223,-1.9777,118859.658,120739.658,53.2266,,46.69
1517,1517,2,66.67,1.14,0,0,1.14,2,0,0,0,61.2066,61.2066,118920.8646,120800.8646,61.2066,,53.69
1518,1518,2,66.67,1.15,0,0,1.15,2,0,0,0,75.164,75.164,118996.0286,120876.0286,75.164,,65.36
1519,1519,2,66.67,1.15,0,0,1.15,2,0,0,0,71.7025,71.7025,119067.7311,120947.7311,71.7025,,62.35
1520,1520,2,66.67,2.1,1,0.95,1.15,1,0,1,5,146.517,141.517,119209.2481,121094.2481,80.2355,,69.77
1521,1521,1,33.33,1.13,0,0,1.13,1,0,0,0,74.1506,74.1506,119283.3987,121168.3987,74.1506,,65.62
1522,1522,1,33.33,0.0447,-1,-1.0753,1.12,2,0,1,5,2.029,-2.971,119280.4277,121170.4277,50.8032,,45.36
1523,1523,2,66.67,1.13,0,0,1.13,2,0,0,0,65.5965,65.5965,119346.0242,121236.0242,65.5965,,58.05
1524,1524,2,66.67,0.0547,-1,-1.0753,1.13,3,0,1,5,1.6633,-3.3367,119342.6875,121237.6875,34.3407,,30.39
1525,1525,3,100,1.13,0,0,1.13,3,0,0,0,66.7943,66.7943,119409.4818,121304.4818,66.7943,,59.11
1526,1526,3,100,2.28,0,0,2.28,3,0,0,0,153.0108,153.0108,119562.4926,121457.4926,153.0108,,67.11
1527,1527,3,100,2.28,0,0,2.28,3,0,0,0,137.7804,137.7804,119700.273,121595.273,137.7804,,60.43
1528,1528,3,100,2.29,0,0,2.29,3,0,0,0,159.2466,159.2466,119859.5196,121754.5196,159.2466,,69.54
1529,1529,3,100,2.29,0,0,2.29,3,0,0,0,159.8191,159.8191,120019.3387,121914.3387,159.8191,,69.79
1530,1530,3,100,1.12,0,0,1.12,3,0,0,0,78.1648,78.1648,120097.5035,121992.5035,78.1648,,69.79
1531,1531,3,100,2.555,1.5,1.425,1.13,1.5,0,1.5,7.5,178.3134,170.8134,120268.3169,122170.8169,78.8627,,69.79
1532,1532,1.5,50,2.555,1.5,1.425,1.13,0,0,1.5,7.5,178.3134,170.8134,120439.1303,122349.1303,78.8627,,69.79
1533,1533,0,0,1.13,0,0,1.13,0,0,0,0,78.8401,78.8401,120517.9704,122427.9704,78.8401,,69.77
1534,1534,0,0,1.13,0,0,1.13,0,0,0,0,65.5965,65.5965,120583.5669,122493.5669,65.5965,,58.05
1535,1535,0,0,0.0447,-1,-1.0753,1.12,1,0,1,5,2.3046,-2.6954,120580.8715,122495.8715,57.7024,,51.52
1536,1536,1,33.33,1.13,0,0,1.13,1,0,0,0,69.6645,69.6645,120650.536,122565.536,69.6645,,61.65
1537,1537,1,33.33,1.13,0,0,1.13,1,0,0,0,65.9016,65.9016,120716.4376,122631.4376,65.9016,,58.32
1538,1538,1,33.33,1.14,0,0,1.14,1,0,0,0,65.7096,65.7096,120782.1472,122697.1472,65.7096,,57.64
1539,1539,1,33.33,1.14,0,0,1.14,1,0,0,0,61.0128,61.0128,120843.16,122758.16,61.0128,,53.52
1540,1540,1,33.33,0.0647,-1,-1.0753,1.14,2,0,1,5,3.1323,-1.8677,120841.2923,122761.2923,55.1646,,48.39
1541,1541,2,66.67,0.0747,-1,-1.0753,1.15,3,0,1,5,3.6162,-1.3838,120839.9085,122764.9085,55.6485,,48.39
1542,1542,3,100,1.14,0,0,1.14,3,0,0,0,63.384,63.384,120903.2925,122828.2925,63.384,,55.6
1543,1543,3,100,1.14,0,0,1.14,3,0,0,0,78.375,78.375,120981.6675,122906.6675,78.375,,68.75
1544,1544,3,100,2.8025,1.75,1.6625,1.14,1.25,0,1.75,8.75,196.1189,187.3689,121169.0364,123102.7864,79.7772,,69.98
1545,1545,1.25,41.67,1.3675,0.25,0.2375,1.13,1,0,0.25,1.25,94.8635,93.6135,121262.6499,123197.6499,78.3881,,69.37
1546,1546,1,33.33,1.14,0,0,1.14,1,0,0,0,66.7128,66.7128,121329.3627,123264.3627,66.7128,,58.52
1547,1547,1,33.33,1.12,0,0,1.12,1,0,0,0,71.176,71.176,121400.5387,123335.5387,71.176,,63.55
1548,1548,1,33.33,0.1295,-2,-2.1505,2.28,3,0,2,10,5.0633,-4.9367,121395.602,123340.602,89.1708,,39.11
1549,1549,3,100,2.28,0,0,2.28,3,0,0,0,136.0248,136.0248,121531.6268,123476.6268,136.0248,,59.66
1550,1550,3,100,2.3,0,0,2.3,3,0,0,0,146.763,146.763,121678.3898,123623.3898,146.763,,63.81
1551,1551,3,100,2.28,0,0,2.28,3,0,0,0,140.0376,140.0376,121818.4274,123763.4274,140.0376,,61.42
1552,1552,3,100,2.3,0,0,2.3,3,0,0,0,155.296,155.296,121973.7234,123918.7234,155.296,,67.52
1553,1553,3,100,2.575,1.5,1.425,1.15,1.5,0,1.5,7.5,180.2242,172.7242,122146.4476,124098.9476,80.4885,,69.99
1554,1554,1.5,50,1.15,0,0,1.15,1.5,0,0,0,80.477,80.477,122226.9246,124179.4246,80.477,,69.98
1555,1555,1.5,50,2.575,1.5,1.425,1.15,0,0,1.5,7.5,180.2242,172.7242,122399.6488,124359.6488,80.4885,,69.99
1556,1556,0,0,1.15,0,0,1.15,0,0,0,0,80.477,80.477,122480.1258,124440.1258,80.477,,69.98
1557,1557,0,0,1.15,0,0,1.15,0,0,0,0,80.477,80.477,122560.6028,124520.6028,80.477,,69.98
1558,1558,0,0,1.15,0,0,1.15,0,0,0,0,69.828,69.828,122630.4308,124590.4308,69.828,,60.72
1559,1559,0,0,1.15,0,0,1.15,0,0,0,0,67.321,67.321,122697.7518,124657.7518,67.321,,58.54
1560,1560,0,0,1.15,0,0,1.15,0,0,0,0,72.013,72.013,122769.7648,124729.7648,72.013,,62.62
1561,1561,0,0,1.15,0,0,1.15,0,0,0,0,69.828,69.828,122839.5928,124799.5928,69.828,,60.72
1562,1562,0,0,1.15,0,0,1.15,0,0,0,0,64.1585,64.1585,122903.7513,124863.7513,64.1585,,55.79
1563,1563,0,0,0.0747,-1,-1.0753,1.15,1,0,1,5,3.7074,-1.2926,122902.4587,124867.4587,57.0515,,49.61
1564,1564,1,33.33,1.15,0,0,1.15,1,0,0,0,66.1365,66.1365,122968.5952,124933.5952,66.1365,,57.51
1565,1565,1,33.33,1.16,0,0,1.16,1,0,0,0,62.1992,62.1992,123030.7944,124995.7944,62.1992,,53.62
1566,1566,1,33.33,1.16,0,0,1.16,1,0,0,0,64.7164,64.7164,123095.5108,125060.5108,64.7164,,55.79
1567,1567,1,33.33,1.16,0,0,1.16,1,0,0,0,76.7108,76.7108,123172.2216,125137.2216,76.7108,,66.13
1568,1568,1,33.33,2.11,1,0.95,1.16,0,0,1,5,147.6578,142.6578,123314.8794,125284.8794,81.1768,,69.98
1569,1569,0,0,1.14,0,0,1.14,0,0,0,0,76.266,76.266,123391.1454,125361.1454,76.266,,66.9
1570,1570,0,0,1.14,0,0,1.14,0,0,0,0,67.488,67.488,123458.6334,125428.6334,67.488,,59.2
1571,1571,0,0,1.13,0,0,1.13,0,0,0,0,66.896,66.896,123525.5294,125495.5294,66.896,,59.2
1572,1572,0,0,0.0647,-1,-1.0753,1.14,1,0,1,5,3.2644,-1.7356,123523.7938,125498.7938,57.4902,,50.43
1573,1573,1,33.33,2.29,0,0,2.29,1,0,0,0,127.2782,127.2782,123651.072,125626.072,127.2782,,55.58
1574,1574,1,33.33,0.1395,-2,-2.1505,2.29,3,0,2,10,7.1767,-2.8233,123648.2487,125633.2487,117.8434,,51.46
1575,1575,3,100,2.29,0,0,2.29,3,0,0,0,138.8656,138.8656,123787.1143,125772.1143,138.8656,,60.64
1576,1576,3,100,2.3,0,0,2.3,3,0,0,0,160.954,160.954,123948.0683,125933.0683,160.954,,69.98
1577,1577,3,100,2.3,0,0,2.3,3,0,0,0,160.977,160.977,124109.0453,126094.0453,160.977,,69.99
1578,1578,3,100,2.565,1.5,1.425,1.14,1.5,0,1.5,7.5,179.5243,172.0243,124281.0696,126273.5696,79.7886,,69.99
1579,1579,1.5,50,2.575,1.5,1.425,1.15,0,0,1.5,7.5,180.2242,172.7242,124453.7938,126453.7938,80.4885,,69.99
1580,1580,0,0,1.15,0,0,1.15,0,0,0,0,80.477,80.477,124534.2708,126534.2708,80.477,,69.98
1581,1581,0,0,1.15,0,0,1.15,0,0,0,0,80.477,80.477,124614.7478,126614.7478,80.477,,69.98
1582,1582,0,0,1.15,0,0,1.15,0,0,0,0,74.52,74.52,124689.2678,126689.2678,74.52,,64.8
1583,1583,0,0,1.15,0,0,1.15,0,0,0,0,69.0115,69.0115,124758.2793,126758.2793,69.0115,,60.01
1584,1584,0,0,1.15,0,0,1.15,0,0,0,0,76.5095,76.5095,124834.7888,126834.7888,76.5095,,66.53
1585,1585,0,0,1.15,0,0,1.15,0,0,0,0,71.3,71.3,124906.0888,126906.0888,71.3,,62
1586,1586,0,0,0.3435,-0.75,-0.8065,1.15,0.75,0,0.75,3.75,17.8199,14.0699,124920.1587,126923.9087,59.6505,,51.87
1587,1587,0.75,25,0.0747,-1,-1.0753,1.15,1.75,0,1,5,3.8614,-1.1386,124919.0201,126927.7701,59.4205,,51.67
1588,1588,1.75,58.33,1.15,0,0,1.15,1.75,0,0,0,66.355,66.355,124985.3751,126994.1251,66.355,,57.7
1589,1589,1.75,58.33,1.15,0,0,1.15,1.75,0,0,0,68.448,68.448,125053.8231,127062.5731,68.448,,59.52
1590,1590,1.75,58.33,1.15,0,0,1.15,1.75,0,0,0,77.027,77.027,125130.8501,127139.6001,77.027,,66.98
1591,1591,1.75,58.33,1.15,0,0,1.15,1.75,0,0,0,79.3615,79.3615,125210.2116,127218.9616,79.3615,,69.01
1592,1592,1.75,58.33,2.8025,1.75,1.6625,1.14,0,0,1.75,8.75,196.9317,188.1817,125398.3933,127415.8933,80.1078,,70.27
1593,1593,0,0,1.15,0,0,1.15,0,0,0,0,74.3935,74.3935,125472.7868,127490.2868,74.3935,,64.69
1594,1594,0,0,1.14,0,0,1.14,0,0,0,0,72.9714,72.9714,125545.7582,127563.2582,72.9714,,64.01
1595,1595,0,0,1.14,0,0,1.14,0,0,0,0,72.6864,72.6864,125618.4446,127635.9446,72.6864,,63.76
1596,1596,0,0,0.0647,-1,-1.0753,1.14,1,0,1,5,1.973,-3.027,125615.4176,127637.9176,34.7472,,30.48
1597,1597,1,33.33,0.1495,-2,-2.1505,2.3,3,0,2,10,4.9891,-5.0109,125610.4067,127642.9067,76.774,,33.38
1598,1598,3,100,2.3,0,0,2.3,3,0,0,0,136.712,136.712,125747.1187,127779.6187,136.712,,59.44
1599,1599,3,100,2.29,0,0,2.29,3,0,0,0,122.3547,122.3547,125869.4734,127901.9734,122.3547,,53.43
1600,1600,3,100,2.31,0,0,2.31,3,0,0,0,157.542,157.542,126027.0154,128059.5154,157.542,,68.2
1601,1601,3,100,2.31,0,0,2.31,3,0,0,0,162.3237,162.3237,126189.3391,128221.8391,162.3237,,70.27
1602,1602,3,100,1.14,0,0,1.14,3,0,0,0,80.1078,80.1078,126269.4469,128301.9469,80.1078,,70.27
1603,1603,3,100,1.15,0,0,1.15,3,0,0,0,80.8105,80.8105,126350.2574,128382.7574,80.8105,,70.27
1604,1604,3,100,2.3375,1.25,1.1875,1.15,1.75,0,1.25,6.25,164.2561,158.0061,126508.2635,128547.0135,80.8105,,70.27
1605,1605,1.75,58.33,2.8125,1.75,1.6625,1.15,0,0,1.75,8.75,197.6344,188.8844,126697.1479,128744.6479,80.8105,,70.27
1606,1606,0,0,1.15,0,0,1.15,0,0,0,0,78.43,78.43,126775.5779,128823.0779,78.43,,68.2
1607,1607,0,0,1.15,0,0,1.15,0,0,0,0,72.2315,72.2315,126847.8094,128895.3094,72.2315,,62.81
1608,1608,0,0,1.14,0,0,1.14,0,0,0,0,72.9942,72.9942,126920.8036,128968.3036,72.9942,,64.03
1609,1609,0,0,1.15,0,0,1.15,0,0,0,0,74.888,74.888,126995.6916,129043.1916,74.888,,65.12
1610,1610,0,0,1.15,0,0,1.15,0,0,0,0,69.276,69.276,127064.9676,129112.4676,69.276,,60.24
1611,1611,0,0,1.15,0,0,1.15,0,0,0,0,65.3775,65.3775,127130.3451,129177.8451,65.3775,,56.85
1612,1612,0,0,1.15,0,0,1.15,0,0,0,0,63.411,63.411,127193.7561,129241.2561,63.411,,55.14
1613,1613,0,0,1.15,0,0,1.15,0,0,0,0,70.2995,70.2995,127264.0556,129311.5556,70.2995,,61.13
1614,1614,0,0,1.16,0,0,1.16,0,0,0,0,81.0608,81.0608,127345.1164,129392.6164,81.0608,,69.88
1615,1615,0,0,1.16,0,0,1.16,0,0,0,0,70.7484,70.7484,127415.8648,129463.3648,70.7484,,60.99
1616,1616,0,0,1.16,0,0,1.16,0,0,0,0,55.3204,55.3204,127471.1852,129518.6852,55.3204,,47.69
1617,1617,0,0,1.15,0,0,1.15,0,0,0,0,65.3775,65.3775,127536.5627,129584.0627,65.3775,,56.85
1618,1618,0,0,0.0647,-1,-1.0753,1.14,1,0,1,5,2.3459,-2.6541,127533.9086,129586.4086,41.3136,,36.24
1619,1619,1,33.33,1.14,0,0,1.14,1,0,0,0,41.3136,41.3136,127575.2222,129627.7222,41.3136,,36.24
1620,1620,1,33.33,0.0647,-1,-1.0753,1.14,2,0,1,5,1.338,-3.662,127571.5602,129629.0602,23.5638,,20.67
1621,1621,2,66.67,0.0647,-1,-1.0753,1.14,3,0,1,5,2.1413,-2.8587,127568.7015,129631.2015,37.7112,,33.08
1622,1622,3,100,1.14,0,0,1.14,3,0,0,0,41.3136,41.3136,127610.0151,129672.5151,41.3136,,36.24
1623,1623,3,100,1.14,0,0,1.14,3,0,0,0,48.9858,48.9858,127659.0009,129721.5009,48.9858,,42.97
1624,1624,3,100,1.15,0,0,1.15,3,0,0,0,72.1855,72.1855,127731.1864,129793.6864,72.1855,,62.77
1625,1625,3,100,1.14,0,0,1.14,3,0,0,0,75.4224,75.4224,127806.6088,129869.1088,75.4224,,66.16
1626,1626,3,100,2.8025,1.75,1.6625,1.14,1.25,0,1.75,8.75,196.9597,188.2097,127994.8185,130066.0685,80.1192,,70.28
1627,1627,1.25,41.67,2.775,0.5,0.475,2.3,0.75,0,0.5,2.5,195.027,192.527,128187.3455,130261.0955,161.644,,70.28
1628,1628,0.75,25,3,0.75,0.7125,2.3,0,0.0125,0.75,3.75,210.84,207.09,128394.4355,130471.9355,161.644,,70.28
1629,1629,0,0,2.3,0,0,2.3,0,0,0,0,153.088,153.088,128547.5235,130625.0235,153.088,,66.56
1630,1630,0,0,2.3,0,0,2.3,0,0,0,0,111.78,111.78,128659.3035,130736.8035,111.78,,48.6
1631,1631,0,0,0.0747,-1,-1.0753,1.15,1,0,1,5,2.9354,-2.0646,128657.2389,130739.7389,45.172,,39.28
1632,1632,1,33.33,2.1,1,0.95,1.15,0,0,1,5,135.009,130.009,128787.2479,130874.7479,73.9335,,64.29
1633,1633,0,0,1.15,0,0,1.15,0,0,0,0,70.311,70.311,128857.5589,130945.0589,70.311,,61.14
1634,1634,0,0,0.0647,-1,-1.0753,1.14,1,0,1,5,2.5524,-2.4476,128855.1113,130947.6113,44.9502,,39.43
1635,1635,1,33.33,1.15,0,0,1.15,1,0,0,0,62.054,62.054,128917.1653,131009.6653,62.054,,53.96
1636,1636,1,33.33,1.15,0,0,1.15,1,0,0,0,62.7325,62.7325,128979.8978,131072.3978,62.7325,,54.55
1637,1637,1,33.33,2.1,1,0.95,1.15,0,0,1,5,117.663,112.663,129092.5608,131190.0608,64.4345,,56.03
1638,1638,0,0,1.15,0,0,1.15,0,0,0,0,63.1235,63.1235,129155.6843,131253.1843,63.1235,,54.89
1639,1639,0,0,1.15,0,0,1.15,0,0,0,0,34.6035,34.6035,129190.2878,131287.7878,34.6035,,30.09
1640,1640,0,0,1.15,0,0,1.15,0,0,0,0,33.4075,33.4075,129223.6953,131321.1953,33.4075,,29.05
1641,1641,0,0,1.14,0,0,1.14,0,0,0,0,31.92,31.92,129255.6153,131353.1153,31.92,,28
1642,1642,0,0,0.0647,-1,-1.0753,1.14,1,0,1,5,1.0758,-3.9242,129251.6911,131354.1911,18.9468,,16.62
1643,1643,1,33.33,0.0647,-1,-1.0753,1.14,2,0,1,5,0.6719,-4.3281,129247.363,131354.863,11.8332,,10.38
1644,1644,2,66.67,0.0647,-1,-1.0753,1.14,3,0,1,5,0.336,-4.664,129242.699,131355.199,5.9166,,5.19
1645,1645,3,100,0,0,0,0,3,0,0,0,0,0,129242.699,131355.199,0,,10.38
1646,1646,3,100,0,0,0,0,3,0,0,0,0,0,129242.699,131355.199,0,,20.75
1647,1647,3,100,2.3,0,0,2.3,3,0,0,0,59.662,59.662,129302.361,131414.861,59.662,,25.94
1648,1648,3,100,2.3,0,0,2.3,3,0,0,0,83.674,83.674,129386.035,131498.535,83.674,,36.38
1649,1649,3,100,2.3,0,0,2.3,3,0,0,0,128.915,128.915,129514.95,131627.45,128.915,,56.05
1650,1650,3,100,2.3,0,0,2.3,3,0,0,0,153.663,153.663,129668.613,131781.113,153.663,,66.81
1651,1651,3,100,2.9925,0.75,0.7125,2.28,2.25,0,0.75,3.75,211.1209,207.3709,129875.9839,131992.2339,160.854,,70.55
1652,1652,2.25,75,2.765,0.5,0.475,2.29,1.75,0,0.5,2.5,190.3426,187.8426,130063.8265,132182.5765,157.6436,,68.84
1653,1653,1.75,58.33,2.8125,1.75,1.6625,1.15,0,0,1.75,8.75,195.525,186.775,130250.6015,132378.1015,79.948,,69.52
1654,1654,0,0,1.15,0,0,1.15,0,0,0,0,67.85,67.85,130318.4515,132445.9515,67.85,,59
1655,1655,0,0,1.15,0,0,1.15,0,0,0,0,63.963,63.963,130382.4145,132509.9145,63.963,,55.62
1656,1656,0,0,1.15,0,0,1.15,0,0,0,0,73.9795,73.9795,130456.394,132583.894,73.9795,,64.33
1657,1657,0,0,1.15,0,0,1.15,0,0,0,0,60.743,60.743,130517.137,132644.637,60.743,,52.82
1658,1658,0,0,0.0747,-1,-1.0753,1.15,1,0,1,5,2.9467,-2.0533,130515.0837,132647.5837,45.3445,,39.43
1659,1659,1,33.33,0.0747,-1,-1.0753,1.15,2,0,1,5,2.9467,-2.0533,130513.0304,132650.5304,45.3445,,39.43
1660,1660,2,66.67,0.0747,-1,-1.0753,1.15,3,0,1,5,2.9623,-2.0377,130510.9927,132653.4927,45.586,,39.64
1661,1661,3,100,1.15,0,0,1.15,3,0,0,0,58.489,58.489,130569.4817,132711.9817,58.489,,50.86
1662,1662,3,100,1.15,0,0,1.15,3,0,0,0,75.0605,75.0605,130644.5422,132787.0422,75.0605,,65.27
1663,1663,3,100,1.3875,0.25,0.2375,1.15,2.75,0,0.25,1.25,91.7692,90.5192,130735.0614,132878.8114,76.061,,66.14
1664,1664,2.75,91.67,2.8125,1.75,1.6625,1.15,1,0,1.75,8.75,198.4219,189.6719,130924.7333,133077.2333,81.1325,,70.55
1665,1665,1,33.33,1.14,0,0,1.14,1,0,0,0,73.587,73.587,130998.3203,133150.8203,73.587,,64.55
1666,1666,1,33.33,0.0647,-1,-1.0753,1.14,2,0,1,5,3.0223,-1.9777,130996.3426,133153.8426,53.2266,,46.69
1667,1667,2,66.67,1.13,0,0,1.13,2,0,0,0,65.5174,65.5174,131061.86,133219.36,65.5174,,57.98
1668,1668,2,66.67,0.0547,-1,-1.0753,1.13,3,0,1,5,1.3628,-3.6372,131058.2228,133220.7228,28.137,,24.9
1669,1669,3,100,1.14,0,0,1.14,3,0,0,0,62.5518,62.5518,131120.7746,133283.2746,62.5518,,54.87
1670,1670,3,100,0,0,0,0,3,0,0,0,0,0,131120.7746,133283.2746,0,,65.37
1671,1671,3,100,1.15,0,0,1.15,3,0,0,0,73.9795,73.9795,131194.7541,133357.2541,73.9795,,64.33
1672,1672,3,100,0.86,0,0,0.86,3,0,0,0,60.673,60.673,131255.4271,133417.9271,60.673,,70.55
1673,1673,3,100,2.565,1.5,1.425,1.14,1.5,0,1.5,7.5,180.9864,173.4864,131428.9135,133598.9135,80.4384,,70.56
1674,1674,1.5,50,2.775,0.5,0.475,2.3,1,0,0.5,2.5,195.804,193.304,131622.2175,133794.7175,162.288,,70.56
1675,1675,1,33.33,2.765,0.5,0.475,2.29,0.5,0,0.5,2.5,195.0984,192.5984,131814.8159,133989.8159,161.5824,,70.56
1676,1676,0.5,16.67,2.765,0.5,0.475,2.29,0,0,0.5,2.5,195.0984,192.5984,132007.4143,134184.9143,161.5824,,70.56
1677,1677,0,0,1.14,0,0,1.14,0,0,0,0,80.427,80.427,132087.8413,134265.3413,80.427,,70.55
1678,1678,0,0,1.14,0,0,1.14,0,0,0,0,75.9696,75.9696,132163.8109,134341.3109,75.9696,,66.64
1679,1679,0,0,1.15,0,0,1.15,0,0,0,0,75.1755,75.1755,132238.9864,134416.4864,75.1755,,65.37
1680,1680,0,0,1.14,0,0,1.14,0,0,0,0,75.2286,75.2286,132314.215,134491.715,75.2286,,65.99
1681,1681,0,0,1.14,0,0,1.14,0,0,0,0,70.9764,70.9764,132385.1914,134562.6914,70.9764,,62.26
1682,1682,0,0,1.15,0,0,1.15,0,0,0,0,70.403,70.403,132455.5944,134633.0944,70.403,,61.22
1683,1683,0,0,1.15,0,0,1.15,0,0,0,0,69.207,69.207,132524.8014,134702.3014,69.207,,60.18
1684,1684,0,0,1.15,0,0,1.15,0,0,0,0,64.4345,64.4345,132589.2359,134766.7359,64.4345,,56.03
1685,1685,0,0,1.15,0,0,1.15,0,0,0,0,60.8005,60.8005,132650.0364,134827.5364,60.8005,,52.87
1686,1686,0,0,1.15,0,0,1.15,0,0,0,0,76.3715,76.3715,132726.4079,134903.9079,76.3715,,66.41
1687,1687,0,0,1.15,0,0,1.15,0,0,0,0,76.9465,76.9465,132803.3544,134980.8544,76.9465,,66.91
1688,1688,0,0,1.15,0,0,1.15,0,0,0,0,78.752,78.752,132882.1064,135059.6064,78.752,,68.48
1689,1689,0,0,0.0747,-1,-1.0753,1.15,1,0,1,5,3.4892,-1.5108,132880.5956,135063.0956,53.6935,,46.69
1690,1690,1,33.33,1.14,0,0,1.14,1,0,0,0,59.3826,59.3826,132939.9782,135122.4782,59.3826,,52.09
1691,1691,1,33.33,1.13,0,0,1.13,1,0,0,0,55.1101,55.1101,132995.0883,135177.5883,55.1101,,48.77
1692,1692,1,33.33,0.0647,-1,-1.0753,1.14,2,0,1,5,1.048,-3.952,132991.1363,135178.6363,18.4566,,16.19
1693,1693,2,66.67,0.0647,-1,-1.0753,1.14,3,0,1,5,2.3549,-2.6451,132988.4912,135180.9912,41.4732,,36.38
1694,1694,3,100,1.12,0,0,1.12,3,0,0,0,70.224,70.224,133058.7152,135251.2152,70.224,,62.7
1695,1695,3,100,1.13,0,0,1.13,3,0,0,0,68.3424,68.3424,133127.0576,135319.5576,68.3424,,60.48
1696,1696,3,100,1.16,0,0,1.16,3,0,0,0,81.3624,81.3624,133208.42,135400.92,81.3624,,70.14
1697,1697,3,100,1.16,0,0,1.16,3,0,0,0,81.8496,81.8496,133290.2696,135482.7696,81.8496,,70.56
1698,1698,3,100,1.15,0,0,1.15,3,0,0,0,81.144,81.144,133371.4136,135563.9136,81.144,,70.56
1699,1699,3,100,2.3375,1.25,1.1875,1.15,1.75,0,1.25,6.25,164.934,158.684,133530.0976,135728.8476,81.144,,70.56
1700,1700,1.75,58.33,2.8125,1.75,1.6625,1.15,0,0,1.75,8.75,198.45,189.7,133719.7976,135927.2976,81.144,,70.56
1701,1701,0,0,1.15,0,0,1.15,0,0,0,0,81.1325,81.1325,133800.9301,136008.4301,81.1325,,70.55
1702,1702,0,0,1.15,0,0,1.15,0,0,0,0,76.3715,76.3715,133877.3016,136084.8016,76.3715,,66.41
1703,1703,0,0,1.15,0,0,1.15,0,0,0,0,75.1755,75.1755,133952.4771,136159.9771,75.1755,,65.37
1704,1704,0,0,2.23,0,0,2.23,0,0,0,0,146.6448,146.6448,134099.1219,136306.6219,146.6448,,65.76
1705,1705,0,0,2.3,0,0,2.3,0,0,0,0,148.948,148.948,134248.0699,136455.5699,148.948,,64.76
1706,1706,0,0,2.3,0,0,2.3,0,0,0,0,141.289,141.289,134389.3589,136596.8589,141.289,,61.43
1707,1707,0,0,1.15,0,0,1.15,0,0,0,0,66.746,66.746,134456.1049,136663.6049,66.746,,58.04
1708,1708,0,0,1.15,0,0,1.15,0,0,0,0,65.9525,65.9525,134522.0574,136729.5574,65.9525,,57.35
1709,1709,0,0,1.15,0,0,1.15,0,0,0,0,68.517,68.517,134590.5744,136798.0744,68.517,,59.58
1710,1710,0,0,1.15,0,0,1.15,0,0,0,0,70.1615,70.1615,134660.7359,136868.2359,70.1615,,61.01
1711,1711,0,0,1.15,0,0,1.15,0,0,0,0,71.346,71.346,134732.0819,136939.5819,71.346,,62.04
1712,1712,0,0,1.15,0,0,1.15,0,0,0,0,68.1145,68.1145,134800.1964,137007.6964,68.1145,,59.23
1713,1713,0,0,1.13,0,0,1.13,0,0,0,0,71.7663,71.7663,134871.9627,137079.4627,71.7663,,63.51
1714,1714,0,0,0.0547,-1,-1.0753,1.13,1,0,1,5,2.6654,-2.3346,134869.6281,137082.1281,55.031,,48.7
1715,1715,1,33.33,1.14,0,0,1.14,1,0,0,0,63.6576,63.6576,134933.2857,137145.7857,63.6576,,55.84
1716,1716,1,33.33,0.0647,-1,-1.0753,1.14,2,0,1,5,1.0441,-3.9559,134929.3298,137146.8298,18.3882,,16.13
1717,1717,2,66.67,0.0547,-1,-1.0753,1.13,3,0,1,5,2.1504,-2.8496,134926.4802,137148.9802,44.3977,,39.29
1718,1718,3,100,1.14,0,0,1.14,3,0,0,0,67.7958,67.7958,134994.276,137216.776,67.7958,,59.47
1719,1719,3,100,1.15,0,0,1.15,3,0,0,0,73.7035,73.7035,135067.9795,137290.4795,73.7035,,64.09
1720,1720,3,100,1.16,0,0,1.16,3,0,0,0,76.6876,76.6876,135144.6671,137367.1671,76.6876,,66.11
1721,1721,3,100,1.16,0,0,1.16,3,0,0,0,81.548,81.548,135226.2151,137448.7151,81.548,,70.3
1722,1722,3,100,2.8125,1.75,1.6625,1.15,1.25,0,1.75,8.75,197.7469,188.9969,135415.212,137646.462,80.8565,,70.31
1723,1723,1.25,41.67,1.8625,0.75,0.7125,1.15,0.5,0,0.75,3.75,130.9337,127.1837,135542.3957,137777.3957,80.845,,70.3
1724,1724,0.5,16.67,1.635,0.5,0.475,1.16,0,0,0.5,2.5,114.9405,112.4405,135654.8362,137892.3362,81.548,,70.3
1725,1725,0,0,1.15,0,0,1.15,0,0,0,0,80.1435,80.1435,135734.9797,137972.4797,80.1435,,69.69
1726,1726,0,0,1.16,0,0,1.16,0,0,0,0,69.252,69.252,135804.2317,138041.7317,69.252,,59.7
1727,1727,0,0,1.16,0,0,1.16,0,0,0,0,71.8272,71.8272,135876.0589,138113.5589,71.8272,,61.92
1728,1728,0,0,1.15,0,0,1.15,0,0,0,0,72.749,72.749,135948.8079,138186.3079,72.749,,63.26
1729,1729,0,0,1.15,0,0,1.15,0,0,0,0,68.5515,68.5515,136017.3594,138254.8594,68.5515,,59.61
1730,1730,0,0,1.15,0,0,1.15,0,0,0,0,68.5515,68.5515,136085.9109,138323.4109,68.5515,,59.61
1731,1731,0,0,1.15,0,0,1.15,0,0,0,0,62.0885,62.0885,136147.9994,138385.4994,62.0885,,53.99
1732,1732,0,0,0.0747,-1,-1.0753,1.15,1,0,1,5,3.6476,-1.3524,136146.647,138389.147,56.1315,,48.81
1733,1733,1,33.33,1.16,0,0,1.16,1,0,0,0,68.2196,68.2196,136214.8666,138457.3666,68.2196,,58.81
1734,1734,1,33.33,1.635,0.5,0.475,1.16,0.5,0,0.5,2.5,109.1035,106.6035,136321.4701,138566.4701,77.4068,,66.73
1735,1735,0.5,16.67,1.16,0,0,1.16,0.5,0,0,0,75.11,75.11,136396.5801,138641.5801,75.11,,64.75
1736,1736,0.5,16.67,2.785,0.5,0.475,2.31,0,0,0.5,2.5,185.8431,183.3431,136579.9232,138827.4232,154.1463,,66.73
1737,1737,0,0,2.31,0,0,2.31,0,0,0,0,141.2334,141.2334,136721.1566,138968.6566,141.2334,,61.14
1738,1738,0,0,2.29,0,0,2.29,0,0,0,0,116.9961,116.9961,136838.1527,139085.6527,116.9961,,51.09
1739,1739,0,0,1.2147,-1,-1.0753,2.29,1,0,1,5,57.9062,52.9062,136891.0589,139143.5589,109.1643,,47.67
1740,1740,1,33.33,0.0647,-1,-1.0753,1.14,2,0,1,5,0.6719,-4.3281,136886.7308,139144.2308,11.8332,,10.38
1741,1741,2,66.67,0.0547,-1,-1.0753,1.13,3,0,1,5,1.4909,-3.5091,136883.2217,139145.7217,30.7812,,27.24
1742,1742,3,100,1.14,0,0,1.14,3,0,0,0,61.4346,61.4346,136944.6563,139207.1563,61.4346,,53.89
1743,1743,3,100,1.14,0,0,1.14,3,0,0,0,69.5628,69.5628,137014.2191,139276.7191,69.5628,,61.02
1744,1744,3,100,1.15,0,0,1.15,3,0,0,0,74.6005,74.6005,137088.8196,139351.3196,74.6005,,64.87
1745,1745,3,100,1.15,0,0,1.15,3,0,0,0,81.0405,81.0405,137169.8601,139432.3601,81.0405,,70.47
1746,1746,3,100,1.15,0,0,1.15,3,0,0,0,81.0405,81.0405,137250.9006,139513.4006,81.0405,,70.47
1747,1747,3,100,1.3975,0.25,0.2375,1.16,2.75,0,0.25,1.25,98.4818,97.2318,137348.1324,139611.8824,81.7452,,70.47
1748,1748,2.75,91.67,2.1,1,0.95,1.15,1.75,0,1,5,147.987,142.987,137491.1194,139759.8694,81.0405,,70.47
1749,1749,1.75,58.33,2.8025,1.75,1.6625,1.14,0,0,1.75,8.75,197.4922,188.7422,137679.8616,139957.3616,80.3358,,70.47
1750,1750,0,0,1.16,0,0,1.16,0,0,0,0,75.2144,75.2144,137755.076,140032.576,75.2144,,64.84
1751,1751,0,0,1.16,0,0,1.16,0,0,0,0,75.6784,75.6784,137830.7544,140108.2544,75.6784,,65.24
1752,1752,0,0,1.14,0,0,1.14,0,0,0,0,70.2924,70.2924,137901.0468,140178.5468,70.2924,,61.66
1753,1753,0,0,1.16,0,0,1.16,0,0,0,0,69.4956,69.4956,137970.5424,140248.0424,69.4956,,59.91
1754,1754,0,0,1.16,0,0,1.16,0,0,0,0,67.5352,67.5352,138038.0776,140315.5776,67.5352,,58.22
1755,1755,0,0,0.0747,-1,-1.0753,1.15,1,0,1,5,3.4615,-1.5385,138036.5391,140319.0391,53.268,,46.32
1756,1756,1,33.33,1.15,0,0,1.15,1,0,0,0,59.1905,59.1905,138095.7296,140378.2296,59.1905,,51.47
1757,1757,1,33.33,1.16,0,0,1.16,1,0,0,0,67.2104,67.2104,138162.94,140445.44,67.2104,,57.94
1758,1758,1,33.33,1.16,0,0,1.16,1,0,0,0,75.8756,75.8756,138238.8156,140521.3156,75.8756,,65.41
1759,1759,1,33.33,1.17,0,0,1.17,1,0,0,0,77.0328,77.0328,138315.8484,140598.3484,77.0328,,65.84
1760,1760,1,33.33,1.16,0,0,1.16,1,0,0,0,76.966,76.966,138392.8144,140675.3144,76.966,,66.35
1761,1761,1,33.33,1.15,0,0,1.15,1,0,0,0,73.922,73.922,138466.7364,140749.2364,73.922,,64.28
1762,1762,1,33.33,1.14,0,0,1.14,1,0,0,0,70.3608,70.3608,138537.0972,140819.5972,70.3608,,61.72
1763,1763,1,33.33,1.14,0,0,1.14,1,0,0,0,66.8952,66.8952,138603.9924,140886.4924,66.8952,,58.68
1764,1764,1,33.33,0.0647,-1,-1.0753,1.14,2,0,1,5,1.4086,-3.5914,138600.401,140887.901,24.8064,,21.76
1765,1765,2,66.67,0.0647,-1,-1.0753,1.14,3,0,1,5,2.142,-2.858,138597.543,140890.043,37.7226,,33.09
1766,1766,3,100,1.14,0,0,1.14,3,0,0,0,70.2924,70.2924,138667.8354,140960.3354,70.2924,,61.66
1767,1767,3,100,1.14,0,0,1.14,3,0,0,0,68.0694,68.0694,138735.9048,141028.4048,68.0694,,59.71
1768,1768,3,100,1.16,0,0,1.16,3,0,0,0,81.2,81.2,138817.1048,141109.6048,81.2,,70
1769,1769,3,100,1.15,0,0,1.15,3,0,0,0,80.5,80.5,138897.6048,141190.1048,80.5,,70
1770,1770,3,100,1.16,0,0,1.16,3,0,0,0,81.2,81.2,138978.8048,141271.3048,81.2,,70
1771,1771,3,100,1.17,0,0,1.17,3,0,0,0,81.9,81.9,139060.7048,141353.2048,81.9,,70
1772,1772,3,100,1.16,0,0,1.16,3,0,0,0,81.2,81.2,139141.9048,141434.4048,81.2,,70
1773,1773,3,100,2.3475,1.25,1.1875,1.16,1.75,0,1.25,6.25,164.325,158.075,139299.9798,141598.7298,81.2,,70
1774,1774,1.75,58.33,2.8225,1.75,1.6625,1.16,0,0,1.75,8.75,197.575,188.825,139488.8048,141796.3048,81.2,,70
1775,1775,0,0,1.16,0,0,1.16,0,0,0,0,77.6156,77.6156,139566.4204,141873.9204,77.6156,,66.91
1776,1776,0,0,1.16,0,0,1.16,0,0,0,0,76.2004,76.2004,139642.6208,141950.1208,76.2004,,65.69
1777,1777,0,0,1.16,0,0,1.16,0,0,0,0,75.7596,75.7596,139718.3804,142025.8804,75.7596,,65.31
1778,1778,0,0,1.15,0,0,1.15,0,0,0,0,76.038,76.038,139794.4184,142101.9184,76.038,,66.12
1779,1779,0,0,1.16,0,0,1.16,0,0,0,0,80.5272,80.5272,139874.9456,142182.4456,80.5272,,69.42
1780,1780,0,0,1.15,0,0,1.15,0,0,0,0,78.4185,78.4185,139953.3641,142260.8641,78.4185,,68.19
1781,1781,0,0,1.16,0,0,1.16,0,0,0,0,81.0028,81.0028,140034.3669,142341.8669,81.0028,,69.83
1782,1782,0,0,1.16,0,0,1.16,0,0,0,0,81.0028,81.0028,140115.3697,142422.8697,81.0028,,69.83
1783,1783,0,0,1.16,0,0,1.16,0,0,0,0,73.5672,73.5672,140188.9369,142496.4369,73.5672,,63.42
1784,1784,0,0,1.15,0,0,1.15,0,0,0,0,61.9275,61.9275,140250.8644,142558.3644,61.9275,,53.85
1785,1785,0,0,1.13,0,0,1.13,0,0,0,0,69.4837,69.4837,140320.3481,142627.8481,69.4837,,61.49
1786,1786,0,0,1.13,0,0,1.13,0,0,0,0,56.9294,56.9294,140377.2775,142684.7775,56.9294,,50.38
1787,1787,0,0,0.0747,-1,-1.0753,1.15,1,0,1,5,3.6835,-1.3165,140375.961,142688.461,56.6835,,49.29
1788,1788,1,33.33,0.0647,-1,-1.0753,1.14,2,0,1,5,1.3296,-3.6704,140372.2906,142689.7906,23.4156,,20.54
1789,1789,2,66.67,0.0647,-1,-1.0753,1.14,3,0,1,5,2.5258,-2.4742,140369.8164,142692.3164,44.4828,,39.02
1790,1790,3,100,1.15,0,0,1.15,3,0,0,0,65.665,65.665,140435.4814,142757.9814,65.665,,57.1
1791,1791,3,100,1.15,0,0,1.15,3,0,0,0,71.185,71.185,140506.6664,142829.1664,71.185,,61.9
1792,1792,3,100,1.15,0,0,1.15,3,0,0,0,73.9335,73.9335,140580.5999,142903.0999,73.9335,,64.29
1793,1793,3,100,1.16,0,0,1.16,3,0,0,0,81.0028,81.0028,140661.6027,142984.1027,81.0028,,69.83
1794,1794,3,100,1.16,0,0,1.16,3,0,0,0,81.0028,81.0028,140742.6055,143065.1055,81.0028,,69.83
1795,1795,3,100,1.16,0,0,1.16,3,0,0,0,81.0028,81.0028,140823.6083,143146.1083,81.0028,,69.83
1796,1796,3,100,2.3375,1.25,1.1875,1.15,1.75,0,1.25,6.25,163.2276,156.9776,140980.5859,143309.3359,80.3045,,69.83
1797,1797,1.75,58.33,2.8225,1.75,1.6625,1.16,0,0,1.75,8.75,197.0952,188.3452,141168.9311,143506.4311,81.0028,,69.83
1798,1798,0,0,1.16,0,0,1.16,0,0,0,0,78.6248,78.6248,141247.5559,143585.0559,78.6248,,67.78
1799,1799,0,0,1.16,0,0,1.16,0,0,0,0,75.7596,75.7596,141323.3155,143660.8155,75.7596,,65.31
1800,1800,0,0,1.16,0,0,1.16,0,0,0,0,75.9336,75.9336,141399.2491,143736.7491,75.9336,,65.46
1801,1801,0,0,1.16,0,0,1.16,0,0,0,0,75.458,75.458,141474.7071,143812.2071,75.458,,65.05
1802,1802,0,0,1.15,0,0,1.15,0,0,0,0,67.3785,67.3785,141542.0856,143879.5856,67.3785,,58.59
1803,1803,0,0,1.16,0,0,1.16,0,0,0,0,74.2748,74.2748,141616.3604,143953.8604,74.2748,,64.03
1804,1804,0,0,1.16,0,0,1.16,0,0,0,0,74.5996,74.5996,141690.96,144028.46,74.5996,,64.31
1805,1805,0,0,1.16,0,0,1.16,0,0,0,0,74.5996,74.5996,141765.5596,144103.0596,74.5996,,64.31
1806,1806,0,0,1.16,0,0,1.16,0,0,0,0,75.7944,75.7944,141841.354,144178.854,75.7944,,65.34
1807,1807,0,0,1.17,0,0,1.17,0,0,0,0,72.9378,72.9378,141914.2918,144251.7918,72.9378,,62.34
1808,1808,0,0,1.15,0,0,1.15,0,0,0,0,52.9345,52.9345,141967.2263,144304.7263,52.9345,,46.03
1809,1809,0,0,1.15,0,0,1.15,0,0,0,0,35.282,35.282,142002.5083,144340.0083,35.282,,30.68
1810,1810,0,0,0.0647,-1,-1.0753,1.14,1,0,1,5,1.2538,-3.7462,141998.7621,144341.2621,22.0818,,19.37
1811,1811,1,33.33,1.14,0,0,1.14,1,0,0,0,24.2934,24.2934,142023.0555,144365.5555,24.2934,,21.31
1812,1812,1,33.33,0.0747,-1,-1.0753,1.15,2,0,1,5,0.544,-4.456,142018.5995,144366.0995,8.372,,7.28
1813,1813,2,66.67,0.0647,-1,-1.0753,1.14,3,0,1,5,1.3244,-3.6756,142014.9239,144367.4239,23.3244,,20.46
1814,1814,3,100,1.15,0,0,1.15,3,0,0,0,35.282,35.282,142050.2059,144402.7059,35.282,,30.68
1815,1815,3,100,0,0,0,0,3,0,0,0,0,0,142050.2059,144402.7059,0,,61.37
1816,1816,3,100,0,0,0,0,3,0,0,0,0,0,142050.2059,144402.7059,0,,69.55
1817,1817,3,100,1.16,0,0,1.16,3,0,0,0,80.678,80.678,142130.8839,144483.3839,80.678,,69.55
1818,1818,3,100,1.16,0,0,1.16,3,0,0,0,80.678,80.678,142211.5619,144564.0619,80.678,,69.55
1819,1819,3,100,1.16,0,0,1.16,3,0,0,0,80.678,80.678,142292.2399,144644.7399,80.678,,69.55
1820,1820,3,100,2.585,1.5,1.425,1.16,1.5,0,1.5,7.5,179.7867,172.2867,142464.5266,144824.5266,80.678,,69.55
1821,1821,1.5,50,2.585,1.5,1.425,1.16,0,0,1.5,7.5,179.7867,172.2867,142636.8133,145004.3133,80.678,,69.55
1822,1822,0,0,1.16,0,0,1.16,0,0,0,0,62.8372,62.8372,142699.6505,145067.1505,62.8372,,54.17
1823,1823,0,0,1.16,0,0,1.16,0,0,0,0,69.9016,69.9016,142769.5521,145137.0521,69.9016,,60.26
1824,1824,0,0,1.16,0,0,1.16,0,0,0,0,76.6412,76.6412,142846.1933,145213.6933,76.6412,,66.07
1825,1825,0,0,1.16,0,0,1.16,0,0,0,0,69.9944,69.9944,142916.1877,145283.6877,69.9944,,60.34
1826,1826,0,0,1.15,0,0,1.15,0,0,0,0,61.5365,61.5365,142977.7242,145345.2242,61.5365,,53.51
1827,1827,0,0,0.0747,-1,-1.0753,1.15,1,0,1,5,3.4399,-1.5601,142976.1641,145348.6641,52.9345,,46.03
1828,1828,1,33.33,0.0847,-1,-1.0753,1.16,2,0,1,5,3.9002,-1.0998,142975.0643,145352.5643,53.3948,,46.03
1829,1829,2,66.67,1.15,0,0,1.15,2,0,0,0,59.455,59.455,143034.5193,145412.0193,59.455,,51.7
1830,1830,2,66.67,0.0747,-1,-1.0753,1.15,3,0,1,5,3.6611,-1.3389,143033.1804,145415.6804,56.3385,,48.99
1831,1831,3,100,1.15,0,0,1.15,3,0,0,0,78.8095,78.8095,143111.9899,145494.4899,78.8095,,68.53
1832,1832,3,100,1.15,0,0,1.15,3,0,0,0,79.9825,79.9825,143191.9724,145574.4724,79.9825,,69.55
1833,1833,3,100,2.1,1,0.95,1.15,2,0,1,5,146.055,141.055,143333.0274,145720.5274,79.9825,,69.55
1834,1834,2,66.67,1.14,0,0,1.14,2,0,0,0,75.5592,75.5592,143408.5866,145796.0866,75.5592,,66.28
1835,1835,2,66.67,1.14,0,0,1.14,2,0,0,0,73.872,73.872,143482.4586,145869.9586,73.872,,64.8
1836,1836,2,66.67,0.0647,-1,-1.0753,1.14,3,0,1,5,2.8546,-2.1454,143480.3132,145872.8132,50.274,,44.1
1837,1837,3,100,1.14,0,0,1.14,3,0,0,0,68.6508,68.6508,143548.964,145941.464,68.6508,,60.22
1838,1838,3,100,1.14,0,0,1.14,3,0,0,0,79.0476,79.0476,143628.0116,146020.5116,79.0476,,69.34
1839,1839,3,100,1.15,0,0,1.15,3,0,0,0,79.9825,79.9825,143707.9941,146100.4941,79.9825,,69.55
1840,1840,3,100,1.15,0,0,1.15,3,0,0,0,79.9825,79.9825,143787.9766,146180.4766,79.9825,,69.55
1841,1841,3,100,1.07,0,0,1.07,3,0,0,0,74.4185,74.4185,143862.3951,146254.8951,74.4185,,69.55
1842,1842,3,100,1.06,0,0,1.06,3,0,0,0,73.723,73.723,143936.1181,146328.6181,73.723,,69.55
1843,1843,3,100,1.06,0,0,1.06,3,0,0,0,73.723,73.723,144009.8411,146402.3411,73.723,,69.55
1844,1844,3,100,1.06,0,0,1.06,3,0,0,0,73.723,73.723,144083.5641,146476.0641,73.723,,69.55
1845,1845,3,100,1.07,0,0,1.07,3,0,0,0,74.4185,74.4185,144157.9826,146550.4826,74.4185,,69.55
1846,1846,3,100,1.06,0,0,1.06,3,0,0,0,73.723,73.723,144231.7056,146624.2056,73.723,,69.55
1847,1847,3,100,1.07,0,0,1.07,3,0,0,0,69.5179,69.5179,144301.2235,146693.7235,69.5179,,64.97
1848,1848,3,100,1.06,0,0,1.06,3,0,0,0,68.7092,68.7092,144369.9327,146762.4327,68.7092,,64.82
1849,1849,3,100,1.06,0,0,1.06,3,0,0,0,57.3778,57.3778,144427.3105,146819.8105,57.3778,,54.13
1850,1850,3,100,1.06,0,0,1.06,3,0,0,0,62.8792,62.8792,144490.1897,146882.6897,62.8792,,59.32
1851,1851,3,100,1.07,0,0,1.07,3,0,0,0,57.9191,57.9191,144548.1088,146940.6088,57.9191,,54.13
1852,1852,3,100,1.07,0,0,1.07,3,0,0,0,57.0203,57.0203,144605.1291,146997.6291,57.0203,,53.29
1853,1853,3,100,1.05,0,0,1.05,3,0,0,0,55.503,55.503,144660.6321,147053.1321,55.503,,52.86
1854,1854,3,100,1.06,0,0,1.06,3,0,0,0,65.0522,65.0522,144725.6843,147118.1843,65.0522,,61.37
1855,1855,3,100,1.06,0,0,1.06,3,0,0,0,62.8792,62.8792,144788.5635,147181.0635,62.8792,,59.32
1856,1856,3,100,1.15,0,0,1.15,3,0,0,0,79.9825,79.9825,144868.546,147261.046,79.9825,,69.55
1857,1857,3,100,1.14,0,0,1.14,3,0,0,0,79.059,79.059,144947.605,147340.105,79.059,,69.35
1858,1858,3,100,1.15,0,0,1.15,3,0,0,0,74.6695,74.6695,145022.2745,147414.7745,74.6695,,64.93
1859,1859,3,100,1.15,0,0,1.15,3,0,0,0,61.5365,61.5365,145083.811,147476.311,61.5365,,53.51
1860,1860,3,100,1.15,0,0,1.15,3,0,0,0,60.789,60.789,145144.6,147537.1,60.789,,52.86
1861,1861,3,100,1.15,0,0,1.15,3,0,0,0,70.5295,70.5295,145215.1295,147607.6295,70.5295,,61.33
1862,1862,3,100,1.15,0,0,1.15,3,0,0,0,79.741,79.741,145294.8705,147687.3705,79.741,,69.34
1863,1863,3,100,1.16,0,0,1.16,3,0,0,0,80.2024,80.2024,145375.0729,147767.5729,80.2024,,69.14
1864,1864,3,100,1.16,0,0,1.16,3,0,0,0,80.678,80.678,145455.7509,147848.2509,80.678,,69.55
1865,1865,3,100,1.16,0,0,1.16,3,0,0,0,80.678,80.678,145536.4289,147928.9289,80.678,,69.55
1866,1866,3,100,1.16,0,0,1.16,3,0,0,0,80.678,80.678,145617.1069,148009.6069,80.678,,69.55
1867,1867,3,100,1.16,0,0,1.16,3,0,0,0,80.678,80.678,145697.7849,148090.2849,80.678,,69.55
1868,1868,3,100,2.585,1.5,1.425,1.16,1.5,0,1.5,7.5,179.7867,172.2867,145870.0716,148270.0716,80.678,,69.55
1869,1869,1.5,50,2.585,1.5,1.425,1.16,0,0,1.5,7.5,179.7867,172.2867,146042.3583,148449.8583,80.678,,69.55
1870,1870,0,0,1.16,0,0,1.16,0,0,0,0,75.9104,75.9104,146118.2687,148525.7687,75.9104,,65.44
1871,1871,0,0,1.16,0,0,1.16,0,0,0,0,75.458,75.458,146193.7267,148601.2267,75.458,,65.05
1872,1872,0,0,1.15,0,0,1.15,0,0,0,0,77.7285,77.7285,146271.4552,148678.9552,77.7285,,67.59
1873,1873,0,0,1.16,0,0,1.16,0,0,0,0,73.0916,73.0916,146344.5468,148752.0468,73.0916,,63.01
1874,1874,0,0,1.16,0,0,1.16,0,0,0,0,71.2704,71.2704,146415.8172,148823.3172,71.2704,,61.44
1875,1875,0,0,0.0847,-1,-1.0753,1.16,1,0,1,5,4.2535,-0.7465,146415.0707,148827.5707,58.232,,50.2
1876,1876,1,33.33,0.0847,-1,-1.0753,1.16,2,0,1,5,4.1374,-0.8626,146414.2081,148831.7081,56.6428,,48.83
1877,1877,2,66.67,0.0847,-1,-1.0753,1.16,3,0,1,5,4.0798,-0.9202,146413.2879,148835.7879,55.854,,48.15
1878,1878,3,100,1.15,0,0,1.15,3,0,0,0,63.595,63.595,146476.8829,148899.3829,63.595,,55.3
1879,1879,3,100,1.17,0,0,1.17,3,0,0,0,74.1429,74.1429,146551.0258,148973.5258,74.1429,,63.37
1880,1880,3,100,1.16,0,0,1.16,3,0,0,0,80.7824,80.7824,146631.8082,149054.3082,80.7824,,69.64
1881,1881,3,100,2.3375,1.25,1.1875,1.15,1.75,0,1.25,6.25,162.7835,156.5335,146788.3417,149217.0917,80.086,,69.64
1882,1882,1.75,58.33,1.05,0,0,1.05,1.75,0,0,0,67.6305,67.6305,146855.9722,149284.7222,67.6305,,64.41
1883,1883,1.75,58.33,1.03,0,0,1.03,1.75,0,0,0,65.3329,65.3329,146921.3051,149350.0551,65.3329,,63.43
1884,1884,1.75,58.33,0.2535,-0.75,-0.8065,1.06,2.5,0,0.75,3.75,11.9447,8.1947,146929.4998,149361.9998,49.9366,,47.11
1885,1885,2.5,83.33,1.04,0,0,1.04,2.5,0,0,0,55.0472,55.0472,146984.547,149417.047,55.0472,,52.93
1886,1886,2.5,83.33,1.06,0,0,1.06,2.5,0,0,0,67.9566,67.9566,147052.5036,149485.0036,67.9566,,64.11
1887,1887,2.5,83.33,1.06,0,0,1.06,2.5,0,0,0,67.2994,67.2994,147119.803,149552.303,67.2994,,63.49
1888,1888,2.5,83.33,2.495,1.5,1.425,1.07,1,0,1.5,7.5,173.7518,166.2518,147286.0548,149726.0548,74.5148,,69.64
1889,1889,1,33.33,0.97,0,0,0.97,1,0,0,0,67.5508,67.5508,147353.6056,149793.6056,67.5508,,69.64
1890,1890,1,33.33,1.1975,0.25,0.2375,0.96,0.75,0,0.25,1.25,83.3939,82.1439,147435.7495,149876.9995,66.8544,,69.64
1891,1891,0.75,25,0.97,0,0,0.97,0.75,0,0,0,67.5508,67.5508,147503.3003,149944.5503,67.5508,,69.64
1892,1892,0.75,25,0.97,0,0,0.97,0.75,0,0,0,67.5508,67.5508,147570.8511,150012.1011,67.5508,,69.64
1893,1893,0.75,25,0.97,0,0,0.97,0.75,0,0,0,67.5508,67.5508,147638.4019,150079.6519,67.5508,,69.64
1894,1894,0.75,25,0.96,0,0,0.96,0.75,0,0,0,60.1056,60.1056,147698.5075,150139.7575,60.1056,,62.61
1895,1895,0.75,25,0.97,0,0,0.97,0.75,0,0,0,61.5271,61.5271,147760.0346,150201.2846,61.5271,,63.43
1896,1896,0.75,25,0.96,0,0,0.96,0.75,0,0,0,62.1216,62.1216,147822.1562,150263.4062,62.1216,,64.71
1897,1897,0.75,25,0.96,0,0,0.96,0.75,0,0,0,64.0128,64.0128,147886.169,150327.419,64.0128,,66.68
1898,1898,0.75,25,0.1535,-0.75,-0.8065,0.96,1.5,0,0.75,3.75,7.573,3.823,147889.992,150334.992,47.3472,,49.32
1899,1899,1.5,50,0.1535,-0.75,-0.8065,0.96,2.25,0,0.75,3.75,7.2552,3.5052,147893.4972,150342.2472,45.36,,47.25
1900,1900,2.25,75,0.1535,-0.75,-0.8065,0.96,3,0,0.75,3.75,7.573,3.823,147897.3202,150349.8202,47.3472,,49.32
1901,1901,3,100,0.51,0,0,0.51,3,0,0,0,27.2289,27.2289,147924.5491,150377.0491,27.2289,,53.39
1902,1902,3,100,0.97,0,0,0.97,3,0,0,0,61.6338,61.6338,147986.1829,150438.6829,61.6338,,63.54
1903,1903,3,100,0.97,0,0,0.97,3,0,0,0,67.7448,67.7448,148053.9277,150506.4277,67.7448,,69.84
1904,1904,3,100,1.6825,0.75,0.7125,0.97,2.25,0,0.75,3.75,117.5058,113.7558,148167.6835,150623.9335,67.7448,,69.84
1905,1905,2.25,75,0.95,0,0,0.95,2.25,0,0,0,64.4005,64.4005,148232.084,150688.334,64.4005,,67.79
1906,1906,2.25,75,0.96,0,0,0.96,2.25,0,0,0,59.1648,59.1648,148291.2488,150747.4988,59.1648,,61.63
1907,1907,2.25,75,0.96,0,0,0.96,2.25,0,0,0,60.1056,60.1056,148351.3544,150807.6044,60.1056,,62.61
1908,1908,2.25,75,0.1435,-0.75,-0.8065,0.95,3,0,0.75,3.75,5.1606,1.4106,148352.765,150812.765,34.1525,,35.95
1909,1909,3,100,1.04,0,0,1.04,3,0,0,0,60.4032,60.4032,148413.1682,150873.1682,60.4032,,58.08
1910,1910,3,100,1.05,0,0,1.05,3,0,0,0,72.261,72.261,148485.4292,150945.4292,72.261,,68.82
1911,1911,3,100,1.05,0,0,1.05,3,0,0,0,73.332,73.332,148558.7612,151018.7612,73.332,,69.84
1912,1912,3,100,1.07,0,0,1.07,3,0,0,0,74.7288,74.7288,148633.49,151093.49,74.7288,,69.84
1913,1913,3,100,1.06,0,0,1.06,3,0,0,0,74.0304,74.0304,148707.5204,151167.5204,74.0304,,69.84
1914,1914,3,100,1.06,0,0,1.06,3,0,0,0,74.0304,74.0304,148781.5508,151241.5508,74.0304,,69.84
1915,1915,3,100,1.07,0,0,1.07,3,0,0,0,74.7288,74.7288,148856.2796,151316.2796,74.7288,,69.84
1916,1916,3,100,2.02,1,0.95,1.07,2,0,1,5,141.0768,136.0768,148992.3564,151457.3564,74.7288,,69.84
1917,1917,2,66.67,2.96,2,1.9,1.06,0,0,2,10,206.7264,196.7264,149189.0828,151664.0828,74.0304,,69.84
1918,1918,0,0,1.06,0,0,1.06,0,0,0,0,56.5934,56.5934,149245.6762,151720.6762,56.5934,,53.39
1919,1919,0,0,1.06,0,0,1.06,0,0,0,0,66.3666,66.3666,149312.0428,151787.0428,66.3666,,62.61
1920,1920,0,0,1.06,0,0,1.06,0,0,0,0,66.727,66.727,149378.7698,151853.7698,66.727,,62.95
1921,1921,0,0,1.06,0,0,1.06,0,0,0,0,66.5044,66.5044,149445.2742,151920.2742,66.5044,,62.74
1922,1922,0,0,1.05,0,0,1.05,0,0,0,0,56.5425,56.5425,149501.8167,151976.8167,56.5425,,53.85
1923,1923,0,0,1.06,0,0,1.06,0,0,0,0,56.7312,56.7312,149558.5479,152033.5479,56.7312,,53.52
1924,1924,0,0,0.2535,-0.75,-0.8065,1.06,0.75,0,0.75,3.75,11.2829,7.5329,149566.0808,152044.8308,47.17,,44.5
1925,1925,0.75,25,0.0747,-1,-1.0753,1.15,1.75,0,1,5,2.9227,-2.0773,149564.0035,152047.7535,44.9765,,39.11
1926,1926,1.75,58.33,1.16,0,0,1.16,1.75,0,0,0,73.022,73.022,149637.0255,152120.7755,73.022,,62.95
1927,1927,1.75,58.33,1.16,0,0,1.16,1.75,0,0,0,76.4092,76.4092,149713.4347,152197.1847,76.4092,,65.87
1928,1928,1.75,58.33,2.8225,1.75,1.6625,1.16,0,0,1.75,8.75,197.5468,188.7968,149902.2315,152394.7315,81.1884,,69.99
1929,1929,0,0,1.15,0,0,1.15,0,0,0,0,70.8745,70.8745,149973.106,152465.606,70.8745,,61.63
1930,1930,0,0,1.16,0,0,1.16,0,0,0,0,34.8348,34.8348,150007.9408,152500.4408,34.8348,,30.03
1931,1931,0,0,0.0747,-1,-1.0753,1.15,1,0,1,5,1.538,-3.462,150004.4788,152501.9788,23.667,,20.58
1932,1932,1,33.33,0.0747,-1,-1.0753,1.15,2,0,1,5,0.2003,-4.7997,149999.6791,152502.1791,3.082,,2.68
1933,1933,2,66.67,0.0747,-1,-1.0753,1.15,3,0,1,5,0.2003,-4.7997,149994.8794,152502.3794,3.082,,2.68
1934,1934,3,100,1.15,0,0,1.15,3,0,0,0,33.143,33.143,150028.0224,152535.5224,33.143,,28.82
1935,1935,3,100,1.16,0,0,1.16,3,0,0,0,33.4312,33.4312,150061.4536,152568.9536,33.4312,,28.82
1936,1936,3,100,1.17,0,0,1.17,3,0,0,0,76.9977,76.9977,150138.4513,152645.9513,76.9977,,65.81
1937,1937,3,100,1.16,0,0,1.16,3,0,0,0,81.1884,81.1884,150219.6397,152727.1397,81.1884,,69.99
1938,1938,3,100,1.16,0,0,1.16,3,0,0,0,81.1884,81.1884,150300.8281,152808.3281,81.1884,,69.99
1939,1939,3,100,1.16,0,0,1.16,3,0,0,0,81.1884,81.1884,150382.0165,152889.5165,81.1884,,69.99
1940,1940,3,100,1.3975,0.25,0.2375,1.16,2.75,0,0.25,1.25,97.811,96.561,150478.5775,152987.3275,81.1884,,69.99
1941,1941,2.75,91.67,1.16,0,0,1.16,2.75,0,0,0,77.604,77.604,150556.1815,153064.9315,77.604,,66.9
1942,1942,2.75,91.67,1.17,0,0,1.17,2.75,0,0,0,69.8373,69.8373,150626.0188,153134.7688,69.8373,,59.69
1943,1943,2.75,91.67,1.17,0,0,1.17,2.75,0,0,0,72.2241,72.2241,150698.2429,153206.9929,72.2241,,61.73
1944,1944,2.75,91.67,1.16,0,0,1.16,2.75,0,0,0,71.6068,71.6068,150769.8497,153278.5997,71.6068,,61.73
1945,1945,2.75,91.67,1.14,0,0,1.14,2.75,0,0,0,71.0334,71.0334,150840.8831,153349.6331,71.0334,,62.31
1946,1946,2.75,91.67,1.14,0,0,1.14,2.75,0,0,0,68.286,68.286,150909.1691,153417.9191,68.286,,59.9
1947,1947,2.75,91.67,1.16,0,0,1.16,2.75,0,0,0,64.3336,64.3336,150973.5027,153482.2527,64.3336,,55.46
1948,1948,2.75,91.67,1.16,0,0,1.16,2.75,0,0,0,70.4352,70.4352,151043.9379,153552.6879,70.4352,,60.72
1949,1949,2.75,91.67,1.16,0,0,1.16,2.75,0,0,0,72.9756,72.9756,151116.9135,153625.6635,72.9756,,62.91
1950,1950,2.75,91.67,1.7725,0.75,0.7125,1.06,2,0,0.75,3.75,124.0573,120.3073,151237.2208,153749.7208,74.1894,,69.99
1951,1951,2,66.67,1.545,0.5,0.475,1.07,1.5,0,0.5,2.5,108.1345,105.6345,151342.8553,153857.8553,74.8893,,69.99
1952,1952,1.5,50,1.05,0,0,1.05,1.5,0,0,0,73.4895,73.4895,151416.3448,153931.3448,73.4895,,69.99
1953,1953,1.5,50,1.05,0,0,1.05,1.5,0,0,0,73.4895,73.4895,151489.8343,154004.8343,73.4895,,69.99
1954,1954,1.5,50,1.04,0,0,1.04,1.5,0,0,0,67.0072,67.0072,151556.8415,154071.8415,67.0072,,64.43
1955,1955,1.5,50,1.04,0,0,1.04,1.5,0,0,0,57.8032,57.8032,151614.6447,154129.6447,57.8032,,55.58
1956,1956,1.5,50,0.2335,-0.75,-0.8065,1.04,2.25,0,0.75,3.75,6.7192,2.9692,151617.6139,154136.3639,29.9208,,28.77
1957,1957,2.25,75,0.2535,-0.75,-0.8065,1.06,3,0,0.75,3.75,9.394,5.644,151623.2579,154145.7579,39.273,,37.05
1958,1958,3,100,1.06,0,0,1.06,3,0,0,0,61.5436,61.5436,151684.8015,154207.3015,61.5436,,58.06
1959,1959,3,100,1.07,0,0,1.07,3,0,0,0,62.7555,62.7555,151747.557,154270.057,62.7555,,58.65
1960,1960,3,100,1.06,0,0,1.06,3,0,0,0,73.7018,73.7018,151821.2588,154343.7588,73.7018,,69.53
1961,1961,3,100,1.7725,0.75,0.7125,1.06,2.25,0,0.75,3.75,124.0573,120.3073,151941.5661,154467.8161,74.1894,,69.99
1962,1962,2.25,75,1.7725,0.75,0.7125,1.06,1.5,0,0.75,3.75,124.0573,120.3073,152061.8734,154591.8734,74.1894,,69.99
1963,1963,1.5,50,1.7725,0.75,0.7125,1.06,0.75,0,0.75,3.75,124.0573,120.3073,152182.1807,154715.9307,74.1894,,69.99
1964,1964,0.75,25,1.05,0,0,1.05,0.75,0,0,0,73.4895,73.4895,152255.6702,154789.4202,73.4895,,69.99
1965,1965,0.75,25,1.7725,0.75,0.7125,1.06,0,0,0.75,3.75,124.0573,120.3073,152375.9775,154913.4775,74.1894,,69.99
1966,1966,0,0,1.05,0,0,1.05,0,0,0,0,73.4895,73.4895,152449.467,154986.967,73.4895,,69.99
1967,1967,0,0,1.05,0,0,1.05,0,0,0,0,73.4895,73.4895,152522.9565,155060.4565,73.4895,,69.99
1968,1968,0,0,1.05,0,0,1.05,0,0,0,0,72.387,72.387,152595.3435,155132.8435,72.387,,68.94
1969,1969,0,0,1.05,0,0,1.05,0,0,0,0,70.224,70.224,152665.5675,155203.0675,70.224,,66.88
1970,1970,0,0,1.06,0,0,1.06,0,0,0,0,69.801,69.801,152735.3685,155272.8685,69.801,,65.85
1971,1971,0,0,1.06,0,0,1.06,0,0,0,0,72.7372,72.7372,152808.1057,155345.6057,72.7372,,68.62
1972,1972,0,0,1.06,0,0,1.06,0,0,0,0,73.0658,73.0658,152881.1715,155418.6715,73.0658,,68.93
1973,1973,0,0,1.06,0,0,1.06,0,0,0,0,68.8258,68.8258,152949.9973,155487.4973,68.8258,,64.93
1974,1974,0,0,1.07,0,0,1.07,0,0,0,0,74.6753,74.6753,153024.6726,155562.1726,74.6753,,69.79
1975,1975,0,0,1.07,0,0,1.07,0,0,0,0,64.6494,64.6494,153089.322,155626.822,64.6494,,60.42
1976,1976,0,0,1.06,0,0,1.06,0,0,0,0,35.0542,35.0542,153124.3762,155661.8762,35.0542,,33.07
1977,1977,0,0,1.04,0,0,1.04,0,0,0,0,18.1896,18.1896,153142.5658,155680.0658,18.1896,,17.49
1978,1978,0,0,1.05,0,0,1.05,0,0,0,0,2.772,2.772,153145.3378,155682.8378,2.772,,2.64
1979,1979,0,0,0.2435,-0.75,-0.8065,1.05,0.75,0,0.75,3.75,0.0511,-3.6989,153141.6389,155682.8889,0.2205,,0.21
1980,1980,0.75,25,0.0747,-1,-1.0753,1.15,1.75,0,1,5,0.0015,-4.9985,153136.6404,155682.8904,0.023,,0.02
1981,1981,1.75,58.33,0.0647,-1,-1.0753,1.14,2.75,0,1,5,0.0013,-4.9987,153131.6417,155682.8917,0.0228,,0.02
1982,1982,2.75,91.67,0.8812,-0.25,-0.2688,1.15,3,0,0.25,1.25,1.454,0.204,153131.8457,155684.3457,1.8975,,1.65
1983,1983,3,100,1.15,0,0,1.15,3,0,0,0,9.3495,9.3495,153141.1952,155693.6952,9.3495,,8.13
1984,1984,3,100,1.15,0,0,1.15,3,0,0,0,76.5095,76.5095,153217.7047,155770.2047,76.5095,,66.53
1985,1985,3,100,1.16,0,0,1.16,3,0,0,0,81.1652,81.1652,153298.8699,155851.3699,81.1652,,69.97
1986,1986,3,100,1.16,0,0,1.16,3,0,0,0,81.1652,81.1652,153380.0351,155932.5351,81.1652,,69.97
1987,1987,3,100,1.16,0,0,1.16,3,0,0,0,81.1652,81.1652,153461.2003,156013.7003,81.1652,,69.97
1988,1988,3,100,2.575,1.5,1.425,1.15,1.5,0,1.5,7.5,180.1727,172.6727,153633.873,156193.873,80.4655,,69.97
1989,1989,1.5,50,2.575,1.5,1.425,1.15,0,0,1.5,7.5,180.1727,172.6727,153806.5457,156374.0457,80.4655,,69.97
1990,1990,0,0,1.15,0,0,1.15,0,0,0,0,66.447,66.447,153872.9927,156440.4927,66.447,,57.78
1991,1991,0,0,1.16,0,0,1.16,0,0,0,0,38.3612,38.3612,153911.3539,156478.8539,38.3612,,33.07
1992,1992,0,0,1.15,0,0,1.15,0,0,0,0,44.965,44.965,153956.3189,156523.8189,44.965,,39.1
1993,1993,0,0,0.0747,-1,-1.0753,1.15,1,0,1,5,2.1493,-2.8507,153953.4682,156525.9682,33.074,,28.76
1994,1994,1,33.33,0.0747,-1,-1.0753,1.15,2,0,1,5,1.5365,-3.4635,153950.0047,156527.5047,23.644,,20.56
1995,1995,2,66.67,1.34,0,0,1.34,2,0,0,0,41.3658,41.3658,153991.3705,156568.8705,41.3658,,30.87
1996,1996,2,66.67,1.15,0,0,1.15,2,0,0,0,33.1315,33.1315,154024.502,156602.002,33.1315,,28.81
1997,1997,2,66.67,1.16,0,0,1.16,2,0,0,0,38.3612,38.3612,154062.8632,156640.3632,38.3612,,33.07
1998,1998,2,66.67,1.16,0,0,1.16,2,0,0,0,38.3612,38.3612,154101.2244,156678.7244,38.3612,,33.07
1999,1999,2,66.67,1.16,0,0,1.16,2,0,0,0,47.7224,47.7224,154148.9468,156726.4468,47.7224,,41.14
2000,2000,2,66.67,3,2,1.9,1.16,0,0.06,2,10,209.91,199.91,154348.8568,156936.3568,81.1652,,69.97
2001,2001,0,0,1.17,0,0,1.17,0,0,0,0,41.8977,41.8977,154390.7545,156978.2545,41.8977,,35.81
2002,2002,0,0,0.0847,-1,-1.0753,1.16,1,0,1,5,1.1506,-3.8494,154386.9051,156979.4051,15.7528,,13.58
2003,2003,1,33.33,2.11,1,0.95,1.16,0,0,1,5,67.309,62.309,154449.2141,157046.7141,37.004,,31.9
2004,2004,0,0,0.0847,-1,-1.0753,1.16,1,0,1,5,0.2618,-4.7382,154444.4759,157046.9759,3.5844,,3.09
2005,2005,1,33.33,0.0847,-1,-1.0753,1.16,2,0,1,5,0.7846,-4.2154,154440.2605,157047.7605,10.7416,,9.26
2006,2006,2,66.67,0.0847,-1,-1.0753,1.16,3,0,1,5,1.4819,-3.5181,154436.7424,157049.2424,20.2884,,17.49
2007,2007,3,100,1.16,0,0,1.16,3,0,0,0,37.004,37.004,154473.7464,157086.2464,37.004,,31.9
2008,2008,3,100,1.16,0,0,1.16,3,0,0,0,81.1652,81.1652,154554.9116,157167.4116,81.1652,,69.97
2009,2009,3,100,2.3475,1.25,1.1875,1.16,1.75,0,1.25,6.25,164.2546,158.0046,154712.9162,157331.6662,81.1652,,69.97
2010,2010,1.75,58.33,2.8025,1.75,1.6625,1.14,0,0,1.75,8.75,196.0909,187.3409,154900.2571,157527.7571,79.7658,,69.97
2011,2011,0,0,1.04,0,0,1.04,0,0,0,0,72.7688,72.7688,154973.0259,157600.5259,72.7688,,69.97
2012,2012,0,0,1.05,0,0,1.05,0,0,0,0,73.4685,73.4685,155046.4944,157673.9944,73.4685,,69.97
2013,2013,0,0,1.04,0,0,1.04,0,0,0,0,72.7688,72.7688,155119.2632,157746.7632,72.7688,,69.97
2014,2014,0,0,1.05,0,0,1.05,0,0,0,0,73.4685,73.4685,155192.7317,157820.2317,73.4685,,69.97
2015,2015,0,0,1.05,0,0,1.05,0,0,0,0,73.4685,73.4685,155266.2002,157893.7002,73.4685,,69.97
2016,2016,0,0,1.06,0,0,1.06,0,0,0,0,68.6032,68.6032,155334.8034,157962.3034,68.6032,,64.72
2017,2017,0,0,1.05,0,0,1.05,0,0,0,0,56.2905,56.2905,155391.0939,158018.5939,56.2905,,53.61
2018,2018,0,0,0.2535,-0.75,-0.8065,1.06,0.75,0,0.75,3.75,12.2084,8.4584,155399.5523,158030.8023,51.039,,48.15
2019,2019,0.75,25,0.2535,-0.75,-0.8065,1.06,1.5,0,0.75,3.75,11.8711,8.1211,155407.6734,158042.6734,49.6292,,46.82
2020,2020,1.5,50,0.1435,-0.75,-0.8065,0.95,2.25,0,0.75,3.75,5.6127,1.8627,155409.5361,158048.2861,37.145,,39.1
2021,2021,2.25,75,0.1435,-0.75,-0.8065,0.95,3,0,0.75,3.75,6.7382,2.9882,155412.5243,158055.0243,44.593,,46.94
2022,2022,3,100,0.97,0,0,0.97,3,0,0,0,63.8551,63.8551,155476.3794,158118.8794,63.8551,,65.83
2023,2023,3,100,0.87,0,0,0.87,3,0,0,0,53.7138,53.7138,155530.0932,158172.5932,53.7138,,61.74
2024,2024,3,100,0.87,0,0,0.87,3,0,0,0,60.8739,60.8739,155590.9671,158233.4671,60.8739,,69.97
2025,2025,3,100,2.295,1.5,1.425,0.87,1.5,0,1.5,7.5,160.5811,153.0811,155744.0482,158394.0482,60.8739,,69.97
2026,2026,1.5,50,0.87,0,0,0.87,1.5,0,0,0,57.8289,57.8289,155801.8771,158451.8771,57.8289,,66.47
2027,2027,1.5,50,0.87,0,0,0.87,1.5,0,0,0,51.9216,51.9216,155853.7987,158503.7987,51.9216,,59.68
2028,2028,1.5,50,0.0635,-0.75,-0.8065,0.87,2.25,0,0.75,3.75,0.8503,-2.8997,155850.899,158504.649,11.6406,,13.38
2029,2029,2.25,75,0.0635,-0.75,-0.8065,0.87,3,0,0.75,3.75,1.9783,-1.7717,155849.1273,158506.6273,27.0831,,31.13
2030,2030,3,100,0.87,0,0,0.87,3,0,0,0,46.8321,46.8321,155895.9594,158553.4594,46.8321,,53.83
2031,2031,3,100,0.85,0,0,0.85,3,0,0,0,58.072,58.072,155954.0314,158611.5314,58.072,,68.32
2032,2032,3,100,1.9,2,1.9,0,1,0,2,10,132.943,122.943,156076.9744,158744.4744,0,,69.97
2033,2033,1,33.33,0.85,0,0,0.85,1,0,0,0,59.4745,59.4745,156136.4489,158803.9489,59.4745,,69.97
2034,2034,1,33.33,0.85,0,0,0.85,1,0,0,0,59.4745,59.4745,156195.9234,158863.4234,59.4745,,69.97
2035,2035,1,33.33,0.85,0,0,0.85,1,0,0,0,59.4745,59.4745,156255.3979,158922.8979,59.4745,,69.97
2036,2036,1,33.33,0.85,0,0,0.85,1,0,0,0,59.4745,59.4745,156314.8724,158982.3724,59.4745,,69.97
2037,2037,1,33.33,1.81,1,0.95,0.86,0,0,1,5,126.6457,121.6457,156436.5181,159109.0181,60.1742,,69.97
2038,2038,0,0,0.86,0,0,0.86,0,0,0,0,54.8594,54.8594,156491.3775,159163.8775,54.8594,,63.79
2039,2039,0,0,0.84,0,0,0.84,0,0,0,0,44.5536,44.5536,156535.9311,159208.4311,44.5536,,53.04
2040,2040,0,0,0.86,0,0,0.86,0,0,0,0,54.7304,54.7304,156590.6615,159263.1615,54.7304,,63.64
2041,2041,0,0,0.86,0,0,0.86,0,0,0,0,50.4476,50.4476,156641.1091,159313.6091,50.4476,,58.66
2042,2042,0,0,0.86,0,0,0.86,0,0,0,0,46.7152,46.7152,156687.8243,159360.3243,46.7152,,54.32
2043,2043,0,0,0.0435,-0.75,-0.8065,0.85,0.75,0,0.75,3.75,2.2353,-1.5147,156686.3096,159362.5596,43.6305,,51.33
2044,2044,0.75,25,0.85,0,0,0.85,0.75,0,0,0,48.4075,48.4075,156734.7171,159410.9671,48.4075,,56.95
2045,2045,0.75,25,0.86,0,0,0.86,0.75,0,0,0,50.4476,50.4476,156785.1647,159461.4147,50.4476,,58.66
2046,2046,0.75,25,0.86,0,0,0.86,0.75,0,0,0,59.6754,59.6754,156844.8401,159521.0901,59.6754,,69.39
2047,2047,0.75,25,0.86,0,0,0.86,0.75,0,0,0,56.4676,56.4676,156901.3077,159577.5577,56.4676,,65.66
2048,2048,0.75,25,1.6825,0.75,0.7125,0.97,0,0,0.75,3.75,116.7487,112.9987,157014.3064,159694.3064,67.3083,,69.39
2049,2049,0,0,0.95,0,0,0.95,0,0,0,0,37.0595,37.0595,157051.3659,159731.3659,37.0595,,39.01
2050,2050,0,0,0.1435,-0.75,-0.8065,0.95,0.75,0,0.75,3.75,4.1184,0.3684,157051.7343,159735.4843,27.2555,,28.69
2051,2051,0.75,25,0.94,0,0,0.94,0.75,0,0,0,31.0106,31.0106,157082.7449,159766.4949,31.0106,,32.99
2052,2052,0.75,25,0.1535,-0.75,-0.8065,0.96,1.5,0,0.75,3.75,1.5769,-2.1731,157080.5718,159768.0718,9.8592,,10.27
2053,2053,1.5,50,0.2435,-0.75,-0.8065,1.05,2.25,0,0.75,3.75,3.0005,-0.7495,157079.8223,159771.0723,12.936,,12.32
2054,2054,2.25,75,0.2435,-0.75,-0.8065,1.05,3,0,0.75,3.75,4.1744,0.4244,157080.2467,159775.2467,17.997,,17.14
2055,2055,3,100,1.05,0,0,1.05,3,0,0,0,34.6395,34.6395,157114.8862,159809.8862,34.6395,,32.99
2056,2056,3,100,1.06,0,0,1.06,3,0,0,0,73.988,73.988,157188.8742,159883.8742,73.988,,69.8
2057,2057,3,100,1.2975,0.25,0.2375,1.06,2.75,0,0.25,1.25,90.5655,89.3155,157278.1897,159974.4397,73.988,,69.8
2058,2058,2.75,91.67,1.7625,0.75,0.7125,1.05,2,0,0.75,3.75,123.0225,119.2725,157397.4622,160097.4622,73.29,,69.8
2059,2059,2,66.67,1.7625,0.75,0.7125,1.05,1.25,0,0.75,3.75,123.0225,119.2725,157516.7347,160220.4847,73.29,,69.8
2060,2060,1.25,41.67,1.2775,0.25,0.2375,1.04,1,0,0.25,1.25,89.1695,87.9195,157604.6542,160309.6542,72.592,,69.8
2061,2061,1,33.33,1.15,0,0,1.15,1,0,0,0,80.27,80.27,157684.9242,160389.9242,80.27,,69.8
2062,2062,1,33.33,1.16,0,0,1.16,1,0,0,0,70.2496,70.2496,157755.1738,160460.1738,70.2496,,60.56
2063,2063,1,33.33,1.16,0,0,1.16,1,0,0,0,71.4444,71.4444,157826.6182,160531.6182,71.4444,,61.59
2064,2064,1,33.33,1.14,0,0,1.14,1,0,0,0,76.0608,76.0608,157902.679,160607.679,76.0608,,66.72
2065,2065,1,33.33,1.15,0,0,1.15,1,0,0,0,74.3705,74.3705,157977.0495,160682.0495,74.3705,,64.67
2066,2066,1,33.33,1.15,0,0,1.15,1,0,0,0,69.644,69.644,158046.6935,160751.6935,69.644,,60.56
2067,2067,1,33.33,1.15,0,0,1.15,1,0,0,0,60.3865,60.3865,158107.08,160812.08,60.3865,,52.51
2068,2068,1,33.33,1.15,0,0,1.15,1,0,0,0,60.3865,60.3865,158167.4665,160872.4665,60.3865,,52.51
2069,2069,1,33.33,1.16,0,0,1.16,1,0,0,0,62.7212,62.7212,158230.1877,160935.1877,62.7212,,54.07
2070,2070,1,33.33,1.635,0.5,0.475,1.16,0.5,0,0.5,2.5,114.123,111.623,158341.8107,161049.3107,80.968,,69.8
2071,2071,0.5,16.67,1.635,0.5,0.475,1.16,0,0,0.5,2.5,114.123,111.623,158453.4337,161163.4337,80.968,,69.8
2072,2072,0,0,1.17,0,0,1.17,0,0,0,0,81.666,81.666,158535.0997,161245.0997,81.666,,69.8
2073,2073,0,0,1.15,0,0,1.15,0,0,0,0,78.315,78.315,158613.4147,161323.4147,78.315,,68.1
2074,2074,0,0,1.15,0,0,1.15,0,0,0,0,45.7355,45.7355,158659.1502,161369.1502,45.7355,,39.77
2075,2075,0,0,0.0847,-1,-1.0753,1.16,1,0,1,5,3.3054,-1.6946,158657.4556,161372.4556,45.2516,,39.01
2076,2076,1,33.33,0.0847,-1,-1.0753,1.16,2,0,1,5,1.7395,-3.2605,158654.1951,161374.1951,23.8148,,20.53
2077,2077,2,66.67,0.0947,-1,-1.0753,1.17,3,0,1,5,3.1252,-1.8748,158652.3203,161377.3203,38.5983,,32.99
2078,2078,3,100,1.17,0,0,1.17,3,0,0,0,78.975,78.975,158731.2953,161456.2953,78.975,,67.5
2079,2079,3,100,1.15,0,0,1.15,3,0,0,0,69.552,69.552,158800.8473,161525.8473,69.552,,60.48
2080,2080,3,100,1.635,0.5,0.475,1.16,2.5,0,0.5,2.5,114.123,111.623,158912.4703,161639.9703,80.968,,69.8
2081,2081,2.5,83.33,1.635,0.5,0.475,1.16,2,0,0.5,2.5,114.123,111.623,159024.0933,161754.0933,80.968,,69.8
2082,2082,2,66.67,1.15,0,0,1.15,2,0,0,0,80.27,80.27,159104.3633,161834.3633,80.27,,69.8
2083,2083,2,66.67,1.15,0,0,1.15,2,0,0,0,80.27,80.27,159184.6333,161914.6333,80.27,,69.8
2084,2084,2,66.67,1.15,0,0,1.15,2,0,0,0,80.27,80.27,159264.9033,161994.9033,80.27,,69.8
2085,2085,2,66.67,1.635,0.5,0.475,1.16,1.5,0,0.5,2.5,114.123,111.623,159376.5263,162109.0263,80.968,,69.8
2086,2086,1.5,50,1.17,0,0,1.17,1.5,0,0,0,81.666,81.666,159458.1923,162190.6923,81.666,,69.8
2087,2087,1.5,50,1.17,0,0,1.17,1.5,0,0,0,79.2441,79.2441,159537.4364,162269.9364,79.2441,,67.73
2088,2088,1.5,50,1.16,0,0,1.16,1.5,0,0,0,80.446,80.446,159617.8824,162350.3824,80.446,,69.35
2089,2089,1.5,50,1.16,0,0,1.16,1.5,0,0,0,78.59,78.59,159696.4724,162428.9724,78.59,,67.75
2090,2090,1.5,50,1.15,0,0,1.15,1.5,0,0,0,76.728,76.728,159773.2004,162505.7004,76.728,,66.72
2091,2091,1.5,50,1.16,0,0,1.16,1.5,0,0,0,65.1108,65.1108,159838.3112,162570.8112,65.1108,,56.13
2092,2092,1.5,50,1.16,0,0,1.16,1.5,0,0,0,62.7212,62.7212,159901.0324,162633.5324,62.7212,,54.07
2093,2093,1.5,50,1.16,0,0,1.16,1.5,0,0,0,70.1568,70.1568,159971.1892,162703.6892,70.1568,,60.48
2094,2094,1.5,50,1.17,0,0,1.17,1.5,0,0,0,81.666,81.666,160052.8552,162785.3552,81.666,,69.8
2095,2095,1.5,50,1.17,0,0,1.17,1.5,0,0,0,81.666,81.666,160134.5212,162867.0212,81.666,,69.8
2096,2096,1.5,50,2.585,1.5,1.425,1.16,0,0,1.5,7.5,180.433,172.933,160307.4542,163047.4542,80.968,,69.8
2097,2097,0,0,0.0847,-1,-1.0753,1.16,1,0,1,5,4.4238,-0.5762,160306.878,163051.878,60.5636,,52.21
2098,2098,1,33.33,1.16,0,0,1.16,1,0,0,0,69.0664,69.0664,160375.9444,163120.9444,69.0664,,59.54
2099,2099,1,33.33,1.16,0,0,1.16,1,0,0,0,67.6048,67.6048,160443.5492,163188.5492,67.6048,,58.28
2100,2100,1,33.33,0.0847,-1,-1.0753,1.16,2,0,1,5,1.8268,-3.1732,160440.376,163190.376,25.0096,,21.56
2101,2101,2,66.67,0.0747,-1,-1.0753,1.15,3,0,1,5,2.1478,-2.8522,160437.5238,163192.5238,33.051,,28.74
2102,2102,3,100,1.16,0,0,1.16,3,0,0,0,80.7708,80.7708,160518.2946,163273.2946,80.7708,,69.63
2103,2103,3,100,1.16,0,0,1.16,3,0,0,0,75.2608,75.2608,160593.5554,163348.5554,75.2608,,64.88
2104,2104,3,100,1.17,0,0,1.17,3,0,0,0,81.666,81.666,160675.2214,163430.2214,81.666,,69.8
2105,2105,3,100,1.17,0,0,1.17,3,0,0,0,81.666,81.666,160756.8874,163511.8874,81.666,,69.8
2106,2106,3,100,1.16,0,0,1.16,3,0,0,0,80.968,80.968,160837.8554,163592.8554,80.968,,69.8
2107,2107,3,100,1.15,0,0,1.15,3,0,0,0,80.27,80.27,160918.1254,163673.1254,80.27,,69.8
2108,2108,3,100,1.16,0,0,1.16,3,0,0,0,80.968,80.968,160999.0934,163754.0934,80.968,,69.8
2109,2109,3,100,1.16,0,0,1.16,3,0,0,0,80.968,80.968,161080.0614,163835.0614,80.968,,69.8
2110,2110,3,100,1.07,0,0,1.07,3,0,0,0,74.686,74.686,161154.7474,163909.7474,74.686,,69.8
2111,2111,3,100,1.07,0,0,1.07,3,0,0,0,74.5576,74.5576,161229.305,163984.305,74.5576,,69.68
2112,2112,3,100,1.06,0,0,1.06,3,0,0,0,71.3486,71.3486,161300.6536,164055.6536,71.3486,,67.31
2113,2113,3,100,1.05,0,0,1.05,3,0,0,0,69.2685,69.2685,161369.9221,164124.9221,69.2685,,65.97
2114,2114,3,100,1.06,0,0,1.06,3,0,0,0,69.7056,69.7056,161439.6277,164194.6277,69.7056,,65.76
2115,2115,3,100,0.96,0,0,0.96,3,0,0,0,61.1616,61.1616,161500.7893,164255.7893,61.1616,,63.71
2116,2116,3,100,0.97,0,0,0.97,3,0,0,0,57.6956,57.6956,161558.4849,164313.4849,57.6956,,59.48
2117,2117,3,100,0.97,0,0,0.97,3,0,0,0,58.7238,58.7238,161617.2087,164372.2087,58.7238,,60.54
2118,2118,3,100,0.97,0,0,0.97,3,0,0,0,67.7836,67.7836,161684.9923,164439.9923,67.7836,,69.88
2119,2119,3,100,2.87,2,1.9,0.97,1,0,2,10,200.5556,190.5556,161875.5479,164640.5479,67.7836,,69.88
2120,2120,1,33.33,0.97,0,0,0.97,1,0,0,0,67.7642,67.7642,161943.3121,164708.3121,67.7642,,69.86
2121,2121,1,33.33,0.86,0,0,0.86,1,0,0,0,52.1418,52.1418,161995.4539,164760.4539,52.1418,,60.63
2122,2122,1,33.33,0.85,0,0,0.85,1,0,0,0,45.696,45.696,162041.1499,164806.1499,45.696,,53.76
2123,2123,1,33.33,0.85,0,0,0.85,1,0,0,0,50.3115,50.3115,162091.4614,164856.4614,50.3115,,59.19
2124,2124,1,33.33,0.0535,-0.75,-0.8065,0.86,1.75,0,0.75,3.75,1.5406,-2.2094,162089.252,164858.002,24.7422,,28.77
2125,2125,1.75,58.33,0.0535,-0.75,-0.8065,0.86,2.5,0,0.75,3.75,2.6523,-1.0977,162088.1543,164860.6543,42.5958,,49.53
2126,2126,2.5,83.33,0.86,0,0,0.86,2.5,0,0,0,49.9832,49.9832,162138.1375,164910.6375,49.9832,,58.12
2127,2127,2.5,83.33,0.86,0,0,0.86,2.5,0,0,0,51.1528,51.1528,162189.2903,164961.7903,51.1528,,59.48
2128,2128,2.5,83.33,0.85,0,0,0.85,2.5,0,0,0,57.647,57.647,162246.9373,165019.4373,57.647,,67.82
2129,2129,2.5,83.33,2.0375,1.25,1.1875,0.85,1.25,0,1.25,6.25,142.3805,136.1305,162383.0678,165161.8178,59.398,,69.88
2130,2130,1.25,41.67,2.0375,1.25,1.1875,0.85,0,0,1.25,6.25,142.3805,136.1305,162519.1983,165304.1983,59.398,,69.88
2131,2131,0,0,0.84,0,0,0.84,0,0,0,0,58.6824,58.6824,162577.8807,165362.8807,58.6824,,69.86
2132,2132,0,0,0.85,0,0,0.85,0,0,0,0,59.381,59.381,162637.2617,165422.2617,59.381,,69.86
2133,2133,0,0,0.85,0,0,0.85,0,0,0,0,59.381,59.381,162696.6427,165481.6427,59.381,,69.86
2134,2134,0,0,0.86,0,0,0.86,0,0,0,0,55.1432,55.1432,162751.7859,165536.7859,55.1432,,64.12
2135,2135,0,0,0.86,0,0,0.86,0,0,0,0,44.9436,44.9436,162796.7295,165581.7295,44.9436,,52.26
2136,2136,0,0,0.85,0,0,0.85,0,0,0,0,55.25,55.25,162851.9795,165636.9795,55.25,,65
2137,2137,0,0,0.85,0,0,0.85,0,0,0,0,49.9715,49.9715,162901.951,165686.951,49.9715,,58.79
2138,2138,0,0,0.85,0,0,0.85,0,0,0,0,50.0395,50.0395,162951.9905,165736.9905,50.0395,,58.87
2139,2139,0,0,0.86,0,0,0.86,0,0,0,0,51.041,51.041,163003.0315,165788.0315,51.041,,59.35
2140,2140,0,0,0.97,0,0,0.97,0,0,0,0,54.4267,54.4267,163057.4582,165842.4582,54.4267,,56.11
2141,2141,0,0,0.97,0,0,0.97,0,0,0,0,54.4267,54.4267,163111.8849,165896.8849,54.4267,,56.11
2142,2142,0,0,0.97,0,0,0.97,0,0,0,0,67.0561,67.0561,163178.941,165963.941,67.0561,,69.13
2143,2143,0,0,0.96,0,0,0.96,0,0,0,0,65.3472,65.3472,163244.2882,166029.2882,65.3472,,68.07
2144,2144,0,0,0.97,0,0,0.97,0,0,0,0,38.0337,38.0337,163282.3219,166067.3219,38.0337,,39.21
2145,2145,0,0,0.1535,-0.75,-0.8065,0.96,0.75,0,0.75,3.75,1.9009,-1.8491,163280.4728,166069.2228,11.8848,,12.38
2146,2146,0.75,25,0.2535,-0.75,-0.8065,1.06,1.5,0,0.75,3.75,2.6166,-1.1334,163279.3394,166071.8394,10.9392,,10.32
2147,2147,1.5,50,0.2435,-0.75,-0.8065,1.05,2.25,0,0.75,3.75,2.6376,-1.1124,163278.227,166074.477,11.3715,,10.83
2148,2148,2.25,75,0.2435,-0.75,-0.8065,1.05,3,0,0.75,3.75,1.812,-1.938,163276.289,166076.289,7.812,,7.44
2149,2149,3,100,1.15,0,0,1.15,3,0,0,0,32.154,32.154,163308.443,166108.443,32.154,,27.96
2150,2150,3,100,1.15,0,0,1.15,3,0,0,0,38.134,38.134,163346.577,166146.577,38.134,,33.16
2151,2151,3,100,1.15,0,0,1.15,3,0,0,0,57.431,57.431,163404.008,166204.008,57.431,,49.94
2152,2152,3,100,1.15,0,0,1.15,3,0,0,0,77.717,77.717,163481.725,166281.725,77.717,,67.58
2153,2153,3,100,1.15,0,0,1.15,3,0,0,0,80.684,80.684,163562.409,166362.409,80.684,,70.16
2154,2154,3,100,1.15,0,0,1.15,3,0,0,0,80.684,80.684,163643.093,166443.093,80.684,,70.16
2155,2155,3,100,2.575,1.5,1.425,1.15,1.5,0,1.5,7.5,180.662,173.162,163816.255,166623.755,80.684,,70.16
2156,2156,1.5,50,1.14,0,0,1.14,1.5,0,0,0,79.971,79.971,163896.226,166703.726,79.971,,70.15
2157,2157,1.5,50,1.04,0,0,1.04,1.5,0,0,0,72.956,72.956,163969.182,166776.682,72.956,,70.15
2158,2158,1.5,50,1.05,0,0,1.05,1.5,0,0,0,62.79,62.79,164031.972,166839.472,62.79,,59.8
2159,2159,1.5,50,1.06,0,0,1.06,1.5,0,0,0,68.2428,68.2428,164100.2148,166907.7148,68.2428,,64.38
2160,2160,1.5,50,1.05,0,0,1.05,1.5,0,0,0,67.935,67.935,164168.1498,166975.6498,67.935,,64.7
2161,2161,1.5,50,1.05,0,0,1.05,1.5,0,0,0,58.4955,58.4955,164226.6453,167034.1453,58.4955,,55.71
2162,2162,1.5,50,1.05,0,0,1.05,1.5,0,0,0,56.4795,56.4795,164283.1248,167090.6248,56.4795,,53.79
2163,2163,1.5,50,0.2435,-0.75,-0.8065,1.05,2.25,0,0.75,3.75,12.7692,9.0192,164292.144,167103.394,55.0515,,52.43
2164,2164,2.25,75,0.2435,-0.75,-0.8065,1.05,3,0,0.75,3.75,12.7692,9.0192,164301.1632,167116.1632,55.0515,,52.43
2165,2165,3,100,1.05,0,0,1.05,3,0,0,0,58.9155,58.9155,164360.0787,167175.0787,58.9155,,56.11
2166,2166,3,100,1.06,0,0,1.06,3,0,0,0,74.359,74.359,164434.4377,167249.4377,74.359,,70.15
2167,2167,3,100,1.06,0,0,1.06,3,0,0,0,74.3696,74.3696,164508.8073,167323.8073,74.3696,,70.16
2168,2168,3,100,1.06,0,0,1.06,3,0,0,0,74.3696,74.3696,164583.1769,167398.1769,74.3696,,70.16
2169,2169,3,100,1.7625,0.75,0.7125,1.05,2.25,0,0.75,3.75,123.657,119.907,164703.0839,167521.8339,73.668,,70.16
2170,2170,2.25,75,1.05,0,0,1.05,2.25,0,0,0,62.832,62.832,164765.9159,167584.6659,62.832,,59.84
2171,2171,2.25,75,1.05,0,0,1.05,2.25,0,0,0,63.9135,63.9135,164829.8294,167648.5794,63.9135,,60.87
2172,2172,2.25,75,0.2535,-0.75,-0.8065,1.06,3,0,0.75,3.75,8.4077,4.6577,164834.4871,167656.9871,35.1496,,33.16
2173,2173,3,100,1.15,0,0,1.15,3,0,0,0,70.0005,70.0005,164904.4876,167726.9876,70.0005,,60.87
2174,2174,3,100,1.14,0,0,1.14,3,0,0,0,79.9824,79.9824,164984.47,167806.97,79.9824,,70.16
2175,2175,3,100,1.15,0,0,1.15,3,0,0,0,80.684,80.684,165065.154,167887.654,80.684,,70.16
2176,2176,3,100,1.16,0,0,1.16,3,0,0,0,81.3856,81.3856,165146.5396,167969.0396,81.3856,,70.16
2177,2177,3,100,1.16,0,0,1.16,3,0,0,0,81.3856,81.3856,165227.9252,168050.4252,81.3856,,70.16
2178,2178,3,100,1.15,0,0,1.15,3,0,0,0,80.684,80.684,165308.6092,168131.1092,80.684,,70.16
2179,2179,3,100,1.04,0,0,1.04,3,0,0,0,72.9664,72.9664,165381.5756,168204.0756,72.9664,,70.16
2180,2180,3,100,1.04,0,0,1.04,3,0,0,0,72.9664,72.9664,165454.542,168277.042,72.9664,,70.16
2181,2181,3,100,1.05,0,0,1.05,3,0,0,0,73.6575,73.6575,165528.1995,168350.6995,73.6575,,70.15
2182,2182,3,100,1.05,0,0,1.05,3,0,0,0,67.2945,67.2945,165595.494,168417.994,67.2945,,64.09
2183,2183,3,100,1.07,0,0,1.07,3,0,0,0,69.1113,69.1113,165664.6053,168487.1053,69.1113,,64.59
2184,2184,3,100,1.06,0,0,1.06,3,0,0,0,72.8326,72.8326,165737.4379,168559.9379,72.8326,,68.71
2185,2185,3,100,1.05,0,0,1.05,3,0,0,0,67.1685,67.1685,165804.6064,168627.1064,67.1685,,63.97
2186,2186,3,100,1.05,0,0,1.05,3,0,0,0,63.8295,63.8295,165868.4359,168690.9359,63.8295,,60.79
2187,2187,3,100,1.05,0,0,1.05,3,0,0,0,64.869,64.869,165933.3049,168755.8049,64.869,,61.78
2188,2188,3,100,1.06,0,0,1.06,3,0,0,0,65.4868,65.4868,165998.7917,168821.2917,65.4868,,61.78
2189,2189,3,100,1.06,0,0,1.06,3,0,0,0,61.2892,61.2892,166060.0809,168882.5809,61.2892,,57.82
2190,2190,3,100,1.07,0,0,1.07,3,0,0,0,75.0712,75.0712,166135.1521,168957.6521,75.0712,,70.16
2191,2191,3,100,1.07,0,0,1.07,3,0,0,0,75.0712,75.0712,166210.2233,169032.7233,75.0712,,70.16
2192,2192,3,100,1.06,0,0,1.06,3,0,0,0,74.3696,74.3696,166284.5929,169107.0929,74.3696,,70.16
2193,2193,3,100,2.475,1.5,1.425,1.05,1.5,0,1.5,7.5,173.646,166.146,166450.7389,169280.7389,73.668,,70.16
2194,2194,1.5,50,1.05,0,0,1.05,1.5,0,0,0,72.555,72.555,166523.2939,169353.2939,72.555,,69.1
2195,2195,1.5,50,1.04,0,0,1.04,1.5,0,0,0,63.2216,63.2216,166586.5155,169416.5155,63.2216,,60.79
2196,2196,1.5,50,0.2335,-0.75,-0.8065,1.04,2.25,0,0.75,3.75,7.233,3.483,166589.9985,169423.7485,32.2088,,30.97
2197,2197,2.25,75,0.2335,-0.75,-0.8065,1.04,3,0,0.75,3.75,10.7713,7.0213,166597.0198,169434.5198,47.9648,,46.12
2198,2198,3,100,1.04,0,0,1.04,3,0,0,0,55.8376,55.8376,166652.8574,169490.3574,55.8376,,53.69
2199,2199,3,100,0.94,0,0,0.94,3,0,0,0,61.1,61.1,166713.9574,169551.4574,61.1,,65
2200,2200,3,100,0.97,0,0,0.97,3,0,0,0,68.0552,68.0552,166782.0126,169619.5126,68.0552,,70.16
2201,2201,3,100,0.96,0,0,0.96,3,0,0,0,67.3536,67.3536,166849.3662,169686.8662,67.3536,,70.16
2202,2202,3,100,1.91,1,0.95,0.96,2,0,1,5,134.0056,129.0056,166978.3718,169820.8718,67.3536,,70.16
2203,2203,2,66.67,2.86,2,1.9,0.96,0,0,2,10,200.6576,190.6576,167169.0294,170021.5294,67.3536,,70.16
2204,2204,0,0,0.96,0,0,0.96,0,0,0,0,67.344,67.344,167236.3734,170088.8734,67.344,,70.15
2205,2205,0,0,0.96,0,0,0.96,0,0,0,0,67.344,67.344,167303.7174,170156.2174,67.344,,70.15
2206,2206,0,0,0.97,0,0,0.97,0,0,0,0,52.0793,52.0793,167355.7967,170208.2967,52.0793,,53.69
2207,2207,0,0,0.97,0,0,0.97,0,0,0,0,56.9293,56.9293,167412.726,170265.226,56.9293,,58.69
2208,2208,0,0,0.95,0,0,0.95,0,0,0,0,64.8185,64.8185,167477.5445,170330.0445,64.8185,,68.23
2209,2209,0,0,0.95,0,0,0.95,0,0,0,0,60.8285,60.8285,167538.373,170390.873,60.8285,,64.03
2210,2210,0,0,0.4124,-0.5,-0.5376,0.95,0.5,0,0.5,2.5,21.4265,18.9265,167557.2995,170412.2995,49.362,,51.96
2211,2211,0.5,16.67,0.96,0,0,0.96,0.5,0,0,0,53.472,53.472,167610.7715,170465.7715,53.472,,55.7
2212,2212,0.5,16.67,0.1535,-0.75,-0.8065,0.96,1.25,0,0.75,3.75,7.6221,3.8721,167614.6436,170473.3936,47.6544,,49.64
2213,2213,1.25,41.67,0.1535,-0.75,-0.8065,0.96,2,0,0.75,3.75,7.1431,3.3931,167618.0367,170480.5367,44.6592,,46.52
2214,2214,2,66.67,0.1535,-0.75,-0.8065,0.96,2.75,0,0.75,3.75,7.4609,3.7109,167621.7476,170487.9976,46.6464,,48.59
2215,2215,2.75,91.67,0.96,0,0,0.96,2.75,0,0,0,66.4896,66.4896,167688.2372,170554.4872,66.4896,,69.26
2216,2216,2.75,91.67,2.83,2,1.9,0.93,0.75,0,2,10,198.9207,188.9207,167877.1579,170753.4079,65.3697,,70.29
2217,2217,0.75,25,0.93,0,0,0.93,0.75,0,0,0,49.3644,49.3644,167926.5223,170802.7723,49.3644,,53.08
2218,2218,0.75,25,0.1435,-0.75,-0.8065,0.95,1.5,0,0.75,3.75,6.9779,3.2279,167929.7502,170809.7502,46.1795,,48.61
2219,2219,1.5,50,0.95,0,0,0.95,1.5,0,0,0,53.8935,53.8935,167983.6437,170863.6437,53.8935,,56.73
2220,2220,1.5,50,0.1335,-0.75,-0.8065,0.94,2.25,0,0.75,3.75,1.3836,-2.3664,167981.2773,170865.0273,9.7384,,10.36
2221,2221,2.25,75,0.1335,-0.75,-0.8065,0.94,3,0,0.75,3.75,4.6341,0.8841,167982.1614,170869.6614,32.618,,34.7
2222,2222,3,100,0,0,0,0,3,0,0,0,0,0,167982.1614,170869.6614,0,,54.09
2223,2223,3,100,1.06,0,0,1.06,3,0,0,0,64.6494,64.6494,168046.8108,170934.3108,64.6494,,60.99
2224,2224,3,100,2.01,1,0.95,1.06,2,0,1,5,141.303,136.303,168183.1138,171075.6138,74.518,,70.3
2225,2225,2,66.67,2.96,2,1.9,1.06,0,0,2,10,208.088,198.088,168381.2018,171283.7018,74.518,,70.3
2226,2226,0,0,1.06,0,0,1.06,0,0,0,0,74.5074,74.5074,168455.7092,171358.2092,74.5074,,70.29
2227,2227,0,0,1.06,0,0,1.06,0,0,0,0,74.5074,74.5074,168530.2166,171432.7166,74.5074,,70.29
2228,2228,0,0,1.06,0,0,1.06,0,0,0,0,74.1894,74.1894,168604.406,171506.906,74.1894,,69.99
2229,2229,0,0,1.06,0,0,1.06,0,0,0,0,67.0662,67.0662,168671.4722,171573.9722,67.0662,,63.27
2230,2230,0,0,1.06,0,0,1.06,0,0,0,0,64.6494,64.6494,168736.1216,171638.6216,64.6494,,60.99
2231,2231,0,0,1.06,0,0,1.06,0,0,0,0,65.402,65.402,168801.5236,171704.0236,65.402,,61.7
2232,2232,0,0,1.05,0,0,1.05,0,0,0,0,64.071,64.071,168865.5946,171768.0946,64.071,,61.02
2233,2233,0,0,1.05,0,0,1.05,0,0,0,0,56.6895,56.6895,168922.2841,171824.7841,56.6895,,53.99
2234,2234,0,0,0.2435,-0.75,-0.8065,1.05,0.75,0,0.75,3.75,12.7619,9.0119,168931.296,171837.546,55.02,,52.4
2235,2235,0.75,25,0.2435,-0.75,-0.8065,1.05,1.5,0,0.75,3.75,12.7619,9.0119,168940.3079,171850.3079,55.02,,52.4
2236,2236,1.5,50,0.2435,-0.75,-0.8065,1.05,2.25,0,0.75,3.75,12.0946,8.3446,168948.6525,171862.4025,52.143,,49.66
2237,2237,2.25,75,0.2535,-0.75,-0.8065,1.06,3,0,0.75,3.75,13.2859,9.5359,168958.1884,171875.6884,55.544,,52.4
2238,2238,3,100,1.06,0,0,1.06,3,0,0,0,62.2856,62.2856,169020.474,171937.974,62.2856,,58.76
2239,2239,3,100,1.06,0,0,1.06,3,0,0,0,70.0236,70.0236,169090.4976,172007.9976,70.0236,,66.06
2240,2240,3,100,1.2975,0.25,0.2375,1.06,2.75,0,0.25,1.25,91.2532,90.0032,169180.5008,172099.2508,74.5498,,70.33
2241,2241,2.75,91.67,1.525,0.5,0.475,1.05,2.25,0,0.5,2.5,107.2532,104.7532,169285.254,172206.504,73.8465,,70.33
2242,2242,2.25,75,1.04,0,0,1.04,2.25,0,0,0,68.38,68.38,169353.634,172274.884,68.38,,65.75
2243,2243,2.25,75,1.04,0,0,1.04,2.25,0,0,0,67.652,67.652,169421.286,172342.536,67.652,,65.05
2244,2244,2.25,75,0.2335,-0.75,-0.8065,1.04,3,0,0.75,3.75,9.1785,5.4285,169426.7145,172351.7145,40.872,,39.3
2245,2245,3,100,1.04,0,0,1.04,3,0,0,0,62.3792,62.3792,169489.0937,172414.0937,62.3792,,59.98
2246,2246,3,100,1.04,0,0,1.04,3,0,0,0,67.1112,67.1112,169556.2049,172481.2049,67.1112,,64.53
2247,2247,3,100,1.04,0,0,1.04,3,0,0,0,67.548,67.548,169623.7529,172548.7529,67.548,,64.95
2248,2248,3,100,1.04,0,0,1.04,3,0,0,0,73.1432,73.1432,169696.8961,172621.8961,73.1432,,70.33
2249,2249,3,100,0,0,0,0,3,0,0,0,0,0,169696.8961,172621.8961,0,,70.33
2250,2250,3,100,0,0,0,0,3,0,0,0,0,0,169696.8961,172621.8961,0,,70.33
2251,2251,3,100,0,0,0,0,3,0,0,0,0,0,169696.8961,172621.8961,0,,70.31
2252,2252,3,100,1.16,0,0,1.16,3,0,0,0,81.5596,81.5596,169778.4557,172703.4557,81.5596,,70.31
2253,2253,3,100,1.16,0,0,1.16,3,0,0,0,81.2232,81.2232,169859.6789,172784.6789,81.2232,,70.02
2254,2254,3,100,1.16,0,0,1.16,3,0,0,0,70.7832,70.7832,169930.4621,172855.4621,70.7832,,61.02
2255,2255,3,100,1.16,0,0,1.16,3,0,0,0,75.0984,75.0984,170005.5605,172930.5605,75.0984,,64.74
2256,2256,3,100,1.15,0,0,1.15,3,0,0,0,71.4495,71.4495,170077.01,173002.01,71.4495,,62.13
2257,2257,3,100,1.14,0,0,1.14,3,0,0,0,63.441,63.441,170140.451,173065.451,63.441,,55.65
2258,2258,3,100,1.14,0,0,1.14,3,0,0,0,61.503,61.503,170201.954,173126.954,61.503,,53.95
2259,2259,3,100,1.16,0,0,1.16,3,0,0,0,62.64,62.64,170264.594,173189.594,62.64,,54
2260,2260,3,100,1.15,0,0,1.15,3,0,0,0,60.9615,60.9615,170325.5555,173250.5555,60.9615,,53.01
2261,2261,3,100,1.15,0,0,1.15,3,0,0,0,64.2965,64.2965,170389.852,173314.852,64.2965,,55.91
2262,2262,3,100,1.16,0,0,1.16,3,0,0,0,81.664,81.664,170471.516,173396.516,81.664,,70.4
2263,2263,3,100,1.4075,0.25,0.2375,1.17,2.75,0,0.25,1.25,99.1021,97.8521,170569.3681,173495.6181,82.3797,,70.41
2264,2264,2.75,91.67,1.3975,0.25,0.2375,1.16,2.5,0,0.25,1.25,98.398,97.148,170666.5161,173594.0161,81.6756,,70.41
2265,2265,2.5,83.33,1.8625,0.75,0.7125,1.15,1.75,0,0.75,3.75,131.1386,127.3886,170793.9047,173725.1547,80.9715,,70.41
2266,2266,1.75,58.33,1.15,0,0,1.15,1.75,0,0,0,67.6545,67.6545,170861.5592,173792.8092,67.6545,,58.83
2267,2267,1.75,58.33,1.14,0,0,1.14,1.75,0,0,0,61.56,61.56,170923.1192,173854.3692,61.56,,54
2268,2268,1.75,58.33,0.0647,-1,-1.0753,1.14,2.75,0,1,5,1.9439,-3.0561,170920.0631,173856.3131,34.2342,,30.03
2269,2269,2.75,91.67,1.14,0,0,1.14,2.75,0,0,0,60.4314,60.4314,170980.4945,173916.7445,60.4314,,53.01
2270,2270,2.75,91.67,1.14,0,0,1.14,2.75,0,0,0,70.7028,70.7028,171051.1973,173987.4473,70.7028,,62.02
2271,2271,2.75,91.67,1.14,0,0,1.14,2.75,0,0,0,77.9076,77.9076,171129.1049,174065.3549,77.9076,,68.34
2272,2272,2.75,91.67,1.3975,0.25,0.2375,1.16,2.5,0,0.25,1.25,98.398,97.148,171226.2529,174163.7529,81.6756,,70.41
2273,2273,2.5,83.33,1.3975,0.25,0.2375,1.16,2.25,0,0.25,1.25,98.398,97.148,171323.4009,174262.1509,81.6756,,70.41
2274,2274,2.25,75,1.7725,0.75,0.7125,1.06,1.5,0,0.75,3.75,124.8017,121.0517,171444.4526,174386.9526,74.6346,,70.41
2275,2275,1.5,50,1.7725,0.75,0.7125,1.06,0.75,0,0.75,3.75,124.8017,121.0517,171565.5043,174511.7543,74.6346,,70.41
2276,2276,0.75,25,1.7725,0.75,0.7125,1.06,0,0,0.75,3.75,124.8017,121.0517,171686.556,174636.556,74.6346,,70.41
2277,2277,0,0,1.07,0,0,1.07,0,0,0,0,75.328,75.328,171761.884,174711.884,75.328,,70.4
2278,2278,0,0,1.07,0,0,1.07,0,0,0,0,73.1024,73.1024,171834.9864,174784.9864,73.1024,,68.32
2279,2279,0,0,0.96,0,0,0.96,0,0,0,0,62.6208,62.6208,171897.6072,174847.6072,62.6208,,65.23
2280,2280,0,0,0.96,0,0,0.96,0,0,0,0,63.6576,63.6576,171961.2648,174911.2648,63.6576,,66.31
2281,2281,0,0,0.96,0,0,0.96,0,0,0,0,63.4656,63.4656,172024.7304,174974.7304,63.4656,,66.11
2282,2282,0,0,0.95,0,0,0.95,0,0,0,0,61.921,61.921,172086.6514,175036.6514,61.921,,65.18
2283,2283,0,0,0.96,0,0,0.96,0,0,0,0,56.3808,56.3808,172143.0322,175093.0322,56.3808,,58.73
2284,2284,0,0,0.97,0,0,0.97,0,0,0,0,54.1066,54.1066,172197.1388,175147.1388,54.1066,,55.78
2285,2285,0,0,0.97,0,0,0.97,0,0,0,0,57.715,57.715,172254.8538,175204.8538,57.715,,59.5
2286,2286,0,0,0.97,0,0,0.97,0,0,0,0,65.1258,65.1258,172319.9796,175269.9796,65.1258,,67.14
2287,2287,0,0,0.97,0,0,0.97,0,0,0,0,66.1249,66.1249,172386.1045,175336.1045,66.1249,,68.17
2288,2288,0,0,0.97,0,0,0.97,0,0,0,0,68.1231,68.1231,172454.2276,175404.2276,68.1231,,70.23
2289,2289,0,0,0.96,0,0,0.96,0,0,0,0,58.5024,58.5024,172512.73,175462.73,58.5024,,60.94
2290,2290,0,0,0.1435,-0.75,-0.8065,0.95,0.75,0,0.75,3.75,7.1315,3.3815,172516.1115,175469.8615,47.196,,49.68
2291,2291,0.75,25,0.1435,-0.75,-0.8065,0.95,1.5,0,0.75,3.75,5.1003,1.3503,172517.4618,175474.9618,33.7535,,35.53
2292,2292,1.5,50,0.1335,-0.75,-0.8065,0.94,2.25,0,0.75,3.75,2.7591,-0.9909,172516.4709,175477.7209,19.4204,,20.66
2293,2293,2.25,75,0.1335,-0.75,-0.8065,0.94,3,0,0.75,3.75,4.745,0.995,172517.4659,175482.4659,33.3982,,35.53
2294,2294,3,100,0.94,0,0,0.94,3,0,0,0,55.1122,55.1122,172572.5781,175537.5781,55.1122,,58.63
2295,2295,3,100,0.95,0,0,0.95,3,0,0,0,48.0985,48.0985,172620.6766,175585.6766,48.0985,,50.63
2296,2296,3,100,0,0,0,0,3,0,0,0,0,0,172620.6766,175585.6766,0,,70.24
2297,2297,3,100,0.96,0,0,0.96,3,0,0,0,67.4304,67.4304,172688.107,175653.107,67.4304,,70.24
2298,2298,3,100,0.96,0,0,0.96,3,0,0,0,67.4304,67.4304,172755.5374,175720.5374,67.4304,,70.24
2299,2299,3,100,1.91,1,0.95,0.96,2,0,1,5,134.1584,129.1584,172884.6958,175854.6958,67.4304,,70.24
2300,2300,2,66.67,2.85,2,1.9,0.95,0,0,2,10,200.184,190.184,173074.8798,176054.8798,66.728,,70.24
2301,2301,0,0,0.96,0,0,0.96,0,0,0,0,67.4208,67.4208,173142.3006,176122.3006,67.4208,,70.23
2302,2302,0,0,0.97,0,0,0.97,0,0,0,0,65.0482,65.0482,173207.3488,176187.3488,65.0482,,67.06
2303,2303,0,0,0.96,0,0,0.96,0,0,0,0,61.872,61.872,173269.2208,176249.2208,61.872,,64.45
2304,2304,0,0,0.96,0,0,0.96,0,0,0,0,58.3104,58.3104,173327.5312,176307.5312,58.3104,,60.74
2305,2305,0,0,0.95,0,0,0.95,0,0,0,0,56.297,56.297,173383.8282,176363.8282,56.297,,59.26
2306,2306,0,0,0.95,0,0,0.95,0,0,0,0,53.599,53.599,173437.4272,176417.4272,53.599,,56.42
2307,2307,0,0,0.96,0,0,0.96,0,0,0,0,53.4144,53.4144,173490.8416,176470.8416,53.4144,,55.64
2308,2308,0,0,0.96,0,0,0.96,0,0,0,0,56.8512,56.8512,173547.6928,176527.6928,56.8512,,59.22
2309,2309,0,0,0.96,0,0,0.96,0,0,0,0,56.8512,56.8512,173604.544,176584.544,56.8512,,59.22
2310,2310,0,0,0.97,0,0,0.97,0,0,0,0,67.5605,67.5605,173672.1045,176652.1045,67.5605,,69.65
2311,2311,0,0,0.97,0,0,0.97,0,0,0,0,64.8833,64.8833,173736.9878,176716.9878,64.8833,,66.89
2312,2312,0,0,0,0,0,0,0,0,0,0,0,0,173736.9878,176716.9878,0,,46.88
2313,2313,0,0,1.14,0,0,1.14,0,0,0,0,23.5182,23.5182,173760.506,176740.506,23.5182,,20.63
2314,2314,0,0,0.1047,-1,-1.0753,1.18,1,0,1,5,0.3666,-4.6334,173755.8726,176740.8726,4.13,,3.5
2315,2315,1,33.33,0.1647,-1,-1.0753,1.24,2,0,1,5,0.4415,-4.5585,173751.3141,176741.3141,3.3232,,2.68
2316,2316,2,66.67,0.1547,-1,-1.0753,1.23,3,0,1,5,0.4147,-4.5853,173746.7288,176741.7288,3.2964,,2.68
2317,2317,3,100,1.23,0,0,1.23,3,0,0,0,6.3345,6.3345,173753.0633,176748.0633,6.3345,,5.15
2318,2318,3,100,1.25,0,0,1.25,3,0,0,0,34.1875,34.1875,173787.2508,176782.2508,34.1875,,27.35
2319,2319,3,100,1.25,0,0,1.25,3,0,0,0,50.425,50.425,173837.6758,176832.6758,50.425,,40.34
2320,2320,3,100,1.25,0,0,1.25,3,0,0,0,87.3,87.3,173924.9758,176919.9758,87.3,,69.84
2321,2321,3,100,1.25,0,0,1.25,3,0,0,0,87.575,87.575,174012.5508,177007.5508,87.575,,70.06
2322,2322,3,100,1.3875,0.25,0.2375,1.15,2.75,0,0.25,1.25,97.2083,95.9583,174108.5091,177104.7591,80.569,,70.06
2323,2323,2.75,91.67,1.3875,0.25,0.2375,1.15,2.5,0,0.25,1.25,97.2083,95.9583,174204.4674,177201.9674,80.569,,70.06
2324,2324,2.5,83.33,2.8125,1.75,1.6625,1.15,0.75,0,1.75,8.75,197.0438,188.2938,174392.7612,177399.0112,80.569,,70.06
2325,2325,0.75,25,1.15,0,0,1.15,0.75,0,0,0,80.5575,80.5575,174473.3187,177479.5687,80.5575,,70.05
2326,2326,0.75,25,1.16,0,0,1.16,0.75,0,0,0,74.5764,74.5764,174547.8951,177554.1451,74.5764,,64.29
2327,2327,0.75,25,1.16,0,0,1.16,0.75,0,0,0,74.1008,74.1008,174621.9959,177628.2459,74.1008,,63.88
2328,2328,0.75,25,1.14,0,0,1.14,0.75,0,0,0,70.338,70.338,174692.3339,177698.5839,70.338,,61.7
2329,2329,0.75,25,1.14,0,0,1.14,0.75,0,0,0,68.0238,68.0238,174760.3577,177766.6077,68.0238,,59.67
2330,2330,0.75,25,1.14,0,0,1.14,0.75,0,0,0,61.4802,61.4802,174821.8379,177828.0879,61.4802,,53.93
2331,2331,0.75,25,0.0647,-1,-1.0753,1.14,1.75,0,1,5,3.1802,-1.8198,174820.0181,177831.2681,56.0082,,49.13
2332,2332,1.75,58.33,0.0647,-1,-1.0753,1.14,2.75,0,1,5,3.3964,-1.6036,174818.4145,177834.6645,59.8158,,52.47
2333,2333,2.75,91.67,1.15,0,0,1.15,2.75,0,0,0,62.0195,62.0195,174880.434,177896.684,62.0195,,53.93
2334,2334,2.75,91.67,1.15,0,0,1.15,2.75,0,0,0,73.324,73.324,174953.758,177970.008,73.324,,63.76
2335,2335,2.75,91.67,1.15,0,0,1.15,2.75,0,0,0,80.5575,80.5575,175034.3155,178050.5655,80.5575,,70.05
2336,2336,2.75,91.67,1.05,0,0,1.05,2.75,0,0,0,73.563,73.563,175107.8785,178124.1285,73.563,,70.06
2337,2337,2.75,91.67,2.465,1.5,1.425,1.04,1.25,0,1.5,7.5,172.6979,165.1979,175273.0764,178296.8264,72.8624,,70.06
2338,2338,1.25,41.67,1.04,0,0,1.04,1.25,0,0,0,64.2928,64.2928,175337.3692,178361.1192,64.2928,,61.82
2339,2339,1.25,41.67,1.04,0,0,1.04,1.25,0,0,0,63.2216,63.2216,175400.5908,178424.3408,63.2216,,60.79
2340,2340,1.25,41.67,0.2335,-0.75,-0.8065,1.04,2,0,0.75,3.75,6.7379,2.9879,175403.5787,178431.0787,30.004,,28.85
2341,2341,2,66.67,1.04,0,0,1.04,2,0,0,0,56.7008,56.7008,175460.2795,178487.7795,56.7008,,54.52
2342,2342,2,66.67,1.04,0,0,1.04,2,0,0,0,63.6584,63.6584,175523.9379,178551.4379,63.6584,,61.21
2343,2343,2,66.67,1.05,0,0,1.05,2,0,0,0,67.725,67.725,175591.6629,178619.1629,67.725,,64.5
2344,2344,2,66.67,1.05,0,0,1.05,2,0,0,0,73.563,73.563,175665.2259,178692.7259,73.563,,70.06
2345,2345,2,66.67,1.05,0,0,1.05,2,0,0,0,73.563,73.563,175738.7889,178766.2889,73.563,,70.06
2346,2346,2,66.67,2.95,2,1.9,1.05,0,0,2,10,206.677,196.677,175935.4659,178972.9659,73.563,,70.06
2347,2347,0,0,0.85,0,0,0.85,0,0,0,0,59.5425,59.5425,175995.0084,179032.5084,59.5425,,70.05
2348,2348,0,0,0.85,0,0,0.85,0,0,0,0,59.5425,59.5425,176054.5509,179092.0509,59.5425,,70.05
2349,2349,0,0,0.84,0,0,0.84,0,0,0,0,56.8344,56.8344,176111.3853,179148.8853,56.8344,,67.66
2350,2350,0,0,0.84,0,0,0.84,0,0,0,0,51.0636,51.0636,176162.4489,179199.9489,51.0636,,60.79
2351,2351,0,0,0.96,0,0,0.96,0,0,0,0,59.232,59.232,176221.6809,179259.1809,59.232,,61.7
2352,2352,0,0,0.95,0,0,0.95,0,0,0,0,58.729,58.729,176280.4099,179317.9099,58.729,,61.82
2353,2353,0,0,0.95,0,0,0.95,0,0,0,0,50.3785,50.3785,176330.7884,179368.2884,50.3785,,53.03
2354,2354,0,0,0.1435,-0.75,-0.8065,0.95,0.75,0,0.75,3.75,7.4171,3.6671,176334.4555,179375.7055,49.0865,,51.67
2355,2355,0.75,25,0.1335,-0.75,-0.8065,0.94,1.5,0,0.75,3.75,6.2607,2.5107,176336.9662,179381.9662,44.0672,,46.88
2356,2356,1.5,50,0.1335,-0.75,-0.8065,0.94,2.25,0,0.75,3.75,5.2284,1.4784,176338.4446,179387.1946,36.801,,39.15
2357,2357,2.25,75,0.1335,-0.75,-0.8065,0.94,3,0,0.75,3.75,6.2607,2.5107,176340.9553,179393.4553,44.0672,,46.88
2358,2358,3,100,0.96,0,0,0.96,3,0,0,0,51.9552,51.9552,176392.9105,179445.4105,51.9552,,54.12
2359,2359,3,100,0.96,0,0,0.96,3,0,0,0,64.7904,64.7904,176457.7009,179510.2009,64.7904,,67.49
2360,2360,3,100,2.385,1.5,1.425,0.96,1.5,0,1.5,7.5,167.0931,159.5931,176617.294,179677.294,67.2576,,70.06
2361,2361,1.5,50,0.96,0,0,0.96,1.5,0,0,0,67.248,67.248,176684.542,179744.542,67.248,,70.05
2362,2362,1.5,50,0.96,0,0,0.96,1.5,0,0,0,51.4368,51.4368,176735.9788,179795.9788,51.4368,,53.58
2363,2363,1.5,50,0.1535,-0.75,-0.8065,0.96,2.25,0,0.75,3.75,7.6375,3.8875,176739.8663,179803.6163,47.7504,,49.74
2364,2364,2.25,75,0.1635,-0.75,-0.8065,0.97,3,0,0.75,3.75,5.7962,2.0462,176741.9125,179809.4125,34.3768,,35.44
2365,2365,3,100,0.96,0,0,0.96,3,0,0,0,58.032,58.032,176799.9445,179867.4445,58.032,,60.45
2366,2366,3,100,0.94,0,0,0.94,3,0,0,0,55.789,55.789,176855.7335,179923.2335,55.789,,59.35
2367,2367,3,100,0.93,0,0,0.93,3,0,0,0,56.4603,56.4603,176912.1938,179979.6938,56.4603,,60.71
2368,2368,3,100,0.94,0,0,0.94,3,0,0,0,65.8564,65.8564,176978.0502,180045.5502,65.8564,,70.06
2369,2369,3,100,2.1375,1.25,1.1875,0.95,1.75,0,1.25,6.25,149.7533,143.5033,177121.5535,180195.3035,66.557,,70.06
2370,2370,1.75,58.33,2.6125,1.75,1.6625,0.95,0,0,1.75,8.75,183.0317,174.2817,177295.8352,180378.3352,66.557,,70.06
2371,2371,0,0,0.94,0,0,0.94,0,0,0,0,65.847,65.847,177361.6822,180444.1822,65.847,,70.05
2372,2372,0,0,0.95,0,0,0.95,0,0,0,0,66.5475,66.5475,177428.2297,180510.7297,66.5475,,70.05
2373,2373,0,0,0.94,0,0,0.94,0,0,0,0,63.92,63.92,177492.1497,180574.6497,63.92,,68
2374,2374,0,0,0.95,0,0,0.95,0,0,0,0,61.0755,61.0755,177553.2252,180635.7252,61.0755,,64.29
2375,2375,0,0,0.95,0,0,0.95,0,0,0,0,61.275,61.275,177614.5002,180697.0002,61.275,,64.5
2376,2376,0,0,0.95,0,0,0.95,0,0,0,0,60.5625,60.5625,177675.0627,180757.5627,60.5625,,63.75
2377,2377,0,0,0.94,0,0,0.94,0,0,0,0,52.969,52.969,177728.0317,180810.5317,52.969,,56.35
2378,2378,0,0,0.95,0,0,0.95,0,0,0,0,50.863,50.863,177778.8947,180861.3947,50.863,,53.54
2379,2379,0,0,0.94,0,0,0.94,0,0,0,0,50.3276,50.3276,177829.2223,180911.7223,50.3276,,53.54
2380,2380,0,0,0.94,0,0,0.94,0,0,0,0,52.9596,52.9596,177882.1819,180964.6819,52.9596,,56.34
2381,2381,0,0,0.95,0,0,0.95,0,0,0,0,56.0975,56.0975,177938.2794,181020.7794,56.0975,,59.05
2382,2382,0,0,0.95,0,0,0.95,0,0,0,0,66.1295,66.1295,178004.4089,181086.9089,66.1295,,69.61
2383,2383,0,0,0.95,0,0,0.95,0,0,0,0,66.3195,66.3195,178070.7284,181153.2284,66.3195,,69.81
2384,2384,0,0,0.96,0,0,0.96,0,0,0,0,67.0176,67.0176,178137.746,181220.246,67.0176,,69.81
2385,2385,0,0,0.95,0,0,0.95,0,0,0,0,66.3195,66.3195,178204.0655,181286.5655,66.3195,,69.81
2386,2386,0,0,0.95,0,0,0.95,0,0,0,0,64.372,64.372,178268.4375,181350.9375,64.372,,67.76
2387,2387,0,0,0.95,0,0,0.95,0,0,0,0,53.5325,53.5325,178321.97,181404.47,53.5325,,56.35
2388,2388,0,0,0.1435,-0.75,-0.8065,0.95,0.75,0,0.75,3.75,6.6319,2.8819,178324.8519,181411.1019,43.89,,46.2
2389,2389,0.75,25,0.95,0,0,0.95,0.75,0,0,0,52.421,52.421,178377.2729,181463.5229,52.421,,55.18
2390,2390,0.75,25,0.95,0,0,0.95,0.75,0,0,0,61.0565,61.0565,178438.3294,181524.5794,61.0565,,64.27
2391,2391,0.75,25,0.95,0,0,0.95,0.75,0,0,0,54.15,54.15,178492.4794,181578.7294,54.15,,57
2392,2392,0.75,25,0.95,0,0,0.95,0.75,0,0,0,66.3195,66.3195,178558.7989,181645.0489,66.3195,,69.81
2393,2393,0.75,25,1.6625,0.75,0.7125,0.95,0,0,0.75,3.75,116.0591,112.3091,178671.108,181761.108,66.3195,,69.81
2394,2394,0,0,0.94,0,0,0.94,0,0,0,0,65.6214,65.6214,178736.7294,181826.7294,65.6214,,69.81
2395,2395,0,0,0.94,0,0,0.94,0,0,0,0,65.612,65.612,178802.3414,181892.3414,65.612,,69.8
2396,2396,0,0,0.95,0,0,0.95,0,0,0,0,66.31,66.31,178868.6514,181958.6514,66.31,,69.8
2397,2397,0,0,0.95,0,0,0.95,0,0,0,0,66.31,66.31,178934.9614,182024.9614,66.31,,69.8
2398,2398,0,0,0.96,0,0,0.96,0,0,0,0,61.6992,61.6992,178996.6606,182086.6606,61.6992,,64.27
2399,2399,0,0,0.96,0,0,0.96,0,0,0,0,61.6992,61.6992,179058.3598,182148.3598,61.6992,,64.27
2400,2400,0,0,0.95,0,0,0.95,0,0,0,0,62.3675,62.3675,179120.7273,182210.7273,62.3675,,65.65
2401,2401,0,0,0.95,0,0,0.95,0,0,0,0,57.5035,57.5035,179178.2308,182268.2308,57.5035,,60.53
2402,2402,0,0,0.95,0,0,0.95,0,0,0,0,53.3235,53.3235,179231.5543,182321.5543,53.3235,,56.13
2403,2403,0,0,0.95,0,0,0.95,0,0,0,0,51.3475,51.3475,179282.9018,182372.9018,51.3475,,54.05
2404,2404,0,0,0.95,0,0,0.95,0,0,0,0,51.3475,51.3475,179334.2493,182424.2493,51.3475,,54.05
2405,2405,0,0,0.95,0,0,0.95,0,0,0,0,51.3475,51.3475,179385.5968,182475.5968,51.3475,,54.05
2406,2406,0,0,0.96,0,0,0.96,0,0,0,0,62.8992,62.8992,179448.496,182538.496,62.8992,,65.52
2407,2407,0,0,0.96,0,0,0.96,0,0,0,0,66.9696,66.9696,179515.4656,182605.4656,66.9696,,69.76
2408,2408,0,0,0.96,0,0,0.96,0,0,0,0,66.9696,66.9696,179582.4352,182672.4352,66.9696,,69.76
2409,2409,0,0,0.95,0,0,0.95,0,0,0,0,66.272,66.272,179648.7072,182738.7072,66.272,,69.76
2410,2410,0,0,1.04,0,0,1.04,0,0,0,0,72.54,72.54,179721.2472,182811.2472,72.54,,69.75
2411,2411,0,0,1.05,0,0,1.05,0,0,0,0,61.2465,61.2465,179782.4937,182872.4937,61.2465,,58.33
2412,2412,0,0,1.05,0,0,1.05,0,0,0,0,56.007,56.007,179838.5007,182928.5007,56.007,,53.34
2413,2413,0,0,1.04,0,0,1.04,0,0,0,0,62.2544,62.2544,179900.7551,182990.7551,62.2544,,59.86
2414,2414,0,0,1.04,0,0,1.04,0,0,0,0,67.6416,67.6416,179968.3967,183058.3967,67.6416,,65.04
2415,2415,0,0,1,0,0,1,0,0,0,0,60.53,60.53,180028.9267,183118.9267,60.53,,60.53
2416,2416,0,0,1.06,0,0,1.06,0,0,0,0,73.9456,73.9456,180102.8723,183192.8723,73.9456,,69.76
2417,2417,0,0,1.05,0,0,1.05,0,0,0,0,73.248,73.248,180176.1203,183266.1203,73.248,,69.76
2418,2418,0,0,1.05,0,0,1.05,0,0,0,0,73.248,73.248,180249.3683,183339.3683,73.248,,69.76
2419,2419,0,0,1.04,0,0,1.04,0,0,0,0,72.5504,72.5504,180321.9187,183411.9187,72.5504,,69.76
2420,2420,0,0,1.05,0,0,1.05,0,0,0,0,71.0955,71.0955,180393.0142,183483.0142,71.0955,,67.71
2421,2421,0,0,1.05,0,0,1.05,0,0,0,0,70.371,70.371,180463.3852,183553.3852,70.371,,67.02
2422,2422,0,0,1.05,0,0,1.05,0,0,0,0,63.5565,63.5565,180526.9417,183616.9417,63.5565,,60.53
2423,2423,0,0,1.05,0,0,1.05,0,0,0,0,67.2105,67.2105,180594.1522,183684.1522,67.2105,,64.01
2424,2424,0,0,1.05,0,0,1.05,0,0,0,0,68.838,68.838,180662.9902,183752.9902,68.838,,65.56
2425,2425,0,0,1.05,0,0,1.05,0,0,0,0,68.838,68.838,180731.8282,183821.8282,68.838,,65.56
2426,2426,0,0,1.05,0,0,1.05,0,0,0,0,63.4515,63.4515,180795.2797,183885.2797,63.4515,,60.43
2427,2427,0,0,1.05,0,0,1.05,0,0,0,0,56.553,56.553,180851.8327,183941.8327,56.553,,53.86
2428,2428,0,0,1.05,0,0,1.05,0,0,0,0,56.553,56.553,180908.3857,183998.3857,56.553,,53.86
2429,2429,0,0,0.2535,-0.75,-0.8065,1.06,0.75,0,0.75,3.75,11.9523,8.2023,180916.588,184010.338,49.9684,,47.14
2430,2430,0.75,25,0.2535,-0.75,-0.8065,1.06,1.5,0,0.75,3.75,13.2099,9.4599,180926.0479,184023.5479,55.226,,52.1
2431,2431,1.5,50,1.06,0,0,1.06,1.5,0,0,0,72.7478,72.7478,180998.7957,184096.2957,72.7478,,68.63
2432,2432,1.5,50,1.06,0,0,1.06,1.5,0,0,0,73.829,73.829,181072.6247,184170.1247,73.829,,69.65
2433,2433,1.5,50,1.04,0,0,1.04,1.5,0,0,0,72.436,72.436,181145.0607,184242.5607,72.436,,69.65
2434,2434,1.5,50,1.14,0,0,1.14,1.5,0,0,0,78.888,78.888,181223.9487,184321.4487,78.888,,69.2
2435,2435,1.5,50,1.14,0,0,1.14,1.5,0,0,0,67.7274,67.7274,181291.6761,184389.1761,67.7274,,59.41
2436,2436,1.5,50,0.1547,-1,-1.0753,1.23,2.5,0,1,5,7.1316,2.1316,181293.8077,184396.3077,56.6907,,46.09
2437,2437,2.5,83.33,1.24,0,0,1.24,2.5,0,0,0,65.8936,65.8936,181359.7013,184462.2013,65.8936,,53.14
2438,2438,2.5,83.33,1.24,0,0,1.24,2.5,0,0,0,81.2944,81.2944,181440.9957,184543.4957,81.2944,,65.56
2439,2439,2.5,83.33,1.25,0,0,1.25,2.5,0,0,0,83.8625,83.8625,181524.8582,184627.3582,83.8625,,67.09
2440,2440,2.5,83.33,1.25,0,0,1.25,2.5,0,0,0,87.0625,87.0625,181611.9207,184714.4207,87.0625,,69.65
2441,2441,2.5,83.33,2.9125,1.75,1.6625,1.25,0.75,0,1.75,8.75,202.8556,194.1056,181806.0263,184917.2763,87.0625,,69.65
2442,2442,0.75,25,1.14,0,0,1.14,0.75,0,0,0,79.401,79.401,181885.4273,184996.6773,79.401,,69.65
2443,2443,0.75,25,1.3875,0.25,0.2375,1.15,0.5,0,0.25,1.25,96.6394,95.3894,181980.8167,185093.3167,80.0975,,69.65
2444,2444,0.5,16.67,1.625,0.5,0.475,1.15,0,0,0.5,2.5,113.1813,110.6813,182091.498,185206.498,80.0975,,69.65
2445,2445,0,0,1.15,0,0,1.15,0,0,0,0,77.2455,77.2455,182168.7435,185283.7435,77.2455,,67.17
2446,2446,0,0,1.14,0,0,1.14,0,0,0,0,71.022,71.022,182239.7655,185354.7655,71.022,,62.3
2447,2447,0,0,1.16,0,0,1.16,0,0,0,0,71.1776,71.1776,182310.9431,185425.9431,71.1776,,61.36
2448,2448,0,0,1.15,0,0,1.15,0,0,0,0,75.003,75.003,182385.9461,185500.9461,75.003,,65.22
2449,2449,0,0,1.14,0,0,1.14,0,0,0,0,66.8496,66.8496,182452.7957,185567.7957,66.8496,,58.64
2450,2450,0,0,0.0647,-1,-1.0753,1.14,1,0,1,5,3.1744,-1.8256,182450.9701,185570.9701,55.9056,,49.04
2451,2451,1,33.33,0.0647,-1,-1.0753,1.14,2,0,1,5,2.7219,-2.2781,182448.692,185573.692,47.937,,42.05
2452,2452,2,66.67,1.15,0,0,1.15,2,0,0,0,61.065,61.065,182509.757,185634.757,61.065,,53.1
2453,2453,2,66.67,0.0747,-1,-1.0753,1.15,3,0,1,5,3.6387,-1.3613,182508.3957,185638.3957,55.9935,,48.69
2454,2454,3,100,1.15,0,0,1.15,3,0,0,0,72.8065,72.8065,182581.2022,185711.2022,72.8065,,63.31
2455,2455,3,100,1.15,0,0,1.15,3,0,0,0,61.939,61.939,182643.1412,185773.1412,61.939,,53.86
2456,2456,3,100,2.3475,1.25,1.1875,1.16,1.75,0,1.25,6.25,163.0104,156.7604,182799.9016,185936.1516,80.5504,,69.44
2457,2457,1.75,58.33,2.8025,1.75,1.6625,1.14,0,0,1.75,8.75,194.6056,185.8556,182985.7572,186130.7572,79.1616,,69.44
2458,2458,0,0,1.14,0,0,1.14,0,0,0,0,76.8132,76.8132,183062.5704,186207.5704,76.8132,,67.38
2459,2459,0,0,1.14,0,0,1.14,0,0,0,0,67.5222,67.5222,183130.0926,186275.0926,67.5222,,59.23
2460,2460,0,0,0.0647,-1,-1.0753,1.14,1,0,1,5,2.274,-2.726,183127.3666,186277.3666,40.0482,,35.13
2461,2461,1,33.33,0.1647,-1,-1.0753,1.24,2,0,1,5,7.4837,2.4837,183129.8503,186284.8503,56.3332,,45.43
2462,2462,2,66.67,0.1747,-1,-1.0753,1.25,3,0,1,5,8.5566,3.5566,183133.4069,186293.4069,61.2125,,48.97
2463,2463,3,100,1.25,0,0,1.25,3,0,0,0,73.425,73.425,183206.8319,186366.8319,73.425,,58.74
2464,2464,3,100,1.26,0,0,1.26,3,0,0,0,87.4944,87.4944,183294.3263,186454.3263,87.4944,,69.44
2465,2465,3,100,1.4875,0.25,0.2375,1.25,2.75,0,0.25,1.25,103.292,102.042,183396.3683,186557.6183,86.8,,69.44
2466,2466,2.75,91.67,1.4875,0.25,0.2375,1.25,2.5,0,0.25,1.25,103.292,102.042,183498.4103,186660.9103,86.8,,69.44
2467,2467,2.5,83.33,1.26,0,0,1.26,2.5,0,0,0,87.4944,87.4944,183585.9047,186748.4047,87.4944,,69.44
2468,2468,2.5,83.33,1.9625,0.75,0.7125,1.25,1.75,0,0.75,3.75,136.276,132.526,183718.4307,186884.6807,86.8,,69.44
2469,2469,1.75,58.33,2.9125,1.75,1.6625,1.25,0,0,1.75,8.75,202.244,193.494,183911.9247,187086.9247,86.8,,69.44
2470,2470,0,0,1.25,0,0,1.25,0,0,0,0,75.3125,75.3125,183987.2372,187162.2372,75.3125,,60.25
2471,2471,0,0,1.25,0,0,1.25,0,0,0,0,75.2375,75.2375,184062.4747,187237.4747,75.2375,,60.19
2472,2472,0,0,1.25,0,0,1.25,0,0,0,0,78.5125,78.5125,184140.9872,187315.9872,78.5125,,62.81
2473,2473,0,0,1.24,0,0,1.24,0,0,0,0,74.4,74.4,184215.3872,187390.3872,74.4,,60
2474,2474,0,0,1.24,0,0,1.24,0,0,0,0,68.2992,68.2992,184283.6864,187458.6864,68.2992,,55.08
2475,2475,0,0,1.24,0,0,1.24,0,0,0,0,70.8288,70.8288,184354.5152,187529.5152,70.8288,,57.12
2476,2476,0,0,1.24,0,0,1.24,0,0,0,0,71.7836,71.7836,184426.2988,187601.2988,71.7836,,57.89
2477,2477,0,0,1.25,0,0,1.25,0,0,0,0,70.9875,70.9875,184497.2863,187672.2863,70.9875,,56.79
2478,2478,0,0,1.25,0,0,1.25,0,0,0,0,86.7,86.7,184583.9863,187758.9863,86.7,,69.36
2479,2479,0,0,1.25,0,0,1.25,0,0,0,0,76.425,76.425,184660.4113,187835.4113,76.425,,61.14
2480,2480,0,0,1.25,0,0,1.25,0,0,0,0,84.125,84.125,184744.5363,187919.5363,84.125,,67.3
2481,2481,0,0,1.24,0,0,1.24,0,0,0,0,48.0624,48.0624,184792.5987,187967.5987,48.0624,,38.76
2482,2482,0,0,1.24,0,0,1.24,0,0,0,0,43.5116,43.5116,184836.1103,188011.1103,43.5116,,35.09
2483,2483,0,0,0.1647,-1,-1.0753,1.24,1,0,1,5,3.3605,-1.6395,184834.4708,188014.4708,25.296,,20.4
2484,2484,1,33.33,0.1747,-1,-1.0753,1.25,2,0,1,5,2.5563,-2.4437,184832.0271,188017.0271,18.2875,,14.63
2485,2485,2,66.67,1.3,0,0,1.3,2,0,0,0,37.128,37.128,184869.1551,188054.1551,37.128,,28.56
2486,2486,2,66.67,0.2047,-1,-1.0753,1.28,3,0,1,5,5.5441,0.5441,184869.6992,188059.6992,34.6624,,27.08
2487,2487,3,100,1.3,0,0,1.3,3,0,0,0,35.204,35.204,184904.9032,188094.9032,35.204,,27.08
2488,2488,3,100,1.3,0,0,1.3,3,0,0,0,87.49,87.49,184992.3932,188182.3932,87.49,,67.3
2489,2489,3,100,1.3,0,0,1.3,3,0,0,0,90.168,90.168,185082.5612,188272.5612,90.168,,69.36
2490,2490,3,100,1.3,0,0,1.3,3,0,0,0,90.168,90.168,185172.7292,188362.7292,90.168,,69.36
2491,2491,3,100,1.3,0,0,1.3,3,0,0,0,90.168,90.168,185262.8972,188452.8972,90.168,,69.36
2492,2492,3,100,2.4875,1.25,1.1875,1.3,1.75,0,1.25,6.25,172.533,166.283,185429.1802,188625.4302,90.168,,69.36
2493,2493,1.75,58.33,2.9625,1.75,1.6625,1.3,0,0,1.75,8.75,205.479,196.729,185625.9092,188830.9092,90.168,,69.36
2494,2494,0,0,1.3,0,0,1.3,0,0,0,0,62.231,62.231,185688.1402,188893.1402,62.231,,47.87
2495,2495,0,0,1.3,0,0,1.3,0,0,0,0,60.996,60.996,185749.1362,188954.1362,60.996,,46.92
2496,2496,0,0,1.3,0,0,1.3,0,0,0,0,75.712,75.712,185824.8482,189029.8482,75.712,,58.24
2497,2497,0,0,1.3,0,0,1.3,0,0,0,0,57.109,57.109,185881.9572,189086.9572,57.109,,43.93
2498,2498,0,0,0.2247,-1,-1.0753,1.3,1,0,1,5,6.3936,1.3936,185883.3508,189093.3508,36.985,,28.45
2499,2499,1,33.33,0.2247,-1,-1.0753,1.3,2,0,1,5,8.7106,3.7106,185887.0614,189102.0614,50.388,,38.76
2500,2500,2,66.67,0.2247,-1,-1.0753,1.3,3,0,1,5,7.8858,2.8858,185889.9472,189109.9472,45.617,,35.09
2501,2501,3,100,1.31,0,0,1.31,3,0,0,0,50.7756,50.7756,185940.7228,189160.7228,50.7756,,38.76
2502,2502,3,100,1.31,0,0,1.31,3,0,0,0,90.2983,90.2983,186031.0211,189251.0211,90.2983,,68.93
2503,2503,3,100,2.4975,1.25,1.1875,1.31,1.75,0,1.25,6.25,173.2266,166.9766,186197.9977,189424.2477,90.8616,,69.36
2504,2504,1.75,58.33,2.9625,1.75,1.6625,1.3,0,0,1.75,8.75,205.479,196.729,186394.7267,189629.7267,90.168,,69.36
2505,2505,0,0,1.29,0,0,1.29,0,0,0,0,88.1457,88.1457,186482.8724,189717.8724,88.1457,,68.33
2506,2506,0,0,1.28,0,0,1.28,0,0,0,0,39.168,39.168,186522.0404,189757.0404,39.168,,30.6
2507,2507,0,0,0.2047,-1,-1.0753,1.28,1,0,1,5,5.8471,0.8471,186522.8875,189762.8875,36.5568,,28.56
2508,2508,1,33.33,0.2047,-1,-1.0753,1.28,2,0,1,5,3.2573,-1.7427,186521.1448,189766.1448,20.3648,,15.91
2509,2509,2,66.67,1.28,0,0,1.28,2,0,0,0,42.3424,42.3424,186563.4872,189808.4872,42.3424,,33.08
2510,2510,2,66.67,1.29,0,0,1.29,2,0,0,0,39.474,39.474,186602.9612,189847.9612,39.474,,30.6
2511,2511,2,66.67,0.2247,-1,-1.0753,1.3,3,0,1,5,6.4183,1.4183,186604.3795,189854.3795,37.128,,28.56
2512,2512,3,100,1.3,0,0,1.3,3,0,0,0,90.168,90.168,186694.5475,189944.5475,90.168,,69.36
2513,2513,3,100,1.31,0,0,1.31,3,0,0,0,90.8616,90.8616,186785.4091,190035.4091,90.8616,,69.36
2514,2514,3,100,1.3,0,0,1.3,3,0,0,0,90.168,90.168,186875.5771,190125.5771,90.168,,69.36
2515,2515,3,100,2.4675,1.25,1.1875,1.28,1.75,0,1.25,6.25,171.1458,164.8958,187040.4729,190296.7229,88.7808,,69.36
2516,2516,1.75,58.33,2.8225,1.75,1.6625,1.16,0,0,1.75,8.75,195.7686,187.0186,187227.4915,190492.4915,80.4576,,69.36
2517,2517,0,0,1.16,0,0,1.16,0,0,0,0,70.876,70.876,187298.3675,190563.3675,70.876,,61.1
2518,2518,0,0,1.16,0,0,1.16,0,0,0,0,40.7044,40.7044,187339.0719,190604.0719,40.7044,,35.09
2519,2519,0,0,0.0847,-1,-1.0753,1.16,1,0,1,5,2.686,-2.314,187336.7579,190606.7579,36.772,,31.7
2520,2520,1,33.33,1.15,0,0,1.15,1,0,0,0,40.3535,40.3535,187377.1114,190647.1114,40.3535,,35.09
2521,2521,1,33.33,1.15,0,0,1.15,1,0,0,0,38.4675,38.4675,187415.5789,190685.5789,38.4675,,33.45
2522,2522,1,33.33,0.0747,-1,-1.0753,1.15,2,0,1,5,2.2105,-2.7895,187412.7894,190687.7894,34.017,,29.58
2523,2523,2,66.67,0.0747,-1,-1.0753,1.15,3,0,1,5,2.2868,-2.7132,187410.0762,190690.0762,35.19,,30.6
2524,2524,3,100,1.16,0,0,1.16,3,0,0,0,38.802,38.802,187448.8782,190728.8782,38.802,,33.45
2525,2525,3,100,1.16,0,0,1.16,3,0,0,0,38.802,38.802,187487.6802,190767.6802,38.802,,33.45
2526,2526,3,100,1.16,0,0,1.16,3,0,0,0,69.8088,69.8088,187557.489,190837.489,69.8088,,60.18
2527,2527,3,100,2.3475,1.25,1.1875,1.16,1.75,0,1.25,6.25,162.8226,156.5726,187714.0616,191000.3116,80.4576,,69.36
2528,2528,1.75,58.33,2.8225,1.75,1.6625,1.16,0,0,1.75,8.75,195.7686,187.0186,187901.0802,191196.0802,80.4576,,69.36
2529,2529,0,0,1.14,0,0,1.14,0,0,0,0,72.789,72.789,187973.8692,191268.8692,72.789,,63.85
2530,2530,0,0,0.0647,-1,-1.0753,1.14,1,0,1,5,2.1653,-2.8347,187971.0345,191271.0345,38.133,,33.45
2531,2531,1,33.33,1.13,0,0,1.13,1,0,0,0,39.6517,39.6517,188010.6862,191310.6862,39.6517,,35.09
2532,2532,1,33.33,0.0447,-1,-1.0753,1.12,2,0,1,5,0.7117,-4.2883,188006.3979,191311.3979,17.8192,,15.91
2533,2533,2,66.67,0.0647,-1,-1.0753,1.14,3,0,1,5,2.1653,-2.8347,188003.5632,191313.5632,38.133,,33.45
2534,2534,3,100,1.14,0,0,1.14,3,0,0,0,44.1864,44.1864,188047.7496,191357.7496,44.1864,,38.76
2535,2535,3,100,1.14,0,0,1.14,3,0,0,0,77.9874,77.9874,188125.737,191435.737,77.9874,,68.41
2536,2536,3,100,1.16,0,0,1.16,3,0,0,0,80.4576,80.4576,188206.1946,191516.1946,80.4576,,69.36
2537,2537,3,100,2.3375,1.25,1.1875,1.15,1.75,0,1.25,6.25,162.129,155.879,188362.0736,191678.3236,79.764,,69.36
2538,2538,1.75,58.33,2.8125,1.75,1.6625,1.15,0,0,1.75,8.75,195.075,186.325,188548.3986,191873.3986,79.764,,69.36
2539,2539,0,0,1.15,0,0,1.15,0,0,0,0,79.0855,79.0855,188627.4841,191952.4841,79.0855,,68.77
2540,2540,0,0,1.15,0,0,1.15,0,0,0,0,71.162,71.162,188698.6461,192023.6461,71.162,,61.88
2541,2541,0,0,1.15,0,0,1.15,0,0,0,0,69.207,69.207,188767.8531,192092.8531,69.207,,60.18
2542,2542,0,0,1.15,0,0,1.15,0,0,0,0,57.5,57.5,188825.3531,192150.3531,57.5,,50
2543,2543,0,0,0.0747,-1,-1.0753,1.15,1,0,1,5,3.4683,-1.5317,188823.8214,192153.8214,53.3715,,46.41
2544,2544,1,33.33,1.15,0,0,1.15,1,0,0,0,66.8495,66.8495,188890.6709,192220.6709,66.8495,,58.13
2545,2545,1,33.33,1.15,0,0,1.15,1,0,0,0,66.8495,66.8495,188957.5204,192287.5204,66.8495,,58.13
2546,2546,1,33.33,1.15,0,0,1.15,1,0,0,0,58.6615,58.6615,189016.1819,192346.1819,58.6615,,51.01
2547,2547,1,33.33,0.0847,-1,-1.0753,1.16,2,0,1,5,3.2833,-1.7167,189014.4652,192349.4652,44.95,,38.75
2548,2548,2,66.67,0.0847,-1,-1.0753,1.16,3,0,1,5,3.6511,-1.3489,189013.1163,192353.1163,49.9844,,43.09
2549,2549,3,100,1.16,0,0,1.16,3,0,0,0,61.5148,61.5148,189074.6311,192414.6311,61.5148,,53.03
2550,2550,3,100,1.16,0,0,1.16,3,0,0,0,70.9688,70.9688,189145.5999,192485.5999,70.9688,,61.18
2551,2551,3,100,1.16,0,0,1.16,3,0,0,0,79.4252,79.4252,189225.0251,192565.0251,79.4252,,68.47
2552,2552,3,100,2.3475,1.25,1.1875,1.16,1.75,0,1.25,6.25,162.7757,156.5257,189381.5508,192727.8008,80.4344,,69.34
2553,2553,1.75,58.33,2.8025,1.75,1.6625,1.14,0,0,1.75,8.75,194.3253,185.5753,189567.1261,192922.1261,79.0476,,69.34
2554,2554,0,0,1.14,0,0,1.14,0,0,0,0,57.4332,57.4332,189624.5593,192979.5593,57.4332,,50.38
2555,2555,0,0,0.0747,-1,-1.0753,1.15,1,0,1,5,3.7358,-1.2642,189623.2951,192983.2951,57.4885,,49.99
2556,2556,1,33.33,0.0647,-1,-1.0753,1.14,2,0,1,5,1.3205,-3.6795,189619.6156,192984.6156,23.256,,20.4
2557,2557,2,66.67,0.0647,-1,-1.0753,1.14,3,0,1,5,3.2359,-1.7641,189617.8515,192987.8515,56.9886,,49.99
2558,2558,3,100,1.14,0,0,1.14,3,0,0,0,69.7566,69.7566,189687.6081,193057.6081,69.7566,,61.19
2559,2559,3,100,1.14,0,0,1.14,3,0,0,0,64.3758,64.3758,189751.9839,193121.9839,64.3758,,56.47
2560,2560,3,100,1.16,0,0,1.16,3,0,0,0,80.4344,80.4344,189832.4183,193202.4183,80.4344,,69.34
2561,2561,3,100,1.16,0,0,1.16,3,0,0,0,80.4344,80.4344,189912.8527,193282.8527,80.4344,,69.34
2562,2562,3,100,2.565,1.5,1.425,1.14,1.5,0,1.5,7.5,177.8571,170.3571,190083.2098,193460.7098,79.0476,,69.34
2563,2563,1.5,50,2.565,1.5,1.425,1.14,0,0,1.5,7.5,177.8571,170.3571,190253.5669,193638.5669,79.0476,,69.34
2564,2564,0,0,1.15,0,0,1.15,0,0,0,0,77.395,77.395,190330.9619,193715.9619,77.395,,67.3
2565,2565,0,0,1.15,0,0,1.15,0,0,0,0,71.9555,71.9555,190402.9174,193787.9174,71.9555,,62.57
2566,2566,0,0,1.15,0,0,1.15,0,0,0,0,64.6645,64.6645,190467.5819,193852.5819,64.6645,,56.23
2567,2567,0,0,1.15,0,0,1.15,0,0,0,0,61.3525,61.3525,190528.9344,193913.9344,61.3525,,53.35
2568,2568,0,0,1.15,0,0,1.15,0,0,0,0,59.0985,59.0985,190588.0329,193973.0329,59.0985,,51.39
2569,2569,0,0,0.0747,-1,-1.0753,1.15,1,0,1,5,2.644,-2.356,190585.6769,193975.6769,40.687,,35.38
2570,2570,1,33.33,0.0847,-1,-1.0753,1.16,2,0,1,5,2.9758,-2.0242,190583.6527,193978.6527,40.7392,,35.12
2571,2571,2,66.67,1.16,0,0,1.16,2,0,0,0,47.3628,47.3628,190631.0155,194026.0155,47.3628,,40.83
2572,2572,2,66.67,1.15,0,0,1.15,2,0,0,0,46.9545,46.9545,190677.97,194072.97,46.9545,,40.83
2573,2573,2,66.67,0.0747,-1,-1.0753,1.15,3,0,1,5,2.7613,-2.2387,190675.7313,194075.7313,42.4925,,36.95
2574,2574,3,100,1.15,0,0,1.15,3,0,0,0,76.2105,76.2105,190751.9418,194151.9418,76.2105,,66.27
2575,2575,3,100,1.625,0.5,0.475,1.15,2.5,0,0.5,2.5,112.8075,110.3075,190862.2493,194264.7493,79.833,,69.42
2576,2576,2.5,83.33,1.8725,0.75,0.7125,1.16,1.75,0,0.75,3.75,129.9889,126.2389,190988.4882,194394.7382,80.5272,,69.42
2577,2577,1.75,58.33,2.8125,1.75,1.6625,1.15,0,0,1.75,8.75,195.2438,186.4938,191174.982,194589.982,79.833,,69.42
2578,2578,0,0,0.0747,-1,-1.0753,1.15,1,0,1,5,2.6246,-2.3754,191172.6066,194592.6066,40.388,,35.12
2579,2579,1,33.33,1.15,0,0,1.15,1,0,0,0,44.6085,44.6085,191217.2151,194637.2151,44.6085,,38.79
2580,2580,1,33.33,0.0647,-1,-1.0753,1.14,2,0,1,5,0.6764,-4.3236,191212.8915,194637.8915,11.913,,10.45
2581,2581,2,66.67,0.0747,-1,-1.0753,1.15,3,0,1,5,2.6246,-2.3754,191210.5161,194640.5161,40.388,,35.12
2582,2582,3,100,1.15,0,0,1.15,3,0,0,0,54.004,54.004,191264.5201,194694.5201,54.004,,46.96
2583,2583,3,100,1.14,0,0,1.14,3,0,0,0,63.6804,63.6804,191328.2005,194758.2005,63.6804,,55.86
2584,2584,3,100,1.16,0,0,1.16,3,0,0,0,80.5272,80.5272,191408.7277,194838.7277,80.5272,,69.42
2585,2585,3,100,1.16,0,0,1.16,3,0,0,0,80.5272,80.5272,191489.2549,194919.2549,80.5272,,69.42
2586,2586,3,100,2.3375,1.25,1.1875,1.15,1.75,0,1.25,6.25,162.2692,156.0192,191645.2741,195081.5241,79.833,,69.42
2587,2587,1.75,58.33,2.8125,1.75,1.6625,1.15,0,0,1.75,8.75,195.2438,186.4938,191831.7679,195276.7679,79.833,,69.42
2588,2588,0,0,1.15,0,0,1.15,0,0,0,0,73.462,73.462,191905.2299,195350.2299,73.462,,63.88
2589,2589,0,0,1.15,0,0,1.15,0,0,0,0,76.3025,76.3025,191981.5324,195426.5324,76.3025,,66.35
2590,2590,0,0,1.15,0,0,1.15,0,0,0,0,65.4465,65.4465,192046.9789,195491.9789,65.4465,,56.91
2591,2591,0,0,0.0747,-1,-1.0753,1.15,1,0,1,5,3.0513,-1.9487,192045.0302,195495.0302,46.9545,,40.83
2592,2592,1,33.33,1.15,0,0,1.15,1,0,0,0,61.456,61.456,192106.4862,195556.4862,61.456,,53.44
2593,2593,1,33.33,0.7812,-0.25,-0.2688,1.05,1.25,0,0.25,1.25,39.1138,37.8638,192144.35,195595.6,52.5735,,50.07
2594,2594,1.25,41.67,0.2435,-0.75,-0.8065,1.05,2,0,0.75,3.75,9.9514,6.2014,192150.5514,195605.5514,42.903,,40.86
2595,2595,2,66.67,0.2435,-0.75,-0.8065,1.05,2.75,0,0.75,3.75,9.4545,5.7045,192156.2559,195615.0059,40.761,,38.82
2596,2596,2.75,91.67,0.7812,-0.25,-0.2688,1.05,3,0,0.25,1.25,39.1138,37.8638,192194.1197,195654.1197,52.5735,,50.07
2597,2597,3,100,1.06,0,0,1.06,3,0,0,0,61.48,61.48,192255.5997,195715.5997,61.48,,58
2598,2598,3,100,1.06,0,0,1.06,3,0,0,0,73.193,73.193,192328.7927,195788.7927,73.193,,69.05
2599,2599,3,100,2.2475,1.25,1.1875,1.06,1.75,0,1.25,6.25,156.1113,149.8613,192478.654,195944.904,73.6276,,69.46
2600,2600,1.75,58.33,2.7225,1.75,1.6625,1.06,0,0,1.75,8.75,189.1048,180.3548,192659.0088,196134.0088,73.6276,,69.46
2601,2601,0,0,1.05,0,0,1.05,0,0,0,0,71.862,71.862,192730.8708,196205.8708,71.862,,68.44
2602,2602,0,0,0.2335,-0.75,-0.8065,1.04,0.75,0,0.75,3.75,6.5977,2.8477,192733.7185,196212.4685,29.38,,28.25
2603,2603,0.75,25,0.2335,-0.75,-0.8065,1.04,1.5,0,0.75,3.75,5.4113,1.6613,192735.3798,196217.8798,24.0968,,23.17
2604,2604,1.5,50,0.2435,-0.75,-0.8065,1.05,2.25,0,0.75,3.75,1.2494,-2.5006,192732.8792,196219.1292,5.3865,,5.13
2605,2605,2.25,75,0.2335,-0.75,-0.8065,1.04,3,0,0.75,3.75,4.0544,0.3044,192733.1836,196223.1836,18.0544,,17.36
2606,2606,3,100,1.05,0,0,1.05,3,0,0,0,57.918,57.918,192791.1016,196281.1016,57.918,,55.16
2607,2607,3,100,1.04,0,0,1.04,3,0,0,0,51.688,51.688,192842.7896,196332.7896,51.688,,49.7
2608,2608,3,100,1.06,0,0,1.06,3,0,0,0,73.4156,73.4156,192916.2052,196406.2052,73.4156,,69.26
2609,2609,3,100,1.05,0,0,1.05,3,0,0,0,72.933,72.933,192989.1382,196479.1382,72.933,,69.46
2610,2610,3,100,2.475,1.5,1.425,1.05,1.5,0,1.5,7.5,171.9135,164.4135,193153.5517,196651.0517,72.933,,69.46
2611,2611,1.5,50,2.455,1.5,1.425,1.03,0,0,1.5,7.5,170.5243,163.0243,193316.576,196821.576,71.5438,,69.46
2612,2612,0,0,1.04,0,0,1.04,0,0,0,0,70.1168,70.1168,193386.6928,196891.6928,70.1168,,67.42
2613,2613,0,0,1.05,0,0,1.05,0,0,0,0,70.2555,70.2555,193456.9483,196961.9483,70.2555,,66.91
2614,2614,0,0,1.05,0,0,1.05,0,0,0,0,58.1385,58.1385,193515.0868,197020.0868,58.1385,,55.37
2615,2615,0,0,0.2435,-0.75,-0.8065,1.05,0.75,0,0.75,3.75,9.4545,5.7045,193520.7913,197029.5413,40.761,,38.82
2616,2616,0.75,25,1.7625,0.75,0.7125,1.05,0,0,0.75,3.75,115.5671,111.8171,193632.6084,197145.1084,68.8485,,65.57
2617,2617,0,0,1.05,0,0,1.05,0,0,0,0,60.333,60.333,193692.9414,197205.4414,60.333,,57.46
2618,2618,0,0,0.2335,-0.75,-0.8065,1.04,0.75,0,0.75,3.75,8.6763,4.9263,193697.8677,197214.1177,38.636,,37.15
2619,2619,0.75,25,0.2435,-0.75,-0.8065,1.05,1.5,0,0.75,3.75,8.5973,4.8473,193702.715,197222.715,37.065,,35.3
2620,2620,1.5,50,0.2435,-0.75,-0.8065,1.05,2.25,0,0.75,3.75,8.5973,4.8473,193707.5623,197231.3123,37.065,,35.3
2621,2621,2.25,75,0.2435,-0.75,-0.8065,1.05,3,0,0.75,3.75,9.496,5.746,193713.3083,197240.8083,40.9395,,38.99
2622,2622,3,100,1.06,0,0,1.06,3,0,0,0,66.7482,66.7482,193780.0565,197307.5565,66.7482,,62.97
2623,2623,3,100,2.01,1,0.95,1.06,2,0,1,5,140.2578,135.2578,193915.3143,197447.8143,73.9668,,69.78
2624,2624,2,66.67,2.96,2,1.9,1.06,0,0,2,10,206.5488,196.5488,194111.8631,197654.3631,73.9668,,69.78
2625,2625,0,0,1.05,0,0,1.05,0,0,0,0,35.553,35.553,194147.4161,197689.9161,35.553,,33.86
2626,2626,0,0,0.2335,-0.75,-0.8065,1.04,0.75,0,0.75,3.75,4.7971,1.0471,194148.4632,197694.7132,21.3616,,20.54
2627,2627,0.75,25,0.2435,-0.75,-0.8065,1.05,1.5,0,0.75,3.75,2.6839,-1.0661,194147.3971,197697.3971,11.571,,11.02
2628,2628,1.5,50,0.2435,-0.75,-0.8065,1.05,2.25,0,0.75,3.75,0.755,-2.995,194144.4021,197698.1521,3.255,,3.1
2629,2629,2.25,75,0.2335,-0.75,-0.8065,1.04,3,0,0.75,3.75,2.6508,-1.0992,194143.3029,197700.8029,11.804,,11.35
2630,2630,3,100,1.05,0,0,1.05,3,0,0,0,32.3295,32.3295,194175.6324,197733.1324,32.3295,,30.79
2631,2631,3,100,1.06,0,0,1.06,3,0,0,0,30.4538,30.4538,194206.0862,197763.5862,30.4538,,28.73
2632,2632,3,100,1.06,0,0,1.06,3,0,0,0,66.7482,66.7482,194272.8344,197830.3344,66.7482,,62.97
2633,2633,3,100,1.2875,0.25,0.2375,1.05,2.75,0,0.25,1.25,89.8418,88.5918,194361.4262,197920.1762,73.269,,69.78
2634,2634,2.75,91.67,1.7625,0.75,0.7125,1.05,2,0,0.75,3.75,122.9873,119.2373,194480.6635,198043.1635,73.269,,69.78
2635,2635,2,66.67,2.95,2,1.9,1.05,0,0,2,10,205.851,195.851,194676.5145,198249.0145,73.269,,69.78
2636,2636,0,0,1.06,0,0,1.06,0,0,0,0,71.7938,71.7938,194748.3083,198320.8083,71.7938,,67.73
2637,2637,0,0,1.06,0,0,1.06,0,0,0,0,73.5322,73.5322,194821.8405,198394.3405,73.5322,,69.37
2638,2638,0,0,1.06,0,0,1.06,0,0,0,0,57.8972,57.8972,194879.7377,198452.2377,57.8972,,54.62
2639,2639,0,0,0.2535,-0.75,-0.8065,1.06,0.75,0,0.75,3.75,8.9503,5.2003,194884.938,198461.188,37.418,,35.3
2640,2640,0.75,25,1.7625,0.75,0.7125,1.05,0,0,0.75,3.75,110.2444,106.4944,194991.4324,198571.4324,65.6775,,62.55
2641,2641,0,0,1.05,0,0,1.05,0,0,0,0,37.044,37.044,195028.4764,198608.4764,37.044,,35.28
2642,2642,0,0,1.05,0,0,1.05,0,0,0,0,37.044,37.044,195065.5204,198645.5204,37.044,,35.28
2643,2643,0,0,1.06,0,0,1.06,0,0,0,0,37.3968,37.3968,195102.9172,198682.9172,37.3968,,35.28
2644,2644,0,0,1.06,0,0,1.06,0,0,0,0,34.7892,34.7892,195137.7064,198717.7064,34.7892,,32.82
2645,2645,0,0,1.06,0,0,1.06,0,0,0,0,37.3968,37.3968,195175.1032,198755.1032,37.3968,,35.28
2646,2646,0,0,1.06,0,0,1.06,0,0,0,0,41.3188,41.3188,195216.422,198796.422,41.3188,,38.98
2647,2647,0,0,1.06,0,0,1.06,0,0,0,0,37.3968,37.3968,195253.8188,198833.8188,37.3968,,35.28
2648,2648,0,0,1.06,0,0,1.06,0,0,0,0,21.7618,21.7618,195275.5806,198855.5806,21.7618,,20.53
2649,2649,0,0,1.05,0,0,1.05,0,0,0,0,8.5155,8.5155,195284.0961,198864.0961,8.5155,,8.11
2650,2650,0,0,0.2335,-0.75,-0.8065,1.04,0.75,0,0.75,3.75,0.6189,-3.1311,195280.965,198864.715,2.756,,2.65
2651,2651,0.75,25,0.2435,-0.75,-0.8065,1.05,1.5,0,0.75,3.75,0.2509,-3.4991,195277.4659,198864.9659,1.0815,,1.03
2652,2652,1.5,50,0.2335,-0.75,-0.8065,1.04,2.25,0,0.75,3.75,0.1682,-3.5818,195273.8841,198865.1341,0.7488,,0.72
2653,2653,2.25,75,0.2235,-0.75,-0.8065,1.03,3,0,0.75,3.75,0.5879,-3.1621,195270.722,198865.722,2.7089,,2.63
2654,2654,3,100,1.04,0,0,1.04,3,0,0,0,10.6912,10.6912,195281.4132,198876.4132,10.6912,,10.28
2655,2655,3,100,1.04,0,0,1.04,3,0,0,0,36.6912,36.6912,195318.1044,198913.1044,36.6912,,35.28
2656,2656,3,100,1.06,0,0,1.06,3,0,0,0,50.0108,50.0108,195368.1152,198963.1152,50.0108,,47.18
2657,2657,3,100,1.06,0,0,1.06,3,0,0,0,68.2746,68.2746,195436.3898,199031.3898,68.2746,,64.41
2658,2658,3,100,2.94,2,1.9,1.04,1,0,2,10,205.065,195.065,195631.4548,199236.4548,72.54,,69.75
2659,2659,1,33.33,1.2875,0.25,0.2375,1.05,0.75,0,0.25,1.25,87.6015,86.3515,195717.8063,199324.0563,71.442,,68.04
2660,2660,0.75,25,1.06,0,0,1.06,0.75,0,0,0,66.9284,66.9284,195784.7347,199390.9847,66.9284,,63.14
2661,2661,0.75,25,1.05,0,0,1.05,0.75,0,0,0,66.297,66.297,195851.0317,199457.2817,66.297,,63.14
2662,2662,0.75,25,1.05,0,0,1.05,0.75,0,0,0,61.9185,61.9185,195912.9502,199519.2002,61.9185,,58.97
2663,2663,0.75,25,0.2435,-0.75,-0.8065,1.05,1.5,0,0.75,3.75,9.6932,5.9432,195918.8934,199528.8934,41.79,,39.8
2664,2664,1.5,50,1.05,0,0,1.05,1.5,0,0,0,53.8755,53.8755,195972.7689,199582.7689,53.8755,,51.31
2665,2665,1.5,50,1.05,0,0,1.05,1.5,0,0,0,53.8545,53.8545,196026.6234,199636.6234,53.8545,,51.29
2666,2666,1.5,50,0.2535,-0.75,-0.8065,1.06,2.25,0,0.75,3.75,10.9913,7.2413,196033.8647,199647.6147,45.951,,43.35
2667,2667,2.25,75,0.2535,-0.75,-0.8065,1.06,3,0,0.75,3.75,8.9452,5.1952,196039.0599,199656.5599,37.3968,,35.28
2668,2668,3,100,1.06,0,0,1.06,3,0,0,0,56.6464,56.6464,196095.7063,199713.2063,56.6464,,53.44
2669,2669,3,100,1.06,0,0,1.06,3,0,0,0,54.3568,54.3568,196150.0631,199767.5631,54.3568,,51.28
2670,2670,3,100,1.06,0,0,1.06,3,0,0,0,56.8796,56.8796,196206.9427,199824.4427,56.8796,,53.66
2671,2671,3,100,1.06,0,0,1.06,3,0,0,0,73.935,73.935,196280.8777,199898.3777,73.935,,69.75
2672,2672,3,100,1.7725,0.75,0.7125,1.06,2.25,0,0.75,3.75,123.6319,119.8819,196400.7596,200022.0096,73.935,,69.75
2673,2673,2.25,75,1.2775,0.25,0.2375,1.04,2,0,0.25,1.25,89.1056,87.8556,196488.6152,200111.1152,72.54,,69.75
2674,2674,2,66.67,1.05,0,0,1.05,2,0,0,0,71.7255,71.7255,196560.3407,200182.8407,71.7255,,68.31
2675,2675,2,66.67,1.05,0,0,1.05,2,0,0,0,57.078,57.078,196617.4187,200239.9187,57.078,,54.36
2676,2676,2,66.67,0.2435,-0.75,-0.8065,1.05,2.75,0,0.75,3.75,6.9777,3.2277,196620.6464,200246.8964,30.0825,,28.65
2677,2677,2.75,91.67,1.05,0,0,1.05,2.75,0,0,0,55.944,55.944,196676.5904,200302.8404,55.944,,53.28
2678,2678,2.75,91.67,1.04,0,0,1.04,2.75,0,0,0,70.3664,70.3664,196746.9568,200373.2068,70.3664,,67.66
2679,2679,2.75,91.67,1.05,0,0,1.05,2.75,0,0,0,73.2375,73.2375,196820.1943,200446.4443,73.2375,,69.75
2680,2680,2.75,91.67,1.07,0,0,1.07,2.75,0,0,0,74.6325,74.6325,196894.8268,200521.0768,74.6325,,69.75
2681,2681,2.75,91.67,1.525,0.5,0.475,1.05,2.25,0,0.5,2.5,106.3687,103.8687,196998.6955,200627.4455,73.2375,,69.75
2682,2682,2.25,75,1.06,0,0,1.06,2.25,0,0,0,73.935,73.935,197072.6305,200701.3805,73.935,,69.75
2683,2683,2.25,75,1.06,0,0,1.06,2.25,0,0,0,73.935,73.935,197146.5655,200775.3155,73.935,,69.75
2684,2684,2.25,75,1.525,0.5,0.475,1.05,1.75,0,0.5,2.5,106.3687,103.8687,197250.4342,200881.6842,73.2375,,69.75
2685,2685,1.75,58.33,1.7725,0.75,0.7125,1.06,1,0,0.75,3.75,123.6319,119.8819,197370.3161,201005.3161,73.935,,69.75
2686,2686,1,33.33,1.06,0,0,1.06,1,0,0,0,68.4972,68.4972,197438.8133,201073.8133,68.4972,,64.62
2687,2687,1,33.33,1.06,0,0,1.06,1,0,0,0,68.0626,68.0626,197506.8759,201141.8759,68.0626,,64.21
2688,2688,1,33.33,1.05,0,0,1.05,1,0,0,0,67.746,67.746,197574.6219,201209.6219,67.746,,64.52
2689,2689,1,33.33,1.1,0,0,1.1,1,0,0,0,73.315,73.315,197647.9369,201282.9369,73.315,,66.65
2690,2690,1,33.33,1.1,0,0,1.1,1,0,0,0,67.694,67.694,197715.6309,201350.6309,67.694,,61.54
2691,2691,1,33.33,1.1,0,0,1.1,1,0,0,0,58.179,58.179,197773.8099,201408.8099,58.179,,52.89
2692,2692,1,33.33,0.0347,-1,-1.0753,1.11,2,0,1,5,1.6032,-3.3968,197770.4131,201410.4131,51.2376,,46.16
2693,2693,2,66.67,1.1,0,0,1.1,2,0,0,0,60.17,60.17,197830.5831,201470.5831,60.17,,54.7
2694,2694,2,66.67,1.585,0.5,0.475,1.11,1.5,0,0.5,2.5,110.5537,108.0537,197938.6368,201581.1368,77.4225,,69.75
2695,2695,1.5,50,1.585,0.5,0.475,1.11,1,0,0.5,2.5,110.5537,108.0537,198046.6905,201691.6905,77.4225,,69.75
2696,2696,1,33.33,1.585,0.5,0.475,1.11,0.5,0,0.5,2.5,110.5537,108.0537,198154.7442,201802.2442,77.4225,,69.75
2697,2697,0.5,16.67,1.3375,0.25,0.2375,1.1,0.25,0,0.25,1.25,93.2906,92.0406,198246.7848,201895.5348,76.725,,69.75
2698,2698,0.25,8.33,1.1,0,0,1.1,0.25,0,0,0,76.494,76.494,198323.2788,201972.0288,76.494,,69.54
2699,2699,0.25,8.33,1.09,0,0,1.09,0.25,0,0,0,64.7787,64.7787,198388.0575,202036.8075,64.7787,,59.43
2700,2700,0.25,8.33,1.13,0,0,1.13,0.25,0,0,0,60.2742,60.2742,198448.3317,202097.0817,60.2742,,53.34
2701,2701,0.25,8.33,1.15,0,0,1.15,0.25,0,0,0,67.804,67.804,198516.1357,202164.8857,67.804,,58.96
2702,2702,0.25,8.33,1.15,0,0,1.15,0.25,0,0,0,67.942,67.942,198584.0777,202232.8277,67.942,,59.08
2703,2703,0.25,8.33,1.16,0,0,1.16,0.25,0,0,0,80.4344,80.4344,198664.5121,202313.2621,80.4344,,69.34
2704,2704,0.25,8.33,1.15,0,0,1.15,0.25,0,0,0,80.2125,80.2125,198744.7246,202393.4746,80.2125,,69.75
2705,2705,0.25,8.33,1.15,0,0,1.15,0.25,0,0,0,80.2125,80.2125,198824.9371,202473.6871,80.2125,,69.75
2706,2706,0.25,8.33,1.15,0,0,1.15,0.25,0,0,0,80.2125,80.2125,198905.1496,202553.8996,80.2125,,69.75
2707,2707,0.25,8.33,1.15,0,0,1.15,0.25,0,0,0,80.2125,80.2125,198985.3621,202634.1121,80.2125,,69.75
2708,2708,0.25,8.33,1.3975,0.25,0.2375,1.16,0,0,0.25,1.25,97.4756,96.2256,199081.5877,202731.5877,80.91,,69.75
2709,2709,0,0,1.16,0,0,1.16,0,0,0,0,71.3864,71.3864,199152.9741,202802.9741,71.3864,,61.54
2710,2710,0,0,1.16,0,0,1.16,0,0,0,0,70.0524,70.0524,199223.0265,202873.0265,70.0524,,60.39
2711,2711,0,0,1.11,0,0,1.11,0,0,0,0,65.4456,65.4456,199288.4721,202938.4721,65.4456,,58.96
2712,2712,0,0,1.1,0,0,1.1,0,0,0,0,65.307,65.307,199353.7791,203003.7791,65.307,,59.37
2713,2713,0,0,1.1,0,0,1.1,0,0,0,0,66.341,66.341,199420.1201,203070.1201,66.341,,60.31
2714,2714,0,0,0.0247,-1,-1.0753,1.1,1,0,1,5,1.0916,-3.9084,199416.2117,203071.2117,48.554,,44.14
2715,2715,1,33.33,1.11,0,0,1.11,1,0,0,0,54.5343,54.5343,199470.746,203125.746,54.5343,,49.13
2716,2716,1,33.33,0.0347,-1,-1.0753,1.11,2,0,1,5,1.5716,-3.4284,199467.3176,203127.3176,50.2275,,45.25
2717,2717,2,66.67,0.0347,-1,-1.0753,1.11,3,0,1,5,1.5716,-3.4284,199463.8892,203128.8892,50.2275,,45.25
2718,2718,3,100,1.11,0,0,1.11,3,0,0,0,70.4184,70.4184,199534.3076,203199.3076,70.4184,,63.44
2719,2719,3,100,1.11,0,0,1.11,3,0,0,0,77.256,77.256,199611.5636,203276.5636,77.256,,69.6
2720,2720,3,100,2.2975,1.25,1.1875,1.11,1.75,0,1.25,6.25,159.906,153.656,199765.2196,203436.4696,77.256,,69.6
2721,2721,1.75,58.33,2.7525,1.75,1.6625,1.09,0,0,1.75,8.75,191.574,182.824,199948.0436,203628.0436,75.864,,69.6
2722,2722,0,0,1.09,0,0,1.09,0,0,0,0,60.4732,60.4732,200008.5168,203688.5168,60.4732,,55.48
2723,2723,0,0,1.13,0,0,1.13,0,0,0,0,58.0707,58.0707,200066.5875,203746.5875,58.0707,,51.39
2724,2724,0,0,0.0747,-1,-1.0753,1.15,1,0,1,5,1.3952,-3.6048,200062.9827,203747.9827,21.4705,,18.67
2725,2725,1,33.33,0.0747,-1,-1.0753,1.15,2,0,1,5,2.6313,-2.3687,200060.614,203750.614,40.4915,,35.21
2726,2726,2,66.67,0.0747,-1,-1.0753,1.15,3,0,1,5,3.6715,-1.3285,200059.2855,203754.2855,56.4995,,49.13
2727,2727,3,100,1.15,0,0,1.15,3,0,0,0,63.5605,63.5605,200122.846,203817.846,63.5605,,55.27
2728,2728,3,100,1.14,0,0,1.14,3,0,0,0,79.344,79.344,200202.19,203897.19,79.344,,69.6
2729,2729,3,100,1.3875,0.25,0.2375,1.15,2.75,0,0.25,1.25,96.57,95.32,200297.51,203993.76,80.04,,69.6
2730,2730,2.75,91.67,1.3875,0.25,0.2375,1.15,2.5,0,0.25,1.25,96.57,95.32,200392.83,204090.33,80.04,,69.6
2731,2731,2.5,83.33,1.8625,0.75,0.7125,1.15,1.75,0,0.75,3.75,129.63,125.88,200518.71,204219.96,80.04,,69.6
2732,2732,1.75,58.33,1.15,0,0,1.15,1.75,0,0,0,79.3155,79.3155,200598.0255,204299.2755,79.3155,,68.97
2733,2733,1.75,58.33,2.8125,1.75,1.6625,1.15,0,0,1.75,8.75,195.75,187,200785.0255,204495.0255,80.04,,69.6
2734,2734,0,0,1.15,0,0,1.15,0,0,0,0,67.9075,67.9075,200852.933,204562.933,67.9075,,59.05
2735,2735,0,0,1.15,0,0,1.15,0,0,0,0,56.741,56.741,200909.674,204619.674,56.741,,49.34
2736,2736,0,0,1.15,0,0,1.15,0,0,0,0,72.7605,72.7605,200982.4345,204692.4345,72.7605,,63.27
2737,2737,0,0,1.15,0,0,1.15,0,0,0,0,66.9415,66.9415,201049.376,204759.376,66.9415,,58.21
2738,2738,0,0,0.0747,-1,-1.0753,1.15,1,0,1,5,3.5191,-1.4809,201047.8951,204762.8951,54.1535,,47.09
2739,2739,1,33.33,0.0747,-1,-1.0753,1.15,2,0,1,5,2.907,-2.093,201045.8021,204765.8021,44.735,,38.9
2740,2740,2,66.67,0.0647,-1,-1.0753,1.14,3,0,1,5,2.518,-2.482,201043.3201,204768.3201,44.346,,38.9
2741,2741,3,100,1.14,0,0,1.14,3,0,0,0,57.2052,57.2052,201100.5253,204825.5253,57.2052,,50.18
2742,2742,3,100,1.14,0,0,1.14,3,0,0,0,72.1278,72.1278,201172.6531,204897.6531,72.1278,,63.27
2743,2743,3,100,1.15,0,0,1.15,3,0,0,0,80.0515,80.0515,201252.7046,204977.7046,80.0515,,69.61
2744,2744,3,100,2.3375,1.25,1.1875,1.15,1.75,0,1.25,6.25,162.7134,156.4634,201409.168,205140.418,80.0515,,69.61
2745,2745,1.75,58.33,2.8025,1.75,1.6625,1.14,0,0,1.75,8.75,195.082,186.332,201595.5,205335.5,79.3554,,69.61
2746,2746,0,0,1.15,0,0,1.15,0,0,0,0,67.8155,67.8155,201663.3155,205403.3155,67.8155,,58.97
2747,2747,0,0,0.0747,-1,-1.0753,1.15,1,0,1,5,3.6723,-1.3277,201661.9878,205406.9878,56.511,,49.14
2748,2748,1,33.33,0.0747,-1,-1.0753,1.15,2,0,1,5,0.9259,-4.0741,201657.9137,205407.9137,14.2485,,12.39
2749,2749,2,66.67,0.0747,-1,-1.0753,1.15,3,0,1,5,2.632,-2.368,201655.5457,205410.5457,40.503,,35.22
2750,2750,3,100,1.15,0,0,1.15,3,0,0,0,56.7525,56.7525,201712.2982,205467.2982,56.7525,,49.35
2751,2751,3,100,1.18,0,0,1.18,3,0,0,0,72.4756,72.4756,201784.7738,205539.7738,72.4756,,61.42
2752,2752,3,100,1.4275,0.25,0.2375,1.19,2.75,0,0.25,1.25,99.3683,98.1183,201882.8921,205639.1421,82.8359,,69.61
2753,2753,2.75,91.67,1.665,0.5,0.475,1.19,2.25,0,0.5,2.5,115.9006,113.4006,201996.2927,205755.0427,82.8359,,69.61
2754,2754,2.25,75,1.665,0.5,0.475,1.19,1.75,0,0.5,2.5,115.9006,113.4006,202109.6933,205870.9433,82.8359,,69.61
2755,2755,1.75,58.33,2.8525,1.75,1.6625,1.19,0,0,1.75,8.75,198.5625,189.8125,202299.5058,206069.5058,82.8359,,69.61
2756,2756,0,0,1.19,0,0,1.19,0,0,0,0,81.5983,81.5983,202381.1041,206151.1041,81.5983,,68.57
2757,2757,0,0,1.21,0,0,1.21,0,0,0,0,78.9404,78.9404,202460.0445,206230.0445,78.9404,,65.24
2758,2758,0,0,1.21,0,0,1.21,0,0,0,0,71.148,71.148,202531.1925,206301.1925,71.148,,58.8
2759,2759,0,0,1.2,0,0,1.2,0,0,0,0,70.956,70.956,202602.1485,206372.1485,70.956,,59.13
2760,2760,0,0,0.1247,-1,-1.0753,1.2,1,0,1,5,6.4025,1.4025,202603.551,206378.551,61.596,,51.33
2761,2761,1,33.33,1.19,0,0,1.19,1,0,0,0,63.1176,63.1176,202666.6686,206441.6686,63.1176,,53.04
2762,2762,1,33.33,0.1147,-1,-1.0753,1.19,2,0,1,5,5.849,0.849,202667.5176,206447.5176,60.6662,,50.98
2763,2763,2,66.67,1.2,0,0,1.2,2,0,0,0,67.764,67.764,202735.2816,206515.2816,67.764,,56.47
2764,2764,2,66.67,1.2,0,0,1.2,2,0,0,0,70.212,70.212,202805.4936,206585.4936,70.212,,58.51
2765,2765,2,66.67,1.2,0,0,1.2,2,0,0,0,65.952,65.952,202871.4456,206651.4456,65.952,,54.96
2766,2766,2,66.67,1.2,0,0,1.2,2,0,0,0,76.968,76.968,202948.4136,206728.4136,76.968,,64.14
2767,2767,2,66.67,1.2,0,0,1.2,2,0,0,0,83.208,83.208,203031.6216,206811.6216,83.208,,69.34
2768,2768,2,66.67,1.4375,0.25,0.2375,1.2,1.75,0,0.25,1.25,99.6763,98.4263,203130.0479,206911.2979,83.208,,69.34
2769,2769,1.75,58.33,2.15,1,0.95,1.2,0.75,0,1,5,149.081,144.081,203274.1289,207060.3789,83.208,,69.34
2770,2770,0.75,25,1.19,0,0,1.19,0.75,0,0,0,74.97,74.97,203349.0989,207135.3489,74.97,,63
2771,2771,0.75,25,1.18,0,0,1.18,0.75,0,0,0,70.1156,70.1156,203419.2145,207205.4645,70.1156,,59.42
2772,2772,0.75,25,0.1147,-1,-1.0753,1.19,1.75,0,1,5,4.0248,-0.9752,203418.2393,207209.4893,41.7452,,35.08
2773,2773,1.75,58.33,0.1147,-1,-1.0753,1.19,2.75,0,1,5,5.039,0.039,203418.2783,207214.5283,52.2648,,43.92
2774,2774,2.75,91.67,1.2,0,0,1.2,2.75,0,0,0,75.6,75.6,203493.8783,207290.1283,75.6,,63
2775,2775,2.75,91.67,1.19,0,0,1.19,2.75,0,0,0,80.2774,80.2774,203574.1557,207370.4057,80.2774,,67.46
2776,2776,2.75,91.67,1.19,0,0,1.19,2.75,0,0,0,82.5146,82.5146,203656.6703,207452.9203,82.5146,,69.34
2777,2777,2.75,91.67,1.4375,0.25,0.2375,1.2,2.5,0,0.25,1.25,99.6763,98.4263,203755.0966,207552.5966,83.208,,69.34
2778,2778,2.5,83.33,1.19,0,0,1.19,2.5,0,0,0,82.5146,82.5146,203837.6112,207635.1112,82.5146,,69.34
2779,2779,2.5,83.33,2.14,1,0.95,1.19,1.5,0,1,5,148.3876,143.3876,203980.9988,207783.4988,82.5146,,69.34
2780,2780,1.5,50,2.615,1.5,1.425,1.19,0,0,1.5,7.5,181.3241,173.8241,204154.8229,207964.8229,82.5146,,69.34
2781,2781,0,0,1.2,0,0,1.2,0,0,0,0,82.728,82.728,204237.5509,208047.5509,82.728,,68.94
2782,2782,0,0,1.2,0,0,1.2,0,0,0,0,70.428,70.428,204307.9789,208117.9789,70.428,,58.69
2783,2783,0,0,1.21,0,0,1.21,0,0,0,0,71.0512,71.0512,204379.0301,208189.0301,71.0512,,58.72
2784,2784,0,0,1.2,0,0,1.2,0,0,0,0,75.492,75.492,204454.5221,208264.5221,75.492,,62.91
2785,2785,0,0,0.1247,-1,-1.0753,1.2,1,0,1,5,6.0582,1.0582,204455.5803,208270.5803,58.284,,48.57
2786,2786,1,33.33,1.2,0,0,1.2,1,0,0,0,63.564,63.564,204519.1443,208334.1443,63.564,,52.97
2787,2787,1,33.33,1.2,0,0,1.2,1,0,0,0,66,66,204585.1443,208400.1443,66,,55
2788,2788,1,33.33,1.2,0,0,1.2,1,0,0,0,64.092,64.092,204649.2363,208464.2363,64.092,,53.41
2789,2789,1,33.33,1.2,0,0,1.2,1,0,0,0,64.788,64.788,204714.0243,208529.0243,64.788,,53.99
2790,2790,1,33.33,1.2,0,0,1.2,1,0,0,0,72.012,72.012,204786.0363,208601.0363,72.012,,60.01
2791,2791,1,33.33,1.2,0,0,1.2,1,0,0,0,78.18,78.18,204864.2163,208679.2163,78.18,,65.15
2792,2792,1,33.33,1.2,0,0,1.2,1,0,0,0,83.112,83.112,204947.3283,208762.3283,83.112,,69.26
2793,2793,1,33.33,1.2,0,0,1.2,1,0,0,0,76.884,76.884,205024.2123,208839.2123,76.884,,64.07
2794,2794,1,33.33,1.2,0,0,1.2,1,0,0,0,63.948,63.948,205088.1603,208903.1603,63.948,,53.29
2795,2795,1,33.33,1.19,0,0,1.19,1,0,0,0,69.6745,69.6745,205157.8348,208972.8348,69.6745,,58.55
2796,2796,1,33.33,0.1347,-1,-1.0753,1.21,2,0,1,5,6.8619,1.8619,205159.6967,208979.6967,61.6253,,50.93
2797,2797,2,66.67,1.21,0,0,1.21,2,0,0,0,68.2561,68.2561,205227.9528,209047.9528,68.2561,,56.41
2798,2798,2,66.67,0,0,0,0,2,0,0,0,0,0,205227.9528,209047.9528,0,,52.97
2799,2799,2,66.67,1.26,0,0,1.26,2,0,0,0,73.773,73.773,205301.7258,209121.7258,73.773,,58.55
2800,2800,2,66.67,1.26,0,0,1.26,2,0,0,0,87.255,87.255,205388.9808,209208.9808,87.255,,69.25
2801,2801,2,66.67,1.9625,0.75,0.7125,1.25,1.25,0,0.75,3.75,135.9228,132.1728,205521.1536,209344.9036,86.575,,69.26
2802,2802,1.25,41.67,1.9625,0.75,0.7125,1.25,0.5,0,0.75,3.75,135.9228,132.1728,205653.3264,209480.8264,86.575,,69.26
2803,2803,0.5,16.67,1.4975,0.25,0.2375,1.26,0.25,0,0.25,1.25,103.7169,102.4669,205755.7933,209584.5433,87.2676,,69.26
2804,2804,0.25,8.33,1.4975,0.25,0.2375,1.26,0,0,0.25,1.25,103.7169,102.4669,205858.2602,209688.2602,87.2676,,69.26
2805,2805,0,0,1.26,0,0,1.26,0,0,0,0,83.4246,83.4246,205941.6848,209771.6848,83.4246,,66.21
2806,2806,0,0,1.26,0,0,1.26,0,0,0,0,74.3652,74.3652,206016.05,209846.05,74.3652,,59.02
2807,2807,0,0,1.25,0,0,1.25,0,0,0,0,66.7625,66.7625,206082.8125,209912.8125,66.7625,,53.41
2808,2808,0,0,1.25,0,0,1.25,0,0,0,0,73.45,73.45,206156.2625,209986.2625,73.45,,58.76
2809,2809,0,0,1.25,0,0,1.25,0,0,0,0,70.9,70.9,206227.1625,210057.1625,70.9,,56.72
2810,2810,0,0,1.25,0,0,1.25,0,0,0,0,73.35,73.35,206300.5125,210130.5125,73.35,,58.68
2811,2811,0,0,1.25,0,0,1.25,0,0,0,0,77.7625,77.7625,206378.275,210208.275,77.7625,,62.21
2812,2812,0,0,1.25,0,0,1.25,0,0,0,0,72.5125,72.5125,206450.7875,210280.7875,72.5125,,58.01
2813,2813,0,0,1.25,0,0,1.25,0,0,0,0,75.875,75.875,206526.6625,210356.6625,75.875,,60.7
2814,2814,0,0,1.25,0,0,1.25,0,0,0,0,86.4625,86.4625,206613.125,210443.125,86.4625,,69.17
2815,2815,0,0,1.26,0,0,1.26,0,0,0,0,84.1932,84.1932,206697.3182,210527.3182,84.1932,,66.82
2816,2816,0,0,1.25,0,0,1.25,0,0,0,0,75.1375,75.1375,206772.4557,210602.4557,75.1375,,60.11
2817,2817,0,0,1.24,0,0,1.24,0,0,0,0,73.3708,73.3708,206845.8265,210675.8265,73.3708,,59.17
2818,2818,0,0,1.25,0,0,1.25,0,0,0,0,77.7625,77.7625,206923.589,210753.589,77.7625,,62.21
2819,2819,0,0,0.1747,-1,-1.0753,1.25,1,0,1,5,8.913,3.913,206927.502,210762.502,63.7625,,51.01
2820,2820,1,33.33,0.1747,-1,-1.0753,1.25,2,0,1,5,8.111,3.111,206930.613,210770.613,58.025,,46.42
2821,2821,2,66.67,1.24,0,0,1.24,2,0,0,0,77.1404,77.1404,207007.7534,210847.7534,77.1404,,62.21
2822,2822,2,66.67,0.1647,-1,-1.0753,1.24,3,0,1,5,8.4062,3.4062,207011.1596,210856.1596,63.2772,,51.03
2823,2823,3,100,1.24,0,0,1.24,3,0,0,0,68.5844,68.5844,207079.744,210924.744,68.5844,,55.31
2824,2824,3,100,1.25,0,0,1.25,3,0,0,0,84.0125,84.0125,207163.7565,211008.7565,84.0125,,67.21
2825,2825,3,100,1.24,0,0,1.24,3,0,0,0,86.0188,86.0188,207249.7753,211094.7753,86.0188,,69.37
2826,2826,3,100,1.24,0,0,1.24,3,0,0,0,86.0188,86.0188,207335.7941,211180.7941,86.0188,,69.37
2827,2827,3,100,1.25,0,0,1.25,3,0,0,0,86.7125,86.7125,207422.5066,211267.5066,86.7125,,69.37
2828,2828,3,100,2.665,1.5,1.425,1.24,1.5,0,1.5,7.5,184.8711,177.3711,207599.8777,211452.3777,86.0188,,69.37
2829,2829,1.5,50,2.675,1.5,1.425,1.25,0,0,1.5,7.5,185.5648,178.0648,207777.9425,211637.9425,86.7125,,69.37
2830,2830,0,0,1.24,0,0,1.24,0,0,0,0,75.702,75.702,207853.6445,211713.6445,75.702,,61.05
2831,2831,0,0,1.25,0,0,1.25,0,0,0,0,73.8625,73.8625,207927.507,211787.507,73.8625,,59.09
2832,2832,0,0,1.24,0,0,1.24,0,0,0,0,74.2388,74.2388,208001.7458,211861.7458,74.2388,,59.87
2833,2833,0,0,1.24,0,0,1.24,0,0,0,0,65.7076,65.7076,208067.4534,211927.4534,65.7076,,52.99
2834,2834,0,0,0.1647,-1,-1.0753,1.24,1,0,1,5,7.5628,2.5628,208070.0162,211935.0162,56.9284,,45.91
2835,2835,1,33.33,0.1747,-1,-1.0753,1.25,2,0,1,5,7.6829,2.6829,208072.6991,211942.6991,54.9625,,43.97
2836,2836,2,66.67,0.1747,-1,-1.0753,1.25,3,0,1,5,7.6829,2.6829,208075.382,211950.382,54.9625,,43.97
2837,2837,3,100,1.25,0,0,1.25,3,0,0,0,63,63,208138.382,212013.382,63,,50.4
2838,2838,3,100,1.25,0,0,1.25,3,0,0,0,80.2125,80.2125,208218.5945,212093.5945,80.2125,,64.17
2839,2839,3,100,1.25,0,0,1.25,3,0,0,0,86.075,86.075,208304.6695,212179.6695,86.075,,68.86
2840,2840,3,100,1.25,0,0,1.25,3,0,0,0,86.7125,86.7125,208391.382,212266.382,86.7125,,69.37
2841,2841,3,100,1.24,0,0,1.24,3,0,0,0,86.0188,86.0188,208477.4008,212352.4008,86.0188,,69.37
2842,2842,3,100,1.24,0,0,1.24,3,0,0,0,83.7992,83.7992,208561.2,212436.2,83.7992,,67.58
2843,2843,3,100,1.24,0,0,1.24,3,0,0,0,77.7232,77.7232,208638.9232,212513.9232,77.7232,,62.68
2844,2844,3,100,1.23,0,0,1.23,3,0,0,0,72.1518,72.1518,208711.075,212586.075,72.1518,,58.66
2845,2845,3,100,1.23,0,0,1.23,3,0,0,0,72.7791,72.7791,208783.8541,212658.8541,72.7791,,59.17
2846,2846,3,100,1.24,0,0,1.24,3,0,0,0,79.1864,79.1864,208863.0405,212738.0405,79.1864,,63.86
2847,2847,3,100,1.24,0,0,1.24,3,0,0,0,83.4644,83.4644,208946.5049,212821.5049,83.4644,,67.31
2848,2848,3,100,1.25,0,0,1.25,3,0,0,0,86.7125,86.7125,209033.2174,212908.2174,86.7125,,69.37
2849,2849,3,100,1.25,0,0,1.25,3,0,0,0,86.7125,86.7125,209119.9299,212994.9299,86.7125,,69.37
2850,2850,3,100,1.25,0,0,1.25,3,0,0,0,86.7125,86.7125,209206.6424,213081.6424,86.7125,,69.37
2851,2851,3,100,1.25,0,0,1.25,3,0,0,0,86.7125,86.7125,209293.3549,213168.3549,86.7125,,69.37
2852,2852,3,100,1.25,0,0,1.25,3,0,0,0,86.7125,86.7125,209380.0674,213255.0674,86.7125,,69.37
2853,2853,3,100,1.15,0,0,1.15,3,0,0,0,79.7755,79.7755,209459.8429,213334.8429,79.7755,,69.37
2854,2854,3,100,1.15,0,0,1.15,3,0,0,0,78.2,78.2,209538.0429,213413.0429,78.2,,68
2855,2855,3,100,1.15,0,0,1.15,3,0,0,0,75.0835,75.0835,209613.1264,213488.1264,75.0835,,65.29
2856,2856,3,100,1.15,0,0,1.15,3,0,0,0,78.6025,78.6025,209691.7289,213566.7289,78.6025,,68.35
2857,2857,3,100,1.15,0,0,1.15,3,0,0,0,73.7955,73.7955,209765.5244,213640.5244,73.7955,,64.17
2858,2858,3,100,1.14,0,0,1.14,3,0,0,0,62.6886,62.6886,209828.213,213703.213,62.6886,,54.99
2859,2859,3,100,1.14,0,0,1.14,3,0,0,0,66.2682,66.2682,209894.4812,213769.4812,66.2682,,58.13
2860,2860,3,100,1.14,0,0,1.14,3,0,0,0,60.4542,60.4542,209954.9354,213829.9354,60.4542,,53.03
2861,2861,3,100,1.15,0,0,1.15,3,0,0,0,66.0905,66.0905,210021.0259,213896.0259,66.0905,,57.47
2862,2862,3,100,1.15,0,0,1.15,3,0,0,0,79.764,79.764,210100.7899,213975.7899,79.764,,69.36
2863,2863,3,100,1.3875,0.25,0.2375,1.15,2.75,0,0.25,1.25,96.2509,95.0009,210195.7908,214072.0408,79.7755,,69.37
2864,2864,2.75,91.67,2.11,1,0.95,1.16,1.75,0,1,5,146.3707,141.3707,210337.1615,214218.4115,80.4692,,69.37
2865,2865,1.75,58.33,1.3675,0.25,0.2375,1.13,1.5,0,0.25,1.25,94.8635,93.6135,210430.775,214313.275,78.3881,,69.37
2866,2866,1.5,50,1.3675,0.25,0.2375,1.13,1.25,0,0.25,1.25,94.8635,93.6135,210524.3885,214408.1385,78.3881,,69.37
2867,2867,1.25,41.67,1.13,0,0,1.13,1.25,0,0,0,69.0091,69.0091,210593.3976,214477.1476,69.0091,,61.07
2868,2868,1.25,41.67,0.0547,-1,-1.0753,1.13,2.25,0,1,5,2.7918,-2.2082,210591.1894,214479.9394,57.6413,,51.01
2869,2869,2.25,75,1.14,0,0,1.14,2.25,0,0,0,67.4538,67.4538,210658.6432,214547.3932,67.4538,,59.17
2870,2870,2.25,75,1.13,0,0,1.13,2.25,0,0,0,69.0091,69.0091,210727.6523,214616.4023,69.0091,,61.07
2871,2871,2.25,75,1.13,0,0,1.13,2.25,0,0,0,70.6024,70.6024,210798.2547,214687.0047,70.6024,,62.48
2872,2872,2.25,75,1.3875,0.25,0.2375,1.15,2,0,0.25,1.25,96.2509,95.0009,210893.2556,214783.2556,79.7755,,69.37
2873,2873,2,66.67,1.3875,0.25,0.2375,1.15,1.75,0,0.25,1.25,96.2509,95.0009,210988.2565,214879.5065,79.7755,,69.37
2874,2874,1.75,58.33,1.3875,0.25,0.2375,1.15,1.5,0,0.25,1.25,96.2509,95.0009,211083.2574,214975.7574,79.7755,,69.37
2875,2875,1.5,50,1.3775,0.25,0.2375,1.14,1.25,0,0.25,1.25,95.5572,94.3072,211177.5646,215071.3146,79.0818,,69.37
2876,2876,1.25,41.67,1.3775,0.25,0.2375,1.14,1,0,0.25,1.25,95.5572,94.3072,211271.8718,215166.8718,79.0818,,69.37
2877,2877,1,33.33,2.1,1,0.95,1.15,0,0,1,5,145.677,140.677,211412.5488,215312.5488,79.7755,,69.37
2878,2878,0,0,1.15,0,0,1.15,0,0,0,0,79.5455,79.5455,211492.0943,215392.0943,79.5455,,69.17
2879,2879,0,0,1.2,0,0,1.2,0,0,0,0,82.02,82.02,211574.1143,215474.1143,82.02,,68.35
2880,2880,0,0,1.19,0,0,1.19,0,0,0,0,79.7062,79.7062,211653.8205,215553.8205,79.7062,,66.98
2881,2881,0,0,1.19,0,0,1.19,0,0,0,0,77.2905,77.2905,211731.111,215631.111,77.2905,,64.95
2882,2882,0,0,1.19,0,0,1.19,0,0,0,0,71.1501,71.1501,211802.2611,215702.2611,71.1501,,59.79
2883,2883,0,0,1.19,0,0,1.19,0,0,0,0,69.7816,69.7816,211872.0427,215772.0427,69.7816,,58.64
2884,2884,0,0,1.2,0,0,1.2,0,0,0,0,70.08,70.08,211942.1227,215842.1227,70.08,,58.4
2885,2885,0,0,1.2,0,0,1.2,0,0,0,0,70.368,70.368,212012.4907,215912.4907,70.368,,58.64
2886,2886,0,0,1.2,0,0,1.2,0,0,0,0,82.8,82.8,212095.2907,215995.2907,82.8,,69
2887,2887,0,0,1.2,0,0,1.2,0,0,0,0,82.812,82.812,212178.1027,216078.1027,82.812,,69.01
2888,2888,0,0,1.2,0,0,1.2,0,0,0,0,82.812,82.812,212260.9147,216160.9147,82.812,,69.01
2889,2889,0,0,1.25,0,0,1.25,0,0,0,0,86.2625,86.2625,212347.1772,216247.1772,86.2625,,69.01
2890,2890,0,0,1.25,0,0,1.25,0,0,0,0,83.675,83.675,212430.8522,216330.8522,83.675,,66.94
2891,2891,0,0,1.23,0,0,1.23,0,0,0,0,73.5417,73.5417,212504.3939,216404.3939,73.5417,,59.79
2892,2892,0,0,0.1547,-1,-1.0753,1.23,1,0,1,5,7.537,2.537,212506.9309,216411.9309,59.9133,,48.71
2893,2893,1,33.33,1.23,0,0,1.23,1,0,0,0,70.971,70.971,212577.9019,216482.9019,70.971,,57.7
2894,2894,1,33.33,1.23,0,0,1.23,1,0,0,0,75.3375,75.3375,212653.2394,216558.2394,75.3375,,61.25
2895,2895,1,33.33,1.23,0,0,1.23,1,0,0,0,79.7163,79.7163,212732.9557,216637.9557,79.7163,,64.81
2896,2896,1,33.33,1.24,0,0,1.24,1,0,0,0,85.5724,85.5724,212818.5281,216723.5281,85.5724,,69.01
2897,2897,1,33.33,1.26,0,0,1.26,1,0,0,0,86.9526,86.9526,212905.4807,216810.4807,86.9526,,69.01
2898,2898,1,33.33,1.26,0,0,1.26,1,0,0,0,86.9526,86.9526,212992.4333,216897.4333,86.9526,,69.01
2899,2899,1,33.33,1.26,0,0,1.26,1,0,0,0,86.9526,86.9526,213079.3859,216984.3859,86.9526,,69.01
2900,2900,1,33.33,1.26,0,0,1.26,1,0,0,0,86.9526,86.9526,213166.3385,217071.3385,86.9526,,69.01
2901,2901,1,33.33,1.25,0,0,1.25,1,0,0,0,86.2625,86.2625,213252.601,217157.601,86.2625,,69.01
2902,2902,1,33.33,1.26,0,0,1.26,1,0,0,0,77.175,77.175,213329.776,217234.776,77.175,,61.25
2903,2903,1,33.33,1.16,0,0,1.16,1,0,0,0,75.342,75.342,213405.118,217310.118,75.342,,64.95
2904,2904,1,33.33,1.16,0,0,1.16,1,0,0,0,74.298,74.298,213479.416,217384.416,74.298,,64.05
2905,2905,1,33.33,1.16,0,0,1.16,1,0,0,0,75.4812,75.4812,213554.8972,217459.8972,75.4812,,65.07
2906,2906,1,33.33,1.16,0,0,1.16,1,0,0,0,67.802,67.802,213622.6992,217527.6992,67.802,,58.45
2907,2907,1,33.33,1.16,0,0,1.16,1,0,0,0,63.3824,63.3824,213686.0816,217591.0816,63.3824,,54.64
2908,2908,1,33.33,1.17,0,0,1.17,1,0,0,0,63.9288,63.9288,213750.0104,217655.0104,63.9288,,54.64
2909,2909,1,33.33,1.17,0,0,1.17,1,0,0,0,64.233,64.233,213814.2434,217719.2434,64.233,,54.9
2910,2910,1,33.33,1.17,0,0,1.17,1,0,0,0,77.22,77.22,213891.4634,217796.4634,77.22,,66
2911,2911,1,33.33,1.17,0,0,1.17,1,0,0,0,80.8938,80.8938,213972.3572,217877.3572,80.8938,,69.14
2912,2912,1,33.33,1.07,0,0,1.07,1,0,0,0,73.9798,73.9798,214046.337,217951.337,73.9798,,69.14
2913,2913,1,33.33,1.06,0,0,1.06,1,0,0,0,73.2884,73.2884,214119.6254,218024.6254,73.2884,,69.14
2914,2914,1,33.33,1.06,0,0,1.06,1,0,0,0,72.8114,72.8114,214192.4368,218097.4368,72.8114,,68.69
2915,2915,1,33.33,1.06,0,0,1.06,1,0,0,0,67.893,67.893,214260.3298,218165.3298,67.893,,64.05
2916,2916,1,33.33,1.06,0,0,1.06,1,0,0,0,59.6886,59.6886,214320.0184,218225.0184,59.6886,,56.31
2917,2917,1,33.33,1.07,0,0,1.07,1,0,0,0,63.9111,63.9111,214383.9295,218288.9295,63.9111,,59.73
2918,2918,1,33.33,1.07,0,0,1.07,1,0,0,0,71.904,71.904,214455.8335,218360.8335,71.904,,67.2
2919,2919,1,33.33,1.3075,0.25,0.2375,1.07,0.75,0,0.25,1.25,90.4006,89.1506,214544.9841,218451.2341,73.9798,,69.14
2920,2920,0.75,25,1.555,0.5,0.475,1.08,0.25,0,0.5,2.5,107.5127,105.0127,214649.9968,218558.7468,74.6712,,69.14
2921,2921,0.25,8.33,1.3075,0.25,0.2375,1.07,0,0,0.25,1.25,90.4006,89.1506,214739.1474,218649.1474,73.9798,,69.14
2922,2922,0,0,1.06,0,0,1.06,0,0,0,0,73.2884,73.2884,214812.4358,218722.4358,73.2884,,69.14
2923,2923,0,0,0.95,0,0,0.95,0,0,0,0,65.6735,65.6735,214878.1093,218788.1093,65.6735,,69.13
2924,2924,0,0,0.97,0,0,0.97,0,0,0,0,61.11,61.11,214939.2193,218849.2193,61.11,,63
2925,2925,0,0,0.97,0,0,0.97,0,0,0,0,66.0764,66.0764,215005.2957,218915.2957,66.0764,,68.12
2926,2926,0,0,0.97,0,0,0.97,0,0,0,0,61.11,61.11,215066.4057,218976.4057,61.11,,63
2927,2927,0,0,0.97,0,0,0.97,0,0,0,0,60.1594,60.1594,215126.5651,219036.5651,60.1594,,62.02
2928,2928,0,0,0.96,0,0,0.96,0,0,0,0,62.0832,62.0832,215188.6483,219098.6483,62.0832,,64.67
2929,2929,0,0,0.96,0,0,0.96,0,0,0,0,59.2032,59.2032,215247.8515,219157.8515,59.2032,,61.67
2930,2930,0,0,0.96,0,0,0.96,0,0,0,0,55.9008,55.9008,215303.7523,219213.7523,55.9008,,58.23
2931,2931,0,0,0.1635,-0.75,-0.8065,0.97,0.75,0,0.75,3.75,8.287,4.537,215308.2893,219222.0393,49.1499,,50.67
2932,2932,0.75,25,0.1635,-0.75,-0.8065,0.97,1.5,0,0.75,3.75,8.1202,4.3702,215312.6595,219230.1595,48.1605,,49.65
2933,2933,1.5,50,0.1635,-0.75,-0.8065,0.97,2.25,0,0.75,3.75,8.287,4.537,215317.1965,219238.4465,49.1499,,50.67
2934,2934,2.25,75,0.97,0,0,0.97,2.25,0,0,0,56.4831,56.4831,215373.6796,219294.9296,56.4831,,58.23
2935,2935,2.25,75,0.96,0,0,0.96,2.25,0,0,0,65.8368,65.8368,215439.5164,219360.7664,65.8368,,68.58
2936,2936,2.25,75,2.6225,1.75,1.6625,0.96,0.5,0,1.75,8.75,180.6378,171.8878,215611.4042,219541.4042,66.1248,,68.88
2937,2937,0.5,16.67,0.86,0,0,0.86,0.5,0,0,0,59.2368,59.2368,215670.641,219600.641,59.2368,,68.88
2938,2938,0.5,16.67,0.86,0,0,0.86,0.5,0,0,0,55.4786,55.4786,215726.1196,219656.1196,55.4786,,64.51
2939,2939,0.5,16.67,0.86,0,0,0.86,0.5,0,0,0,55.6162,55.6162,215781.7358,219711.7358,55.6162,,64.67
2940,2940,0.5,16.67,0.0635,-0.75,-0.8065,0.87,1.25,0,0.75,3.75,2.8965,-0.8535,215780.8823,219714.6323,39.6546,,45.58
2941,2941,1.25,41.67,0.0635,-0.75,-0.8065,0.87,2,0,0.75,3.75,3.0719,-0.6781,215780.2042,219717.7042,42.0558,,48.34
2942,2942,2,66.67,0.86,0,0,0.86,2,0,0,0,51.3764,51.3764,215831.5806,219769.0806,51.3764,,59.74
2943,2943,2,66.67,0.85,0,0,0.85,2,0,0,0,57.12,57.12,215888.7006,219826.2006,57.12,,67.2
2944,2944,2,66.67,0.85,0,0,0.85,2,0,0,0,58.548,58.548,215947.2486,219884.7486,58.548,,68.88
2945,2945,2,66.67,2.75,2,1.9,0.85,0,0,2,10,189.42,179.42,216126.6686,220074.1686,58.548,,68.88
2946,2946,0,0,0.84,0,0,0.84,0,0,0,0,57.8508,57.8508,216184.5194,220132.0194,57.8508,,68.87
2947,2947,0,0,0.85,0,0,0.85,0,0,0,0,58.5395,58.5395,216243.0589,220190.5589,58.5395,,68.87
2948,2948,0,0,0.85,0,0,0.85,0,0,0,0,54.9695,54.9695,216298.0284,220245.5284,54.9695,,64.67
2949,2949,0,0,0.86,0,0,0.86,0,0,0,0,50.0778,50.0778,216348.1062,220295.6062,50.0778,,58.23
2950,2950,0,0,0.87,0,0,0.87,0,0,0,0,38.9499,38.9499,216387.0561,220334.5561,38.9499,,44.77
2951,2951,0,0,0.87,0,0,0.87,0,0,0,0,30.3108,30.3108,216417.3669,220364.8669,30.3108,,34.84
2952,2952,0,0,0.0635,-0.75,-0.8065,0.87,0.75,0,0.75,3.75,2.2102,-1.5398,216415.8271,220367.0771,30.2586,,34.78
2953,2953,0.75,25,0.0635,-0.75,-0.8065,0.87,1.5,0,0.75,3.75,2.2102,-1.5398,216414.2873,220369.2873,30.2586,,34.78
2954,2954,1.5,50,0.3324,-0.5,-0.5376,0.87,2,0,0.5,2.5,11.5597,9.0597,216423.347,220380.847,30.2586,,34.78
2955,2955,2,66.67,0.3324,-0.5,-0.5376,0.87,2.5,0,0.5,2.5,11.5597,9.0597,216432.4067,220392.4067,30.2586,,34.78
2956,2956,2.5,83.33,0.3324,-0.5,-0.5376,0.87,3,0,0.5,2.5,11.5597,9.0597,216441.4664,220403.9664,30.2586,,34.78
2957,2957,3,100,0.87,0,0,0.87,3,0,0,0,42.0993,42.0993,216483.5657,220446.0657,42.0993,,48.39
2958,2958,3,100,0.87,0,0,0.87,3,0,0,0,42.0993,42.0993,216525.665,220488.165,42.0993,,48.39
2959,2959,3,100,0.87,0,0,0.87,3,0,0,0,39.933,39.933,216565.598,220528.098,39.933,,45.9
2960,2960,3,100,0.87,0,0,0.87,3,0,0,0,59.7951,59.7951,216625.3931,220587.8931,59.7951,,68.73
2961,2961,3,100,1.1175,0.25,0.2375,0.88,2.75,0,0.25,1.25,76.8058,75.5558,216700.9489,220664.6989,60.4824,,68.73
2962,2962,2.75,91.67,0.86,0,0,0.86,2.75,0,0,0,58.8584,58.8584,216759.8073,220723.5573,58.8584,,68.44
2963,2963,2.75,91.67,0.86,0,0,0.86,2.75,0,0,0,53.7672,53.7672,216813.5745,220777.3245,53.7672,,62.52
2964,2964,2.75,91.67,0.86,0,0,0.86,2.75,0,0,0,50.912,50.912,216864.4865,220828.2365,50.912,,59.2
2965,2965,2.75,91.67,0.85,0,0,0.85,2.75,0,0,0,56.8735,56.8735,216921.36,220885.11,56.8735,,66.91
2966,2966,2.75,91.67,0.85,0,0,0.85,2.75,0,0,0,58.259,58.259,216979.619,220943.369,58.259,,68.54
2967,2967,2.75,91.67,0.85,0,0,0.85,2.75,0,0,0,56.712,56.712,217036.331,221000.081,56.712,,66.72
2968,2968,2.75,91.67,1.1075,0.25,0.2375,0.87,2.5,0,0.25,1.25,76.1185,74.8685,217111.1995,221076.1995,59.7951,,68.73
2969,2969,2.5,83.33,2.77,2,1.9,0.87,0.5,0,2,10,190.4098,180.4098,217291.6093,221266.6093,59.8038,,68.74
2970,2970,0.5,16.67,1.1075,0.25,0.2375,0.87,0.25,0,0.25,1.25,76.1185,74.8685,217366.4778,221342.7278,59.7951,,68.73
2971,2971,0.25,8.33,1.1075,0.25,0.2375,0.87,0,0,0.25,1.25,76.1185,74.8685,217441.3463,221418.8463,59.7951,,68.73
2972,2972,0,0,0.87,0,0,0.87,0,0,0,0,55.4103,55.4103,217496.7566,221474.2566,55.4103,,63.69
2973,2973,0,0,0.86,0,0,0.86,0,0,0,0,56.0204,56.0204,217552.777,221530.277,56.0204,,65.14
2974,2974,0,0,0.87,0,0,0.87,0,0,0,0,52.7394,52.7394,217605.5164,221583.0164,52.7394,,60.62
2975,2975,0,0,0.87,0,0,0.87,0,0,0,0,42.0993,42.0993,217647.6157,221625.1157,42.0993,,48.39
2976,2976,0,0,0.87,0,0,0.87,0,0,0,0,52.8351,52.8351,217700.4508,221677.9508,52.8351,,60.73
2977,2977,0,0,0.86,0,0,0.86,0,0,0,0,52.1676,52.1676,217752.6184,221730.1184,52.1676,,60.66
2978,2978,0,0,0.0535,-0.75,-0.8065,0.86,0.75,0,0.75,3.75,2.5784,-1.1716,217751.4468,221732.6968,41.409,,48.15
2979,2979,0.75,25,0.0535,-0.75,-0.8065,0.86,1.5,0,0.75,3.75,2.1692,-1.5808,217749.866,221734.866,34.8386,,40.51
2980,2980,1.5,50,0.0535,-0.75,-0.8065,0.86,2.25,0,0.75,3.75,2.0605,-1.6895,217748.1765,221736.9265,33.0928,,38.48
2981,2981,2.25,75,0.0635,-0.75,-0.8065,0.87,3,0,0.75,3.75,2.4453,-1.3047,217746.8718,221739.3718,33.4776,,38.48
2982,2982,3,100,0.87,0,0,0.87,3,0,0,0,54.2793,54.2793,217801.1511,221793.6511,54.2793,,62.39
2983,2983,3,100,0.87,0,0,0.87,3,0,0,0,52.8351,52.8351,217853.9862,221846.4862,52.8351,,60.73
2984,2984,3,100,0.87,0,0,0.87,3,0,0,0,52.8351,52.8351,217906.8213,221899.3213,52.8351,,60.73
2985,2985,3,100,0.86,0,0,0.86,3,0,0,0,48.4266,48.4266,217955.2479,221947.7479,48.4266,,56.31
2986,2986,3,100,0.86,0,0,0.86,3,0,0,0,52.2278,52.2278,218007.4757,221999.9757,52.2278,,60.73
2987,2987,3,100,0.85,0,0,0.85,3,0,0,0,49.997,49.997,218057.4727,222049.9727,49.997,,58.82
2988,2988,3,100,1.05,0,0,1.05,3,0,0,0,59.1255,59.1255,218116.5982,222109.0982,59.1255,,56.31
2989,2989,3,100,1.7625,0.75,0.7125,1.05,2.25,0,0.75,3.75,116.0254,112.2754,218228.8736,222225.1236,69.1215,,65.83
2990,2990,2.25,75,1.05,0,0,1.05,2.25,0,0,0,63.7665,63.7665,218292.6401,222288.8901,63.7665,,60.73
2991,2991,2.25,75,0.2435,-0.75,-0.8065,1.05,3,0,0.75,3.75,11.3469,7.5969,218300.237,222300.237,48.9195,,46.59
2992,2992,3,100,1.07,0,0,1.07,3,0,0,0,73.2629,73.2629,218373.4999,222373.4999,73.2629,,68.47
2993,2993,3,100,2.97,2,1.9,1.07,1,0,2,10,204.5142,194.5142,218568.0141,222578.0141,73.6802,,68.86
2994,2994,1,33.33,2.01,1,0.95,1.06,0,0,1,5,138.2277,133.2277,218701.2418,222716.2418,72.8962,,68.77
2995,2995,0,0,0.96,0,0,0.96,0,0,0,0,64.656,64.656,218765.8978,222780.8978,64.656,,67.35
2996,2996,0,0,0.97,0,0,0.97,0,0,0,0,58.8693,58.8693,218824.7671,222839.7671,58.8693,,60.69
2997,2997,0,0,0.97,0,0,0.97,0,0,0,0,62.5165,62.5165,218887.2836,222902.2836,62.5165,,64.45
2998,2998,0,0,0.1535,-0.75,-0.8065,0.96,0.75,0,0.75,3.75,7.1538,3.4038,218890.6874,222909.4374,44.7264,,46.59
2999,2999,0.75,25,0.1635,-0.75,-0.8065,0.97,1.5,0,0.75,3.75,7.695,3.945,218894.6324,222917.1324,45.6385,,47.05
3000,3000,1.5,50,1.6725,0.75,0.7125,0.96,0.75,0,0.75,3.75,111.723,107.973,219002.6054,223028.8554,64.128,,66.8
3001,3001,0.75,25,0.97,0,0,0.97,0.75,0,0,0,58.9469,58.9469,219061.5523,223087.8023,58.9469,,60.77
3002,3002,0.75,25,0.1435,-0.75,-0.8065,0.95,1.5,0,0.75,3.75,6.6563,2.9063,219064.4586,223094.4586,44.0515,,46.37
3003,3003,1.5,50,0.1435,-0.75,-0.8065,0.95,2.25,0,0.75,3.75,6.6563,2.9063,219067.3649,223101.1149,44.0515,,46.37
3004,3004,2.25,75,0.1635,-0.75,-0.8065,0.97,3,0,0.75,3.75,7.5837,3.8337,219071.1986,223108.6986,44.9789,,46.37
3005,3005,3,100,0.97,0,0,0.97,3,0,0,0,51.0802,51.0802,219122.2788,223159.7788,51.0802,,52.66
3006,3006,3,100,0.97,0,0,0.97,3,0,0,0,59.9266,59.9266,219182.2054,223219.7054,59.9266,,61.78
3007,3007,3,100,0.87,0,0,0.87,3,0,0,0,54.6273,54.6273,219236.8327,223274.3327,54.6273,,62.79
3008,3008,3,100,0.87,0,0,0.87,3,0,0,0,59.9169,59.9169,219296.7496,223334.2496,59.9169,,68.87
3009,3009,3,100,0.87,0,0,0.87,3,0,0,0,59.9169,59.9169,219356.6665,223394.1665,59.9169,,68.87
3010,3010,3,100,0.86,0,0,0.86,3,0,0,0,59.2282,59.2282,219415.8947,223453.3947,59.2282,,68.87
3011,3011,3,100,0.86,0,0,0.86,3,0,0,0,59.2282,59.2282,219475.1229,223512.6229,59.2282,,68.87
3012,3012,3,100,0.85,0,0,0.85,3,0,0,0,49.453,49.453,219524.5759,223562.0759,49.453,,58.18
3013,3013,3,100,0.85,0,0,0.85,3,0,0,0,56.78,56.78,219581.3559,223618.8559,56.78,,66.8
3014,3014,3,100,0.85,0,0,0.85,3,0,0,0,58.5395,58.5395,219639.8954,223677.3954,58.5395,,68.87
3015,3015,3,100,0.86,0,0,0.86,3,0,0,0,59.2282,59.2282,219699.1236,223736.6236,59.2282,,68.87
3016,3016,3,100,1.82,1,0.95,0.87,2,0,1,5,125.3434,120.3434,219819.467,223861.967,59.9169,,68.87
3017,3017,2,66.67,2.77,2,1.9,0.87,0,0,2,10,190.7699,180.7699,220000.2369,224052.7369,59.9169,,68.87
3018,3018,0,0,0.87,0,0,0.87,0,0,0,0,59.9082,59.9082,220060.1451,224112.6451,59.9082,,68.86
3019,3019,0,0,0.86,0,0,0.86,0,0,0,0,57.4738,57.4738,220117.6189,224170.1189,57.4738,,66.83
3020,3020,0,0,0.87,0,0,0.87,0,0,0,0,49.3377,49.3377,220166.9566,224219.4566,49.3377,,56.71
3021,3021,0,0,0.87,0,0,0.87,0,0,0,0,55.506,55.506,220222.4626,224274.9626,55.506,,63.8
3022,3022,0,0,0.95,0,0,0.95,0,0,0,0,55.803,55.803,220278.2656,224330.7656,55.803,,58.74
3023,3023,0,0,0.95,0,0,0.95,0,0,0,0,49.9605,49.9605,220328.2261,224380.7261,49.9605,,52.59
3024,3024,0,0,1.06,0,0,1.06,0,0,0,0,52.4806,52.4806,220380.7067,224433.2067,52.4806,,49.51
3025,3025,0,0,1.06,0,0,1.06,0,0,0,0,48.919,48.919,220429.6257,224482.1257,48.919,,46.15
3026,3026,0,0,0.2535,-0.75,-0.8065,1.06,0.75,0,0.75,3.75,10.2712,6.5212,220436.1469,224492.3969,42.9406,,40.51
3027,3027,0.75,25,0.2535,-0.75,-0.8065,1.06,1.5,0,0.75,3.75,8.8995,5.1495,220441.2964,224501.2964,37.206,,35.1
3028,3028,1.5,50,0.2535,-0.75,-0.8065,1.06,2.25,0,0.75,3.75,9.7565,6.0065,220447.3029,224511.0529,40.7888,,38.48
3029,3029,2.25,75,0.2635,-0.75,-0.8065,1.07,3,0,0.75,3.75,11.7437,7.9937,220455.2966,224522.7966,47.6792,,44.56
3030,3030,3,100,1.07,0,0,1.07,3,0,0,0,49.8513,49.8513,220505.1479,224572.6479,49.8513,,46.59
3031,3031,3,100,1.07,0,0,1.07,3,0,0,0,57.3734,57.3734,220562.5213,224630.0213,57.3734,,53.62
3032,3032,3,100,1.3175,0.25,0.2375,1.08,2.75,0,0.25,1.25,90.7231,89.4731,220651.9944,224720.7444,74.3688,,68.86
3033,3033,2.75,91.67,1.05,0,0,1.05,2.75,0,0,0,72.303,72.303,220724.2974,224793.0474,72.303,,68.86
3034,3034,2.75,91.67,1.05,0,0,1.05,2.75,0,0,0,72.303,72.303,220796.6004,224865.3504,72.303,,68.86
3035,3035,2.75,91.67,1.04,0,0,1.04,2.75,0,0,0,66.0608,66.0608,220862.6612,224931.4112,66.0608,,63.52
3036,3036,2.75,91.67,1.05,0,0,1.05,2.75,0,0,0,55.167,55.167,220917.8282,224986.5782,55.167,,52.54
3037,3037,2.75,91.67,1.04,0,0,1.04,2.75,0,0,0,58.5104,58.5104,220976.3386,225045.0886,58.5104,,56.26
3038,3038,2.75,91.67,1.05,0,0,1.05,2.75,0,0,0,65.7195,65.7195,221042.0581,225110.8081,65.7195,,62.59
3039,3039,2.75,91.67,1.05,0,0,1.05,2.75,0,0,0,62.7375,62.7375,221104.7956,225173.5456,62.7375,,59.75
3040,3040,2.75,91.67,1.7825,0.75,0.7125,1.07,2,0,0.75,3.75,122.7429,118.9929,221223.7885,225296.2885,73.6802,,68.86
3041,3041,2,66.67,2.97,2,1.9,1.07,0,0,2,10,204.5439,194.5439,221418.3324,225500.8324,73.6909,,68.87
3042,3042,0,0,0.87,0,0,0.87,0,0,0,0,59.7429,59.7429,221478.0753,225560.5753,59.7429,,68.67
3043,3043,0,0,0.86,0,0,0.86,0,0,0,0,57.4652,57.4652,221535.5405,225618.0405,57.4652,,66.82
3044,3044,0,0,0.86,0,0,0.86,0,0,0,0,50.095,50.095,221585.6355,225668.1355,50.095,,58.25
3045,3045,0,0,0.86,0,0,0.86,0,0,0,0,54.868,54.868,221640.5035,225723.0035,54.868,,63.8
3046,3046,0,0,0.86,0,0,0.86,0,0,0,0,53.8274,53.8274,221694.3309,225776.8309,53.8274,,62.59
3047,3047,0,0,0.85,0,0,0.85,0,0,0,0,50.7875,50.7875,221745.1184,225827.6184,50.7875,,59.75
3048,3048,0,0,0.95,0,0,0.95,0,0,0,0,53.7415,53.7415,221798.8599,225881.3599,53.7415,,56.57
3049,3049,0,0,0.0847,-1,-1.0753,1.16,1,0,1,5,4.1917,-0.8083,221798.0516,225885.5516,57.3852,,49.47
3050,3050,1,33.33,0.0847,-1,-1.0753,1.16,2,0,1,5,3.89,-1.11,221796.9416,225889.4416,53.2556,,45.91
3051,3051,2,66.67,0.3535,-0.75,-0.8065,1.16,2.75,0,0.75,3.75,17.49,13.74,221810.6816,225906.9316,57.3852,,49.47
3052,3052,2.75,91.67,1.0012,-0.25,-0.2688,1.27,3,0,0.25,1.25,49.5285,48.2785,221858.9601,225956.4601,62.8269,,49.47
3053,3053,3,100,1.27,0,0,1.27,3,0,0,0,66.1289,66.1289,221925.089,226022.589,66.1289,,52.07
3054,3054,3,100,1.27,0,0,1.27,3,0,0,0,78.2574,78.2574,222003.3464,226100.8464,78.2574,,61.62
3055,3055,3,100,1.27,0,0,1.27,3,0,0,0,80.8228,80.8228,222084.1692,226181.6692,80.8228,,63.64
3056,3056,3,100,1.5075,0.25,0.2375,1.27,2.75,0,0.25,1.25,103.5502,102.3002,222186.4694,226285.2194,87.2363,,68.69
3057,3057,2.75,91.67,1.4875,0.25,0.2375,1.25,2.5,0,0.25,1.25,102.1764,100.9264,222287.3958,226387.3958,85.8625,,68.69
3058,3058,2.5,83.33,1.25,0,0,1.25,2.5,0,0,0,85.85,85.85,222373.2458,226473.2458,85.85,,68.68
3059,3059,2.5,83.33,1.25,0,0,1.25,2.5,0,0,0,78.025,78.025,222451.2708,226551.2708,78.025,,62.42
3060,3060,2.5,83.33,1.3,0,0,1.3,2.5,0,0,0,67.691,67.691,222518.9618,226618.9618,67.691,,52.07
3061,3061,2.5,83.33,1.3,0,0,1.3,2.5,0,0,0,69.433,69.433,222588.3948,226688.3948,69.433,,53.41
3062,3062,2.5,83.33,1.31,0,0,1.31,2.5,0,0,0,89.9053,89.9053,222678.3001,226778.3001,89.9053,,68.63
3063,3063,2.5,83.33,2.4875,1.25,1.1875,1.3,1.25,0,1.25,6.25,170.8664,164.6164,222842.9165,226949.1665,89.297,,68.69
3064,3064,1.25,41.67,2.48,0,0,2.48,1.25,0,0,0,170.3512,170.3512,223013.2677,227119.5177,170.3512,,68.69
3065,3065,1.25,41.67,2.47,0,0,2.47,1.25,0,0,0,169.6643,169.6643,223182.932,227289.182,169.6643,,68.69
3066,3066,1.25,41.67,2.47,0,0,2.47,1.25,0,0,0,169.6643,169.6643,223352.5963,227458.8463,169.6643,,68.69
3067,3067,1.25,41.67,2.47,0,0,2.47,1.25,0,0,0,169.6643,169.6643,223522.2606,227628.5106,169.6643,,68.69
3068,3068,1.25,41.67,2.47,0,0,2.47,1.25,0,0,0,169.6643,169.6643,223691.9249,227798.1749,169.6643,,68.69
3069,3069,1.25,41.67,2.3575,1.25,1.1875,1.17,0,0,1.25,6.25,161.9367,155.6867,223847.6116,227960.1116,80.3673,,68.69
3070,3070,0,0,1.18,0,0,1.18,0,0,0,0,77.4788,77.4788,223925.0904,228037.5904,77.4788,,65.66
3071,3071,0,0,1.17,0,0,1.17,0,0,0,0,73.2771,73.2771,223998.3675,228110.8675,73.2771,,62.63
3072,3072,0,0,1.16,0,0,1.16,0,0,0,0,74.9592,74.9592,224073.3267,228185.8267,74.9592,,64.62
3073,3073,0,0,1.16,0,0,1.16,0,0,0,0,76.154,76.154,224149.4807,228261.9807,76.154,,65.65
3074,3074,0,0,1.21,0,0,1.21,0,0,0,0,65.8966,65.8966,224215.3773,228327.8773,65.8966,,54.46
3075,3075,0,0,1.22,0,0,1.22,0,0,0,0,63.196,63.196,224278.5733,228391.0733,63.196,,51.8
3076,3076,0,0,0.1347,-1,-1.0753,1.21,1,0,1,5,6.8066,1.8066,224280.3799,228397.8799,61.1292,,50.52
3077,3077,1,33.33,0.1447,-1,-1.0753,1.22,2,0,1,5,5.0338,0.0338,224280.4137,228402.9137,42.4316,,34.78
3078,3078,2,66.67,0.1447,-1,-1.0753,1.22,3,0,1,5,5.5562,0.5562,224280.9699,228408.4699,46.8358,,38.39
3079,3079,3,100,1.22,0,0,1.22,3,0,0,0,70.8332,70.8332,224351.8031,228479.3031,70.8332,,58.06
3080,3080,3,100,1.22,0,0,1.22,3,0,0,0,83.814,83.814,224435.6171,228563.1171,83.814,,68.7
3081,3081,3,100,1.27,0,0,1.27,3,0,0,0,87.249,87.249,224522.8661,228650.3661,87.249,,68.7
3082,3082,3,100,1.26,0,0,1.26,3,0,0,0,85.2894,85.2894,224608.1555,228735.6555,85.2894,,67.69
3083,3083,3,100,1.26,0,0,1.26,3,0,0,0,78.6492,78.6492,224686.8047,228814.3047,78.6492,,62.42
3084,3084,3,100,1.26,0,0,1.26,3,0,0,0,67.4478,67.4478,224754.2525,228881.7525,67.4478,,53.53
3085,3085,3,100,1.26,0,0,1.26,3,0,0,0,72.7524,72.7524,224827.0049,228954.5049,72.7524,,57.74
3086,3086,3,100,1.27,0,0,1.27,3,0,0,0,79.5528,79.5528,224906.5577,229034.0577,79.5528,,62.64
3087,3087,3,100,1.26,0,0,1.26,3,0,0,0,82.719,82.719,224989.2767,229116.7767,82.719,,65.65
3088,3088,3,100,1.26,0,0,1.26,3,0,0,0,86.562,86.562,225075.8387,229203.3387,86.562,,68.7
3089,3089,3,100,1.4975,0.25,0.2375,1.26,2.75,0,0.25,1.25,102.8783,101.6283,225177.467,229306.217,86.562,,68.7
3090,3090,2.75,91.67,2.2,1,0.95,1.25,1.75,0,1,5,151.14,146.14,225323.607,229457.357,85.875,,68.7
3091,3091,1.75,58.33,1.27,0,0,1.27,1.75,0,0,0,87.0077,87.0077,225410.6147,229544.3647,87.0077,,68.51
3092,3092,1.75,58.33,1.26,0,0,1.26,1.75,0,0,0,84.0168,84.0168,225494.6315,229628.3815,84.0168,,66.68
3093,3093,1.75,58.33,2.9325,1.75,1.6625,1.27,0,0,1.75,8.75,201.4628,192.7128,225687.3443,229829.8443,87.249,,68.7
3094,3094,0,0,1.27,0,0,1.27,0,0,0,0,80.6831,80.6831,225768.0274,229910.5274,80.6831,,63.53
3095,3095,0,0,1.27,0,0,1.27,0,0,0,0,80.5815,80.5815,225848.6089,229991.1089,80.5815,,63.45
3096,3096,0,0,1.26,0,0,1.26,0,0,0,0,76.3686,76.3686,225924.9775,230067.4775,76.3686,,60.61
3097,3097,0,0,1.27,0,0,1.27,0,0,0,0,73.7743,73.7743,225998.7518,230141.2518,73.7743,,58.09
3098,3098,0,0,1.26,0,0,1.26,0,0,0,0,67.2336,67.2336,226065.9854,230208.4854,67.2336,,53.36
3099,3099,0,0,0.1947,-1,-1.0753,1.27,1,0,1,5,9.7852,4.7852,226070.7706,230218.2706,63.8175,,50.25
3100,3100,1,33.33,0.1847,-1,-1.0753,1.26,2,0,1,5,8.3979,3.3979,226074.1685,230226.6685,57.2796,,45.46
3101,3101,2,66.67,1.27,0,0,1.27,2,0,0,0,71.2724,71.2724,226145.4409,230297.9409,71.2724,,56.12
3102,3102,2,66.67,1.27,0,0,1.27,2,0,0,0,79.5401,79.5401,226224.981,230377.481,79.5401,,62.63
3103,3103,2,66.67,1.27,0,0,1.27,2,0,0,0,80.8228,80.8228,226305.8038,230458.3038,80.8228,,63.64
3104,3104,2,66.67,1.5075,0.25,0.2375,1.27,1.75,0,0.25,1.25,103.5653,102.3153,226408.1191,230561.8691,87.249,,68.7
3105,3105,1.75,58.33,2.9425,1.75,1.6625,1.28,0,0,1.75,8.75,202.1498,193.3998,226601.5189,230764.0189,87.936,,68.7
3106,3106,0,0,1.27,0,0,1.27,0,0,0,0,86.6775,86.6775,226688.1964,230850.6964,86.6775,,68.25
3107,3107,0,0,0.2047,-1,-1.0753,1.28,1,0,1,5,10.1383,5.1383,226693.3347,230860.8347,63.3856,,49.52
3108,3108,1,33.33,0.1947,-1,-1.0753,1.27,2,0,1,5,10.0014,5.0014,226698.3361,230870.8361,65.2272,,51.36
3109,3109,2,66.67,0.1747,-1,-1.0753,1.25,3,0,1,5,8.6527,3.6527,226701.9888,230879.4888,61.9,,49.52
3110,3110,3,100,1.25,0,0,1.25,3,0,0,0,70.15,70.15,226772.1388,230949.6388,70.15,,56.12
3111,3111,3,100,1.28,0,0,1.28,3,0,0,0,86.2464,86.2464,226858.3852,231035.8852,86.2464,,67.38
3112,3112,3,100,1.28,0,0,1.28,3,0,0,0,87.936,87.936,226946.3212,231123.8212,87.936,,68.7
3113,3113,3,100,2.4675,1.25,1.1875,1.28,1.75,0,1.25,6.25,169.5173,163.2673,227109.5885,231293.3385,87.936,,68.7
3114,3114,1.75,58.33,2.925,0.5,0.475,2.45,1.25,0,0.5,2.5,200.9475,198.4475,227308.036,231494.286,168.315,,68.7
3115,3115,1.25,41.67,2.875,0.5,0.475,2.4,0.75,0,0.5,2.5,197.5125,195.0125,227503.0485,231691.7985,164.88,,68.7
3116,3116,0.75,25,2.9225,0.75,0.7125,2.21,0,0,0.75,3.75,200.7757,197.0257,227700.0742,231892.5742,151.827,,68.7
3117,3117,0,0,2.21,0,0,2.21,0,0,0,0,151.3629,151.3629,227851.4371,232043.9371,151.3629,,68.49
3118,3118,0,0,2.21,0,0,2.21,0,0,0,0,140.2024,140.2024,227991.6395,232184.1395,140.2024,,63.44
3119,3119,0,0,1.27,0,0,1.27,0,0,0,0,79.5401,79.5401,228071.1796,232263.6796,79.5401,,62.63
3120,3120,0,0,1.26,0,0,1.26,0,0,0,0,75.6756,75.6756,228146.8552,232339.3552,75.6756,,60.06
3121,3121,0,0,1.25,0,0,1.25,0,0,0,0,66.3,66.3,228213.1552,232405.6552,66.3,,53.04
3122,3122,0,0,1.25,0,0,1.25,0,0,0,0,66.3375,66.3375,228279.4927,232471.9927,66.3375,,53.07
3123,3123,0,0,1.25,0,0,1.25,0,0,0,0,69.75,69.75,228349.2427,232541.7427,69.75,,55.8
3124,3124,0,0,1.26,0,0,1.26,0,0,0,0,65.8224,65.8224,228415.0651,232607.5651,65.8224,,52.24
3125,3125,0,0,0.1847,-1,-1.0753,1.26,1,0,1,5,9.0629,4.0629,228419.128,232616.628,61.8156,,49.06
3126,3126,1,33.33,1.26,0,0,1.26,1,0,0,0,69.7662,69.7662,228488.8942,232686.3942,69.7662,,55.37
3127,3127,1,33.33,1.26,0,0,1.26,1,0,0,0,78.9138,78.9138,228567.808,232765.308,78.9138,,62.63
3128,3128,1,33.33,2.22,1,0.95,1.27,0,0,1,5,151.6704,146.6704,228714.4784,232916.9784,86.7664,,68.32
3129,3129,0,0,1.25,0,0,1.25,0,0,0,0,84.6,84.6,228799.0784,233001.5784,84.6,,67.68
3130,3130,0,0,1.25,0,0,1.25,0,0,0,0,77.2875,77.2875,228876.3659,233078.8659,77.2875,,61.83
3131,3131,0,0,1.25,0,0,1.25,0,0,0,0,82.3375,82.3375,228958.7034,233161.2034,82.3375,,65.87
3132,3132,0,0,0.1647,-1,-1.0753,1.24,1,0,1,5,5.3669,0.3669,228959.0703,233166.5703,40.3992,,32.58
3133,3133,1,33.33,0.1647,-1,-1.0753,1.24,2,0,1,5,5.6931,0.6931,228959.7634,233172.2634,42.8544,,34.56
3134,3134,2,66.67,1.23,0,0,1.23,2,0,0,0,52.521,52.521,229012.2844,233224.7844,52.521,,42.7
3135,3135,2,66.67,0.1647,-1,-1.0753,1.24,3,0,1,5,5.6931,0.6931,229012.9775,233230.4775,42.8544,,34.56
3136,3136,3,100,1.25,0,0,1.25,3,0,0,0,65.8625,65.8625,229078.84,233296.34,65.8625,,52.69
3137,3137,3,100,2.9125,1.75,1.6625,1.25,1.25,0,1.75,8.75,198.982,190.232,229269.072,233495.322,85.4,,68.32
3138,3138,1.25,41.67,1.9525,0.75,0.7125,1.24,0.5,0,0.75,3.75,131.3837,127.6337,229396.7057,233626.7057,83.4396,,67.29
3139,3139,0.5,16.67,1.24,0,0,1.24,0.5,0,0,0,79.732,79.732,229476.4377,233706.4377,79.732,,64.3
3140,3140,0.5,16.67,2.32,0,0,2.32,0.5,0,0,0,125.86,125.86,229602.2977,233832.2977,125.86,,54.25
3141,3141,0.5,16.67,2.795,0.5,0.475,2.32,0,0,0.5,2.5,188.1315,185.6315,229787.9292,234020.4292,156.1592,,67.31
3142,3142,0,0,2.31,0,0,2.31,0,0,0,0,133.7259,133.7259,229921.6551,234154.1551,133.7259,,57.89
3143,3143,0,0,1.26,0,0,1.26,0,0,0,0,66.8304,66.8304,229988.4855,234220.9855,66.8304,,53.04
3144,3144,0,0,1.26,0,0,1.26,0,0,0,0,55.8054,55.8054,230044.2909,234276.7909,55.8054,,44.29
3145,3145,0,0,0.1747,-1,-1.0753,1.25,1,0,1,5,7.4401,2.4401,230046.731,234284.231,53.225,,42.58
3146,3146,1,33.33,0.1747,-1,-1.0753,1.25,2,0,1,5,7.0032,2.0032,230048.7342,234291.2342,50.1,,40.08
3147,3147,2,66.67,1.25,0,0,1.25,2,0,0,0,56.5375,56.5375,230105.2717,234347.7717,56.5375,,45.23
3148,3148,2,66.67,0.1847,-1,-1.0753,1.26,3,0,1,5,7.9822,2.9822,230108.2539,234355.7539,54.4446,,43.21
3149,3149,3,100,1.26,0,0,1.26,3,0,0,0,72.828,72.828,230181.0819,234428.5819,72.828,,57.8
3150,3150,3,100,1.26,0,0,1.26,3,0,0,0,83.2986,83.2986,230264.3805,234511.8805,83.2986,,66.11
3151,3151,3,100,2.4475,1.25,1.1875,1.26,1.75,0,1.25,6.25,161.8042,155.5542,230419.9347,234673.6847,83.2986,,66.11
3152,3152,1.75,58.33,2.9125,1.75,1.6625,1.25,0,0,1.75,8.75,192.6036,183.8536,230603.7883,234866.2883,82.6625,,66.13
3153,3153,0,0,1.25,0,0,1.25,0,0,0,0,67.6375,67.6375,230671.4258,234933.9258,67.6375,,54.11
3154,3154,0,0,0.1547,-1,-1.0753,1.23,1,0,1,5,4.9607,-0.0393,230671.3865,234938.8865,39.4338,,32.06
3155,3155,1,33.33,0.1547,-1,-1.0753,1.23,2,0,1,5,4.9607,-0.0393,230671.3472,234943.8472,39.4338,,32.06
3156,3156,2,66.67,0.1647,-1,-1.0753,1.24,3,0,1,5,4.3818,-0.6182,230670.729,234948.229,32.984,,26.6
3157,3157,3,100,1.25,0,0,1.25,3,0,0,0,43.5875,43.5875,230714.3165,234991.8165,43.5875,,34.87
3158,3158,3,100,1.25,0,0,1.25,3,0,0,0,43.0875,43.0875,230757.404,235034.904,43.0875,,34.47
3159,3159,3,100,1.26,0,0,1.26,3,0,0,0,65.772,65.772,230823.176,235100.676,65.772,,52.2
3160,3160,3,100,1.26,0,0,1.26,3,0,0,0,85.5918,85.5918,230908.7678,235186.2678,85.5918,,67.93
3161,3161,3,100,2.4375,1.25,1.1875,1.25,1.75,0,1.25,6.25,166.0669,159.8169,231068.5847,235352.3347,85.1625,,68.13
3162,3162,1.75,58.33,2.8925,1.75,1.6625,1.23,0,0,1.75,8.75,197.066,188.316,231256.9007,235549.4007,83.7999,,68.13
3163,3163,0,0,1.23,0,0,1.23,0,0,0,0,83.5539,83.5539,231340.4546,235632.9546,83.5539,,67.93
3164,3164,0,0,1.23,0,0,1.23,0,0,0,0,76.4076,76.4076,231416.8622,235709.3622,76.4076,,62.12
3165,3165,0,0,1.24,0,0,1.24,0,0,0,0,80.662,80.662,231497.5242,235790.0242,80.662,,65.05
3166,3166,0,0,1.25,0,0,1.25,0,0,0,0,62.6,62.6,231560.1242,235852.6242,62.6,,50.08
3167,3167,0,0,1.25,0,0,1.25,0,0,0,0,63.675,63.675,231623.7992,235916.2992,63.675,,50.94
3168,3168,0,0,1.25,0,0,1.25,0,0,0,0,82.1625,82.1625,231705.9617,235998.4617,82.1625,,65.73
3169,3169,0,0,1.25,0,0,1.25,0,0,0,0,78.1,78.1,231784.0617,236076.5617,78.1,,62.48
3170,3170,0,0,1.25,0,0,1.25,0,0,0,0,67.6125,67.6125,231851.6742,236144.1742,67.6125,,54.09
3171,3171,0,0,0.1747,-1,-1.0753,1.25,1,0,1,5,7.966,2.966,231854.6402,236152.1402,56.9875,,45.59
3172,3172,1,33.33,0.1747,-1,-1.0753,1.25,2,0,1,5,6.023,1.023,231855.6632,236158.1632,43.0875,,34.47
3173,3173,2,66.67,0.1747,-1,-1.0753,1.25,3,0,1,5,6.0684,1.0684,231856.7316,236164.2316,43.4125,,34.73
3174,3174,3,100,1.26,0,0,1.26,3,0,0,0,63.5544,63.5544,231920.286,236227.786,63.5544,,50.44
3175,3175,3,100,1.26,0,0,1.26,3,0,0,0,63.378,63.378,231983.664,236291.164,63.378,,50.3
3176,3176,3,100,1.25,0,0,1.25,3,0,0,0,85.1625,85.1625,232068.8265,236376.3265,85.1625,,68.13
3177,3177,3,100,1.25,0,0,1.25,3,0,0,0,85.1625,85.1625,232153.989,236461.489,85.1625,,68.13
3178,3178,3,100,1.24,0,0,1.24,3,0,0,0,84.2332,84.2332,232238.2222,236545.7222,84.2332,,67.93
3179,3179,3,100,1.23,0,0,1.23,3,0,0,0,78.8553,78.8553,232317.0775,236624.5775,78.8553,,64.11
3180,3180,3,100,1.23,0,0,1.23,3,0,0,0,63.5418,63.5418,232380.6193,236688.1193,63.5418,,51.66
3181,3181,3,100,1.24,0,0,1.24,3,0,0,0,65.4968,65.4968,232446.1161,236753.6161,65.4968,,52.82
3182,3182,3,100,1.25,0,0,1.25,3,0,0,0,68.5375,68.5375,232514.6536,236822.1536,68.5375,,54.83
3183,3183,3,100,1.24,0,0,1.24,3,0,0,0,75.5656,75.5656,232590.2192,236897.7192,75.5656,,60.94
3184,3184,3,100,1.26,0,0,1.26,3,0,0,0,85.8438,85.8438,232676.063,236983.563,85.8438,,68.13
3185,3185,3,100,2.675,1.5,1.425,1.25,1.5,0,1.5,7.5,182.2477,174.7477,232850.8107,237165.8107,85.1625,,68.13
3186,3186,1.5,50,2.675,1.5,1.425,1.25,0,0,1.5,7.5,182.2477,174.7477,233025.5584,237348.0584,85.1625,,68.13
3187,3187,0,0,1.25,0,0,1.25,0,0,0,0,82.6625,82.6625,233108.2209,237430.7209,82.6625,,66.13
3188,3188,0,0,1.25,0,0,1.25,0,0,0,0,73.8,73.8,233182.0209,237504.5209,73.8,,59.04
3189,3189,0,0,1.25,0,0,1.25,0,0,0,0,77.4,77.4,233259.4209,237581.9209,77.4,,61.92
3190,3190,0,0,1.25,0,0,1.25,0,0,0,0,67.6125,67.6125,233327.0334,237649.5334,67.6125,,54.09
3191,3191,0,0,1.25,0,0,1.25,0,0,0,0,65.125,65.125,233392.1584,237714.6584,65.125,,52.1
3192,3192,0,0,1.25,0,0,1.25,0,0,0,0,82.6625,82.6625,233474.8209,237797.3209,82.6625,,66.13
3193,3193,0,0,1.25,0,0,1.25,0,0,0,0,78.1125,78.1125,233552.9334,237875.4334,78.1125,,62.49
3194,3194,0,0,1.25,0,0,1.25,0,0,0,0,70.6,70.6,233623.5334,237946.0334,70.6,,56.48
3195,3195,0,0,0.1747,-1,-1.0753,1.25,1,0,1,5,8.5828,3.5828,233627.1162,237954.6162,61.4,,49.12
3196,3196,1,33.33,0.1747,-1,-1.0753,1.25,2,0,1,5,8.1809,3.1809,233630.2971,237962.7971,58.525,,46.82
3197,3197,2,66.67,0.1847,-1,-1.0753,1.26,3,0,1,5,8.4219,3.4219,233633.719,237971.219,57.4434,,45.59
3198,3198,3,100,1.26,0,0,1.26,3,0,0,0,82.0638,82.0638,233715.7828,238053.2828,82.0638,,65.13
3199,3199,3,100,1.26,0,0,1.26,3,0,0,0,79.2792,79.2792,233795.062,238132.562,79.2792,,62.92
3200,3200,3,100,1.25,0,0,1.25,3,0,0,0,85.1625,85.1625,233880.2245,238217.7245,85.1625,,68.13
3201,3201,3,100,2.32,0,0,2.32,3,0,0,0,158.0616,158.0616,234038.2861,238375.7861,158.0616,,68.13
3202,3202,3,100,2.5375,0.25,0.2375,2.3,2.75,0,0.25,1.25,172.8799,171.6299,234209.916,238548.666,156.699,,68.13
3203,3203,2.75,91.67,2.29,0,0,2.29,2.75,0,0,0,151.4377,151.4377,234361.3537,238700.1037,151.4377,,66.13
3204,3204,2.75,91.67,2.3,0,0,2.3,2.75,0,0,0,130.042,130.042,234491.3957,238830.1457,130.042,,56.54
3205,3205,2.75,91.67,1.26,0,0,1.26,2.75,0,0,0,73.6722,73.6722,234565.0679,238903.8179,73.6722,,58.47
3206,3206,2.75,91.67,1.23,0,0,1.23,2.75,0,0,0,64.083,64.083,234629.1509,238967.9009,64.083,,52.1
3207,3207,2.75,91.67,1.23,0,0,1.23,2.75,0,0,0,78.8553,78.8553,234708.0062,239046.7562,78.8553,,64.11
3208,3208,2.75,91.67,1.15,0,0,1.15,2.75,0,0,0,78.3495,78.3495,234786.3557,239125.1057,78.3495,,68.13
3209,3209,2.75,91.67,2.09,1,0.95,1.14,1.75,0,1,5,142.3917,137.3917,234923.7474,239267.4974,77.6682,,68.13
3210,3210,1.75,58.33,2.8025,1.75,1.6625,1.14,0,0,1.75,8.75,190.9343,182.1843,235105.9317,239458.4317,77.6682,,68.13
3211,3211,0,0,1.15,0,0,1.15,0,0,0,0,73.7495,73.7495,235179.6812,239532.1812,73.7495,,64.13
3212,3212,0,0,1.15,0,0,1.15,0,0,0,0,63.8135,63.8135,235243.4947,239595.9947,63.8135,,55.49
3213,3213,0,0,1.15,0,0,1.15,0,0,0,0,65.5155,65.5155,235309.0102,239661.5102,65.5155,,56.97
3214,3214,0,0,1.15,0,0,1.15,0,0,0,0,55.936,55.936,235364.9462,239717.4462,55.936,,48.64
3215,3215,0,0,1.15,0,0,1.15,0,0,0,0,52.4285,52.4285,235417.3747,239769.8747,52.4285,,45.59
3216,3216,0,0,1.15,0,0,1.15,0,0,0,0,56.3385,56.3385,235473.7132,239826.2132,56.3385,,48.99
3217,3217,0,0,0.0747,-1,-1.0753,1.15,1,0,1,5,2.9878,-2.0122,235471.701,239829.201,45.977,,39.98
3218,3218,1,33.33,0.0747,-1,-1.0753,1.15,2,0,1,5,2.9878,-2.0122,235469.6888,239832.1888,45.977,,39.98
3219,3219,2,66.67,0.0747,-1,-1.0753,1.15,3,0,1,5,3.398,-1.602,235468.0868,239835.5868,52.2905,,45.47
3220,3220,3,100,1.25,0,0,1.25,3,0,0,0,62.4625,62.4625,235530.5493,239898.0493,62.4625,,49.97
3221,3221,3,100,1.25,0,0,1.25,3,0,0,0,68.8125,68.8125,235599.3618,239966.8618,68.8125,,55.05
3222,3222,3,100,1.26,0,0,1.26,3,0,0,0,76.8096,76.8096,235676.1714,240043.6714,76.8096,,60.96
3223,3223,3,100,1.26,0,0,1.26,3,0,0,0,80.4636,80.4636,235756.635,240124.135,80.4636,,63.86
3224,3224,3,100,1.25,0,0,1.25,3,0,0,0,84.95,84.95,235841.585,240209.085,84.95,,67.96
3225,3225,3,100,2.9125,1.75,1.6625,1.25,1.25,0,1.75,8.75,197.9335,189.1835,236030.7685,240407.0185,84.95,,67.96
3226,3226,1.25,41.67,1.25,0,0,1.25,1.25,0,0,0,78.175,78.175,236108.9435,240485.1935,78.175,,62.54
3227,3227,1.25,41.67,1.24,0,0,1.24,1.25,0,0,0,68.262,68.262,236177.2055,240553.4555,68.262,,55.05
3228,3228,1.25,41.67,0.1647,-1,-1.0753,1.24,2.25,0,1,5,6.2565,1.2565,236178.462,240559.712,47.0952,,37.98
3229,3229,2.25,75,1.23,0,0,1.23,2.25,0,0,0,65.9895,65.9895,236244.4515,240625.7015,65.9895,,53.65
3230,3230,2.25,75,1.23,0,0,1.23,2.25,0,0,0,72.4224,72.4224,236316.8739,240698.1239,72.4224,,58.88
3231,3231,2.25,75,1.24,0,0,1.24,2.25,0,0,0,80.4512,80.4512,236397.3251,240778.5751,80.4512,,64.88
3232,3232,2.25,75,1.24,0,0,1.24,2.25,0,0,0,84.2704,84.2704,236481.5955,240862.8455,84.2704,,67.96
3233,3233,2.25,75,1.4675,0.25,0.2375,1.23,2,0,0.25,1.25,99.7313,98.4813,236580.0768,240962.5768,83.5908,,67.96
3234,3234,2,66.67,1.4675,0.25,0.2375,1.23,1.75,0,0.25,1.25,99.7313,98.4813,236678.5581,241062.3081,83.5908,,67.96
3235,3235,1.75,58.33,1.25,0,0,1.25,1.75,0,0,0,84.95,84.95,236763.5081,241147.2581,84.95,,67.96
3236,3236,1.75,58.33,1.25,0,0,1.25,1.75,0,0,0,84.95,84.95,236848.4581,241232.2081,84.95,,67.96
3237,3237,1.75,58.33,2.9125,1.75,1.6625,1.25,0,0,1.75,8.75,197.9335,189.1835,237037.6416,241430.1416,84.95,,67.96
3238,3238,0,0,1.25,0,0,1.25,0,0,0,0,82.8625,82.8625,237120.5041,241513.0041,82.8625,,66.29
3239,3239,0,0,1.25,0,0,1.25,0,0,0,0,78.45,78.45,237198.9541,241591.4541,78.45,,62.76
3240,3240,0,0,1.25,0,0,1.25,0,0,0,0,77.2375,77.2375,237276.1916,241668.6916,77.2375,,61.79
3241,3241,0,0,1.25,0,0,1.25,0,0,0,0,72.9375,72.9375,237349.1291,241741.6291,72.9375,,58.35
3242,3242,0,0,1.24,0,0,1.24,0,0,0,0,68.0388,68.0388,237417.1679,241809.6679,68.0388,,54.87
3243,3243,0,0,1.25,0,0,1.25,0,0,0,0,68.5625,68.5625,237485.7304,241878.2304,68.5625,,54.85
3244,3244,0,0,1.25,0,0,1.25,0,0,0,0,66.9125,66.9125,237552.6429,241945.1429,66.9125,,53.53
3245,3245,0,0,1.25,0,0,1.25,0,0,0,0,68.5625,68.5625,237621.2054,242013.7054,68.5625,,54.85
3246,3246,0,0,1.25,0,0,1.25,0,0,0,0,83.05,83.05,237704.2554,242096.7554,83.05,,66.44
3247,3247,0,0,1.25,0,0,1.25,0,0,0,0,84.8,84.8,237789.0554,242181.5554,84.8,,67.84
3248,3248,0,0,1.26,0,0,1.26,0,0,0,0,85.4784,85.4784,237874.5338,242267.0338,85.4784,,67.84
3249,3249,0,0,1.24,0,0,1.24,0,0,0,0,84.1216,84.1216,237958.6554,242351.1554,84.1216,,67.84
3250,3250,0,0,1.23,0,0,1.23,0,0,0,0,76.8135,76.8135,238035.4689,242427.9689,76.8135,,62.45
3251,3251,0,0,1.23,0,0,1.23,0,0,0,0,68.2281,68.2281,238103.697,242496.197,68.2281,,55.47
3252,3252,0,0,0.1547,-1,-1.0753,1.23,1,0,1,5,6.9459,1.9459,238105.6429,242503.1429,55.2147,,44.89
3253,3253,1,33.33,0.1447,-1,-1.0753,1.22,2,0,1,5,6.9312,1.9312,238107.5741,242510.0741,58.4258,,47.89
3254,3254,2,66.67,0.1547,-1,-1.0753,1.23,3,0,1,5,7.5633,2.5633,238110.1374,242517.6374,60.1224,,48.88
3255,3255,3,100,1.23,0,0,1.23,3,0,0,0,61.3278,61.3278,238171.4652,242578.9652,61.3278,,49.86
3256,3256,3,100,1.23,0,0,1.23,3,0,0,0,83.4432,83.4432,238254.9084,242662.4084,83.4432,,67.84
3257,3257,3,100,1.24,0,0,1.24,3,0,0,0,84.1216,84.1216,238339.03,242746.53,84.1216,,67.84
3258,3258,3,100,1.23,0,0,1.23,3,0,0,0,83.4432,83.4432,238422.4732,242829.9732,83.4432,,67.84
3259,3259,3,100,1.24,0,0,1.24,3,0,0,0,84.1216,84.1216,238506.5948,242914.0948,84.1216,,67.84
3260,3260,3,100,1.25,0,0,1.25,3,0,0,0,84.8,84.8,238591.3948,242998.8948,84.8,,67.84
3261,3261,3,100,1.24,0,0,1.24,3,0,0,0,84.1216,84.1216,238675.5164,243083.0164,84.1216,,67.84
3262,3262,3,100,1.24,0,0,1.24,3,0,0,0,82.8816,82.8816,238758.398,243165.898,82.8816,,66.84
3263,3263,3,100,1.25,0,0,1.25,3,0,0,0,78.8125,78.8125,238837.2105,243244.7105,78.8125,,63.05
3264,3264,3,100,1.24,0,0,1.24,3,0,0,0,79.4096,79.4096,238916.6201,243324.1201,79.4096,,64.04
3265,3265,3,100,1.24,0,0,1.24,3,0,0,0,76.8552,76.8552,238993.4753,243400.9753,76.8552,,61.98
3266,3266,3,100,1.25,0,0,1.25,3,0,0,0,72.0625,72.0625,239065.5378,243473.0378,72.0625,,57.65
3267,3267,3,100,1.25,0,0,1.25,3,0,0,0,70.8,70.8,239136.3378,243543.8378,70.8,,56.64
3268,3268,3,100,1.24,0,0,1.24,3,0,0,0,69.4648,69.4648,239205.8026,243613.3026,69.4648,,56.02
3269,3269,3,100,1.24,0,0,1.24,3,0,0,0,71.9696,71.9696,239277.7722,243685.2722,71.9696,,58.04
3270,3270,3,100,1.25,0,0,1.25,3,0,0,0,84.15,84.15,239361.9222,243769.4222,84.15,,67.32
3271,3271,3,100,2.675,1.5,1.425,1.25,1.5,0,1.5,7.5,182.007,174.507,239536.4292,243951.4292,85.05,,68.04
3272,3272,1.5,50,2.675,1.5,1.425,1.25,0,0,1.5,7.5,182.007,174.507,239710.9362,244133.4362,85.05,,68.04
3273,3273,0,0,1.22,0,0,1.22,0,0,0,0,83.0088,83.0088,239793.945,244216.445,83.0088,,68.04
3274,3274,0,0,1.22,0,0,1.22,0,0,0,0,81.7644,81.7644,239875.7094,244298.2094,81.7644,,67.02
3275,3275,0,0,1.23,0,0,1.23,0,0,0,0,72.5085,72.5085,239948.2179,244370.7179,72.5085,,58.95
3276,3276,0,0,0.1647,-1,-1.0753,1.24,1,0,1,5,6.2631,1.2631,239949.481,244376.981,47.1448,,38.02
3277,3277,1,33.33,0.1547,-1,-1.0753,1.23,2,0,1,5,5.3258,0.3258,239949.8068,244382.3068,42.3366,,34.42
3278,3278,2,66.67,1.23,0,0,1.23,2,0,0,0,64.8333,64.8333,240014.6401,244447.1401,64.8333,,52.71
3279,3279,2,66.67,2.21,0,0,2.21,2,0,0,0,133.2188,133.2188,240147.8589,244580.3589,133.2188,,60.28
3280,3280,2,66.67,2.695,0.5,0.475,2.22,1.5,0,0.5,2.5,183.3678,180.8678,240328.7267,244763.7267,151.0488,,68.04
3281,3281,1.5,50,2.21,0,0,2.21,1.5,0,0,0,150.3684,150.3684,240479.0951,244914.0951,150.3684,,68.04
3282,3282,1.5,50,2.21,0,0,2.21,1.5,0,0,0,150.3684,150.3684,240629.4635,245064.4635,150.3684,,68.04
3283,3283,1.5,50,1.4975,0.25,0.2375,1.26,1.25,0,0.25,1.25,101.8899,100.6399,240730.1034,245166.3534,85.7304,,68.04
3284,3284,1.25,41.67,1.4975,0.25,0.2375,1.26,1,0,0.25,1.25,101.8899,100.6399,240830.7433,245268.2433,85.7304,,68.04
3285,3285,1,33.33,2.21,1,0.95,1.26,0,0,1,5,150.3684,145.3684,240976.1117,245418.6117,85.7304,,68.04
3286,3286,0,0,1.26,0,0,1.26,0,0,0,0,75.5748,75.5748,241051.6865,245494.1865,75.5748,,59.98
3287,3287,0,0,1.25,0,0,1.25,0,0,0,0,72.475,72.475,241124.1615,245566.6615,72.475,,57.98
3288,3288,0,0,1.25,0,0,1.25,0,0,0,0,75.25,75.25,241199.4115,245641.9115,75.25,,60.2
3289,3289,0,0,1.25,0,0,1.25,0,0,0,0,71.1375,71.1375,241270.549,245713.049,71.1375,,56.91
3290,3290,0,0,1.25,0,0,1.25,0,0,0,0,67.375,67.375,241337.924,245780.424,67.375,,53.9
3291,3291,0,0,1.25,0,0,1.25,0,0,0,0,64.95,64.95,241402.874,245845.374,64.95,,51.96
3292,3292,0,0,1.25,0,0,1.25,0,0,0,0,64.95,64.95,241467.824,245910.324,64.95,,51.96
3293,3293,0,0,1.25,0,0,1.25,0,0,0,0,64.95,64.95,241532.774,245975.274,64.95,,51.96
3294,3294,0,0,1.15,0,0,1.15,0,0,0,0,69.23,69.23,241602.004,246044.504,69.23,,60.2
3295,3295,0,0,1.15,0,0,1.15,0,0,0,0,71.9325,71.9325,241673.9365,246116.4365,71.9325,,62.55
3296,3296,0,0,1.16,0,0,1.16,0,0,0,0,78.822,78.822,241752.7585,246195.2585,78.822,,67.95
3297,3297,0,0,1.25,0,0,1.25,0,0,0,0,72.25,72.25,241825.0085,246267.5085,72.25,,57.8
3298,3298,0,0,0.1747,-1,-1.0753,1.25,1,0,1,5,8.6247,3.6247,241828.6332,246276.1332,61.7,,49.36
3299,3299,1,33.33,1.23,0,0,1.23,1,0,0,0,64.0338,64.0338,241892.667,246340.167,64.0338,,52.06
3300,3300,1,33.33,0.1647,-1,-1.0753,1.24,2,0,1,5,7.5628,2.5628,241895.2298,246347.7298,56.9284,,45.91
3301,3301,2,66.67,1.23,0,0,1.23,2,0,0,0,63.3204,63.3204,241958.5502,246411.0502,63.3204,,51.48
3302,3302,2,66.67,1.24,0,0,1.24,2,0,0,0,66.836,66.836,242025.3862,246477.8862,66.836,,53.9
3303,3303,2,66.67,1.25,0,0,1.25,2,0,0,0,73.7,73.7,242099.0862,246551.5862,73.7,,58.96
3304,3304,2,66.67,1.25,0,0,1.25,2,0,0,0,84.775,84.775,242183.8612,246636.3612,84.775,,67.82
3305,3305,2,66.67,1.25,0,0,1.25,2,0,0,0,84.9375,84.9375,242268.7987,246721.2987,84.9375,,67.95
3306,3306,2,66.67,1.4875,0.25,0.2375,1.25,1.75,0,0.25,1.25,101.0756,99.8256,242368.6243,246822.3743,84.9375,,67.95
3307,3307,1.75,58.33,1.24,0,0,1.24,1.75,0,0,0,80.6124,80.6124,242449.2367,246902.9867,80.6124,,65.01
3308,3308,1.75,58.33,1.25,0,0,1.25,1.75,0,0,0,73.7,73.7,242522.9367,246976.6867,73.7,,58.96
3309,3309,1.75,58.33,2.9125,1.75,1.6625,1.25,0,0,1.75,8.75,197.9044,189.1544,242712.0911,247174.5911,84.9375,,67.95
3310,3310,0,0,1.25,0,0,1.25,0,0,0,0,76.8875,76.8875,242788.9786,247251.4786,76.8875,,61.51
3311,3311,0,0,1.25,0,0,1.25,0,0,0,0,73.6,73.6,242862.5786,247325.0786,73.6,,58.88
3312,3312,0,0,1.25,0,0,1.25,0,0,0,0,75.2875,75.2875,242937.8661,247400.3661,75.2875,,60.23
3313,3313,0,0,1.25,0,0,1.25,0,0,0,0,70.05,70.05,243007.9161,247470.4161,70.05,,56.04
3314,3314,0,0,0.1747,-1,-1.0753,1.25,1,0,1,5,8.747,3.747,243011.6631,247479.1631,62.575,,50.06
3315,3315,1,33.33,0.1747,-1,-1.0753,1.25,2,0,1,5,8.747,3.747,243015.4101,247487.9101,62.575,,50.06
3316,3316,2,66.67,1.25,0,0,1.25,2,0,0,0,67.4,67.4,243082.8101,247555.3101,67.4,,53.92
3317,3317,2,66.67,1.26,0,0,1.26,2,0,0,0,67.9392,67.9392,243150.7493,247623.2493,67.9392,,53.92
3318,3318,2,66.67,1.26,0,0,1.26,2,0,0,0,82.971,82.971,243233.7203,247706.2203,82.971,,65.85
3319,3319,2,66.67,1.25,0,0,1.25,2,0,0,0,82.9875,82.9875,243316.7078,247789.2078,82.9875,,66.39
3320,3320,2,66.67,1.25,0,0,1.25,2,0,0,0,70.05,70.05,243386.7578,247859.2578,70.05,,56.04
3321,3321,2,66.67,1.25,0,0,1.25,2,0,0,0,65.05,65.05,243451.8078,247924.3078,65.05,,52.04
3322,3322,2,66.67,1.25,0,0,1.25,2,0,0,0,75.2875,75.2875,243527.0953,247999.5953,75.2875,,60.23
3323,3323,2,66.67,1.25,0,0,1.25,2,0,0,0,71.15,71.15,243598.2453,248070.7453,71.15,,56.92
3324,3324,2,66.67,0.1847,-1,-1.0753,1.26,3,0,1,5,8.4127,3.4127,243601.658,248079.158,57.3804,,45.54
3325,3325,3,100,1.25,0,0,1.25,3,0,0,0,71.25,71.25,243672.908,248150.408,71.25,,57
3326,3326,3,100,1.24,0,0,1.24,3,0,0,0,74.5116,74.5116,243747.4196,248224.9196,74.5116,,60.09
3327,3327,3,100,1.24,0,0,1.24,3,0,0,0,76.942,76.942,243824.3616,248301.8616,76.942,,62.05
3328,3328,3,100,1.24,0,0,1.24,3,0,0,0,80.662,80.662,243905.0236,248382.5236,80.662,,65.05
3329,3329,3,100,2.9125,1.75,1.6625,1.25,1.25,0,1.75,8.75,198.1956,189.4456,244094.4692,248580.7192,85.0625,,68.05
3330,3330,1.25,41.67,2.4375,1.25,1.1875,1.25,0,0,1.25,6.25,165.3844,159.1344,244253.6036,248746.1036,84.8125,,67.85
3331,3331,0,0,1.1,0,0,1.1,0,0,0,0,72.369,72.369,244325.9726,248818.4726,72.369,,65.79
3332,3332,0,0,1.09,0,0,1.09,0,0,0,0,62.239,62.239,244388.2116,248880.7116,62.239,,57.1
3333,3333,0,0,1.1,0,0,1.1,0,0,0,0,71.533,71.533,244459.7446,248952.2446,71.533,,65.03
3334,3334,0,0,1.1,0,0,1.1,0,0,0,0,64.724,64.724,244524.4686,249016.9686,64.724,,58.84
3335,3335,0,0,1.1,0,0,1.1,0,0,0,0,62.612,62.612,244587.0806,249079.5806,62.612,,56.92
3336,3336,0,0,1.1,0,0,1.1,0,0,0,0,57.244,57.244,244644.3246,249136.8246,57.244,,52.04
3337,3337,0,0,1.1,0,0,1.1,0,0,0,0,57.156,57.156,244701.4806,249193.9806,57.156,,51.96
3338,3338,0,0,0.0247,-1,-1.0753,1.1,1,0,1,5,1.0518,-3.9482,244697.5324,249195.0324,46.783,,42.53
3339,3339,1,33.33,0.0247,-1,-1.0753,1.1,2,0,1,5,1.1136,-3.8864,244693.646,249196.146,49.533,,45.03
3340,3340,2,66.67,0.0247,-1,-1.0753,1.1,3,0,1,5,1.0518,-3.9482,244689.6978,249197.1978,46.783,,42.53
3341,3341,3,100,1.11,0,0,1.11,3,0,0,0,53.4243,53.4243,244743.1221,249250.6221,53.4243,,48.13
3342,3342,3,100,1.11,0,0,1.11,3,0,0,0,63.8028,63.8028,244806.9249,249314.4249,63.8028,,57.48
3343,3343,3,100,1.1,0,0,1.1,3,0,0,0,63.294,63.294,244870.2189,249377.7189,63.294,,57.54
3344,3344,3,100,1.3275,0.25,0.2375,1.09,2.75,0,0.25,1.25,90.3364,89.0864,244959.3053,249468.0553,74.1745,,68.05
3345,3345,2.75,91.67,1.3275,0.25,0.2375,1.09,2.5,0,0.25,1.25,90.3364,89.0864,245048.3917,249558.3917,74.1745,,68.05
3346,3346,2.5,83.33,1.09,0,0,1.09,2.5,0,0,0,73.9565,73.9565,245122.3482,249632.3482,73.9565,,67.85
3347,3347,2.5,83.33,1.1,0,0,1.1,2.5,0,0,0,74.393,74.393,245196.7412,249706.7412,74.393,,67.63
3348,3348,2.5,83.33,1.1,0,0,1.1,2.5,0,0,0,60.192,60.192,245256.9332,249766.9332,60.192,,54.72
3349,3349,2.5,83.33,1.1,0,0,1.1,2.5,0,0,0,64.262,64.262,245321.1952,249831.1952,64.262,,58.42
3350,3350,2.5,83.33,1.1,0,0,1.1,2.5,0,0,0,68.596,68.596,245389.7912,249899.7912,68.596,,62.36
3351,3351,2.5,83.33,1.1,0,0,1.1,2.5,0,0,0,69.971,69.971,245459.7622,249969.7622,69.971,,63.61
3352,3352,2.5,83.33,1.8125,0.75,0.7125,1.1,1.75,0,0.75,3.75,123.3406,119.5906,245579.3528,250093.1028,74.855,,68.05
3353,3353,1.75,58.33,2.525,1.5,1.425,1.1,0.25,0,1.5,7.5,171.8262,164.3262,245743.679,250264.929,74.855,,68.05
3354,3354,0.25,8.33,1.3275,0.25,0.2375,1.09,0,0,0.25,1.25,90.3364,89.0864,245832.7654,250355.2654,74.1745,,68.05
3355,3355,0,0,1.09,0,0,1.09,0,0,0,0,71.9945,71.9945,245904.7599,250427.2599,71.9945,,66.05
3356,3356,0,0,1.09,0,0,1.09,0,0,0,0,56.7236,56.7236,245961.4835,250483.9835,56.7236,,52.04
3357,3357,0,0,1.1,0,0,1.1,0,0,0,0,70.455,70.455,246031.9385,250554.4385,70.455,,64.05
3358,3358,0,0,1.1,0,0,1.1,0,0,0,0,61.644,61.644,246093.5825,250616.0825,61.644,,56.04
3359,3359,0,0,1.1,0,0,1.1,0,0,0,0,61.292,61.292,246154.8745,250677.3745,61.292,,55.72
3360,3360,0,0,1.1,0,0,1.1,0,0,0,0,64.064,64.064,246218.9385,250741.4385,64.064,,58.24
3361,3361,0,0,1.1,0,0,1.1,0,0,0,0,62.249,62.249,246281.1875,250803.6875,62.249,,56.59
3362,3362,0,0,0.0247,-1,-1.0753,1.1,1,0,1,5,1.0889,-3.9111,246277.2764,250804.7764,48.433,,44.03
3363,3363,1,33.33,0.0247,-1,-1.0753,1.1,2,0,1,5,1.1881,-3.8119,246273.4645,250805.9645,52.844,,48.04
3364,3364,2,66.67,1.1,0,0,1.1,2,0,0,0,56.089,56.089,246329.5535,250862.0535,56.089,,50.99
3365,3365,2,66.67,1.1,0,0,1.1,2,0,0,0,57.244,57.244,246386.7975,250919.2975,57.244,,52.04
3366,3366,2,66.67,1.11,0,0,1.11,2,0,0,0,57.7644,57.7644,246444.5619,250977.0619,57.7644,,52.04
3367,3367,2,66.67,0.0347,-1,-1.0753,1.11,3,0,1,5,1.5292,-3.4708,246441.0911,250978.5911,48.8733,,44.03
3368,3368,3,100,1.585,0.5,0.475,1.11,2.5,0,0.5,2.5,107.8592,105.3592,246546.4503,251086.4503,75.5355,,68.05
3369,3369,2.5,83.33,1.1,0,0,1.1,2.5,0,0,0,74.855,74.855,246621.3053,251161.3053,74.855,,68.05
3370,3370,2.5,83.33,1.1,0,0,1.1,2.5,0,0,0,74.855,74.855,246696.1603,251236.1603,74.855,,68.05
3371,3371,2.5,83.33,1.1,0,0,1.1,2.5,0,0,0,74.855,74.855,246771.0153,251311.0153,74.855,,68.05
3372,3372,2.5,83.33,1.09,0,0,1.09,2.5,0,0,0,70.9045,70.9045,246841.9198,251381.9198,70.9045,,65.05
3373,3373,2.5,83.33,1.3275,0.25,0.2375,1.09,2.25,0,0.25,1.25,90.3364,89.0864,246931.0062,251472.2562,74.1745,,68.05
3374,3374,2.25,75,1.3275,0.25,0.2375,1.09,2,0,0.25,1.25,90.3364,89.0864,247020.0926,251562.5926,74.1745,,68.05
3375,3375,2,66.67,1.585,0.5,0.475,1.11,1.5,0,0.5,2.5,107.8592,105.3592,247125.4518,251670.4518,75.5355,,68.05
3376,3376,1.5,50,1.585,0.5,0.475,1.11,1,0,0.5,2.5,107.8592,105.3592,247230.811,251778.311,75.5355,,68.05
3377,3377,1,33.33,1.585,0.5,0.475,1.11,0.5,0,0.5,2.5,107.8592,105.3592,247336.1702,251886.1702,75.5355,,68.05
3378,3378,0.5,16.67,1.3275,0.25,0.2375,1.09,0.25,0,0.25,1.25,90.3364,89.0864,247425.2566,251976.5066,74.1745,,68.05
3379,3379,0.25,8.33,1.3275,0.25,0.2375,1.09,0,0,0.25,1.25,90.3364,89.0864,247514.343,252066.843,74.1745,,68.05
3380,3380,0,0,1.1,0,0,1.1,0,0,0,0,72.655,72.655,247586.998,252139.498,72.655,,66.05
3381,3381,0,0,1.1,0,0,1.1,0,0,0,0,74.833,74.833,247661.831,252214.331,74.833,,68.03
3382,3382,0,0,1.1,0,0,1.1,0,0,0,0,69.135,69.135,247730.966,252283.466,69.135,,62.85
3383,3383,0,0,1.1,0,0,1.1,0,0,0,0,69.135,69.135,247800.101,252352.601,69.135,,62.85
3384,3384,0,0,1.1,0,0,1.1,0,0,0,0,67.705,67.705,247867.806,252420.306,67.705,,61.55
3385,3385,0,0,1.1,0,0,1.1,0,0,0,0,64.647,64.647,247932.453,252484.953,64.647,,58.77
3386,3386,0,0,1.1,0,0,1.1,0,0,0,0,59.653,59.653,247992.106,252544.606,59.653,,54.23
3387,3387,0,0,1.1,0,0,1.1,0,0,0,0,58.531,58.531,248050.637,252603.137,58.531,,53.21
3388,3388,0,0,1.1,0,0,1.1,0,0,0,0,59.147,59.147,248109.784,252662.284,59.147,,53.77
3389,3389,0,0,1.1,0,0,1.1,0,0,0,0,58.531,58.531,248168.315,252720.815,58.531,,53.21
3390,3390,0,0,1.1,0,0,1.1,0,0,0,0,74.613,74.613,248242.928,252795.428,74.613,,67.83
3391,3391,0,0,1.09,0,0,1.09,0,0,0,0,73.9347,73.9347,248316.8627,252869.3627,73.9347,,67.83
3392,3392,0,0,1.1,0,0,1.1,0,0,0,0,74.613,74.613,248391.4757,252943.9757,74.613,,67.83
3393,3393,0,0,1.09,0,0,1.09,0,0,0,0,73.9347,73.9347,248465.4104,253017.9104,73.9347,,67.83
3394,3394,0,0,1.09,0,0,1.09,0,0,0,0,73.9347,73.9347,248539.3451,253091.8451,73.9347,,67.83
3395,3395,0,0,1.08,0,0,1.08,0,0,0,0,72.1332,72.1332,248611.4783,253163.9783,72.1332,,66.79
3396,3396,0,0,1.09,0,0,1.09,0,0,0,0,61.2907,61.2907,248672.769,253225.269,61.2907,,56.23
3397,3397,0,0,1.09,0,0,1.09,0,0,0,0,62.348,62.348,248735.117,253287.617,62.348,,57.2
3398,3398,0,0,1.09,0,0,1.09,0,0,0,0,64.0593,64.0593,248799.1763,253351.6763,64.0593,,58.77
3399,3399,0,0,1.09,0,0,1.09,0,0,0,0,68.4956,68.4956,248867.6719,253420.1719,68.4956,,62.84
3400,3400,0,0,1.09,0,0,1.09,0,0,0,0,73.9347,73.9347,248941.6066,253494.1066,73.9347,,67.83
3401,3401,0,0,1.1,0,0,1.1,0,0,0,0,74.613,74.613,249016.2196,253568.7196,74.613,,67.83
3402,3402,0,0,1.09,0,0,1.09,0,0,0,0,73.9347,73.9347,249090.1543,253642.6543,73.9347,,67.83
3403,3403,0,0,1.09,0,0,1.09,0,0,0,0,73.9347,73.9347,249164.089,253716.589,73.9347,,67.83
3404,3404,0,0,1.09,0,0,1.09,0,0,0,0,73.9347,73.9347,249238.0237,253790.5237,73.9347,,67.83
3405,3405,0,0,1.1,0,0,1.1,0,0,0,0,74.613,74.613,249312.6367,253865.1367,74.613,,67.83
3406,3406,0,0,1.1,0,0,1.1,0,0,0,0,69.124,69.124,249381.7607,253934.2607,69.124,,62.84
3407,3407,0,0,1.1,0,0,1.1,0,0,0,0,68.024,68.024,249449.7847,254002.2847,68.024,,61.84
3408,3408,0,0,1.1,0,0,1.1,0,0,0,0,65.362,65.362,249515.1467,254067.6467,65.362,,59.42
3409,3409,0,0,1.1,0,0,1.1,0,0,0,0,63.602,63.602,249578.7487,254131.2487,63.602,,57.82
3410,3410,0,0,1.1,0,0,1.1,0,0,0,0,58.949,58.949,249637.6977,254190.1977,58.949,,53.59
3411,3411,0,0,0.0247,-1,-1.0753,1.1,1,0,1,5,1.129,-3.871,249633.8267,254191.3267,50.215,,45.65
3412,3412,1,33.33,0.0247,-1,-1.0753,1.1,2,0,1,5,1.1987,-3.8013,249630.0254,254192.5254,53.317,,48.47
3413,3413,2,66.67,1.11,0,0,1.11,2,0,0,0,60.273,60.273,249690.2984,254252.7984,60.273,,54.3
3414,3414,2,66.67,1.11,0,0,1.11,2,0,0,0,69.2862,69.2862,249759.5846,254322.0846,69.2862,,62.42
3415,3415,2,66.67,1.11,0,0,1.11,2,0,0,0,74.9028,74.9028,249834.4874,254396.9874,74.9028,,67.48
3416,3416,2,66.67,1.11,0,0,1.11,2,0,0,0,74.9028,74.9028,249909.3902,254471.8902,74.9028,,67.48
3417,3417,2,66.67,1.1,0,0,1.1,2,0,0,0,74.228,74.228,249983.6182,254546.1182,74.228,,67.48
3418,3418,2,66.67,1.1,0,0,1.1,2,0,0,0,74.228,74.228,250057.8462,254620.3462,74.228,,67.48
3419,3419,2,66.67,1.7925,0.75,0.7125,1.08,1.25,0,0.75,3.75,120.9579,117.2079,250175.0541,254741.3041,72.8784,,67.48
3420,3420,1.25,41.67,1.14,0,0,1.14,1.25,0,0,0,66.462,66.462,250241.5161,254807.7661,66.462,,58.3
3421,3421,1.25,41.67,1.1,0,0,1.1,1.25,0,0,0,73.095,73.095,250314.6111,254880.8611,73.095,,66.45
3422,3422,1.25,41.67,1.04,0,0,1.04,1.25,0,0,0,70.1792,70.1792,250384.7903,254951.0403,70.1792,,67.48
3423,3423,1.25,41.67,0.99,0,0,0.99,1.25,0,0,0,66.6072,66.6072,250451.3975,255017.6475,66.6072,,67.28
3424,3424,1.25,41.67,2.5475,0.25,0.2375,2.31,1,0,0.25,1.25,171.9053,170.6553,250622.0528,255189.5528,155.8788,,67.48
3425,3425,1,33.33,1.675,0.5,0.475,1.2,0.5,0,0.5,2.5,113.029,110.529,250732.5818,255302.5818,80.976,,67.48
3426,3426,0.5,16.67,1.675,0.5,0.475,1.2,0,0,0.5,2.5,113.029,110.529,250843.1108,255415.6108,80.976,,67.48
3427,3427,0,0,1.19,0,0,1.19,0,0,0,0,77.6356,77.6356,250920.7464,255493.2464,77.6356,,65.24
3428,3428,0,0,1.18,0,0,1.18,0,0,0,0,69.8678,69.8678,250990.6142,255563.1142,69.8678,,59.21
3429,3429,0,0,1.19,0,0,1.19,0,0,0,0,75.1009,75.1009,251065.7151,255638.2151,75.1009,,63.11
3430,3430,0,0,1.18,0,0,1.18,0,0,0,0,72.5818,72.5818,251138.2969,255710.7969,72.5818,,61.51
3431,3431,0,0,1.19,0,0,1.19,0,0,0,0,70.4599,70.4599,251208.7568,255781.2568,70.4599,,59.21
3432,3432,0,0,1.17,0,0,1.17,0,0,0,0,75.3246,75.3246,251284.0814,255856.5814,75.3246,,64.38
3433,3433,0,0,1.18,0,0,1.18,0,0,0,0,68.44,68.44,251352.5214,255925.0214,68.44,,58
3434,3434,0,0,1.19,0,0,1.19,0,0,0,0,60.9399,60.9399,251413.4613,255985.9613,60.9399,,51.21
3435,3435,0,0,1.19,0,0,1.19,0,0,0,0,60.9399,60.9399,251474.4012,256046.9012,60.9399,,51.21
3436,3436,0,0,0.1147,-1,-1.0753,1.19,1,0,1,5,5.6884,0.6884,251475.0896,256052.5896,59.0002,,49.58
3437,3437,1,33.33,1.2,0,0,1.2,1,0,0,0,61.452,61.452,251536.5416,256114.0416,61.452,,51.21
3438,3438,1,33.33,1.2,0,0,1.2,1,0,0,0,66.996,66.996,251603.5376,256181.0376,66.996,,55.83
3439,3439,1,33.33,1.2,0,0,1.2,1,0,0,0,71.1,71.1,251674.6376,256252.1376,71.1,,59.25
3440,3440,1,33.33,1.2,0,0,1.2,1,0,0,0,80.916,80.916,251755.5536,256333.0536,80.916,,67.43
3441,3441,1,33.33,1.18,0,0,1.18,1,0,0,0,79.5674,79.5674,251835.121,256412.621,79.5674,,67.43
3442,3442,1,33.33,1.17,0,0,1.17,1,0,0,0,78.8931,78.8931,251914.0141,256491.5141,78.8931,,67.43
3443,3443,1,33.33,1.17,0,0,1.17,1,0,0,0,78.8931,78.8931,251992.9072,256570.4072,78.8931,,67.43
3444,3444,1,33.33,1.18,0,0,1.18,1,0,0,0,72.7588,72.7588,252065.666,256643.166,72.7588,,61.66
3445,3445,1,33.33,1.18,0,0,1.18,1,0,0,0,79.3314,79.3314,252144.9974,256722.4974,79.3314,,67.23
3446,3446,1,33.33,1.18,0,0,1.18,1,0,0,0,79.5674,79.5674,252224.5648,256802.0648,79.5674,,67.43
3447,3447,1,33.33,1.18,0,0,1.18,1,0,0,0,79.5674,79.5674,252304.1322,256881.6322,79.5674,,67.43
3448,3448,1,33.33,1.2,0,0,1.2,1,0,0,0,80.916,80.916,252385.0482,256962.5482,80.916,,67.43
3449,3449,1,33.33,1.21,0,0,1.21,1,0,0,0,81.5903,81.5903,252466.6385,257044.1385,81.5903,,67.43
3450,3450,1,33.33,1.2,0,0,1.2,1,0,0,0,80.916,80.916,252547.5545,257125.0545,80.916,,67.43
3451,3451,1,33.33,1.2,0,0,1.2,1,0,0,0,80.916,80.916,252628.4705,257205.9705,80.916,,67.43
3452,3452,1,33.33,1.2,0,0,1.2,1,0,0,0,80.676,80.676,252709.1465,257286.6465,80.676,,67.23
3453,3453,1,33.33,1.19,0,0,1.19,1,0,0,0,80.2417,80.2417,252789.3882,257366.8882,80.2417,,67.43
3454,3454,1,33.33,1.2,0,0,1.2,1,0,0,0,78.516,78.516,252867.9042,257445.4042,78.516,,65.43
3455,3455,1,33.33,1.2,0,0,1.2,1,0,0,0,75.204,75.204,252943.1082,257520.6082,75.204,,62.67
3456,3456,1,33.33,1.18,0,0,1.18,1,0,0,0,79.6146,79.6146,253022.7228,257600.2228,79.6146,,67.47
3457,3457,1,33.33,1.18,0,0,1.18,1,0,0,0,79.6146,79.6146,253102.3374,257679.8374,79.6146,,67.47
3458,3458,1,33.33,1.18,0,0,1.18,1,0,0,0,78.9184,78.9184,253181.2558,257758.7558,78.9184,,66.88
3459,3459,1,33.33,1.24,0,0,1.24,1,0,0,0,67.5304,67.5304,253248.7862,257826.2862,67.5304,,54.46
3460,3460,1,33.33,1.24,0,0,1.24,1,0,0,0,63.4756,63.4756,253312.2618,257889.7618,63.4756,,51.19
3461,3461,1,33.33,0.1747,-1,-1.0753,1.25,2,0,1,5,7.8612,2.8612,253315.123,257897.623,56.2375,,44.99
3462,3462,2,66.67,1.25,0,0,1.25,2,0,0,0,63.9875,63.9875,253379.1105,257961.6105,63.9875,,51.19
3463,3463,2,66.67,1.25,0,0,1.25,2,0,0,0,67.5,67.5,253446.6105,258029.1105,67.5,,54
3464,3464,2,66.67,1.26,0,0,1.26,2,0,0,0,85.0122,85.0122,253531.6227,258114.1227,85.0122,,67.47
3465,3465,2,66.67,1.9625,0.75,0.7125,1.25,1.25,0,0.75,3.75,132.4099,128.6599,253660.2826,258246.5326,84.3375,,67.47
3466,3466,1.25,41.67,1.4675,0.25,0.2375,1.23,1,0,0.25,1.25,99.0122,97.7622,253758.0448,258345.5448,82.9881,,67.47
3467,3467,1,33.33,2.2,0,0,2.2,1,0,0,0,148.434,148.434,253906.4788,258493.9788,148.434,,67.47
3468,3468,1,33.33,2.2,0,0,2.2,1,0,0,0,126.874,126.874,254033.3528,258620.8528,126.874,,57.67
3469,3469,1,33.33,2.2,0,0,2.2,1,0,0,0,124.828,124.828,254158.1808,258745.6808,124.828,,56.74
3470,3470,1,33.33,2.2,0,0,2.2,1,0,0,0,118.8,118.8,254276.9808,258864.4808,118.8,,54
3471,3471,1,33.33,1.24,0,0,1.24,1,0,0,0,64.1452,64.1452,254341.126,258928.626,64.1452,,51.73
3472,3472,1,33.33,1.24,0,0,1.24,1,0,0,0,73.0236,73.0236,254414.1496,259001.6496,73.0236,,58.89
3473,3473,1,33.33,1.715,0.5,0.475,1.24,0.5,0,0.5,2.5,115.711,113.211,254527.3606,259117.3606,83.6628,,67.47
3474,3474,0.5,16.67,1.24,0,0,1.24,0.5,0,0,0,83.4148,83.4148,254610.7754,259200.7754,83.4148,,67.27
3475,3475,0.5,16.67,1.14,0,0,1.14,0.5,0,0,0,74.6586,74.6586,254685.434,259275.434,74.6586,,65.49
3476,3476,0.5,16.67,1.14,0,0,1.14,0.5,0,0,0,71.9796,71.9796,254757.4136,259347.4136,71.9796,,63.14
3477,3477,0.5,16.67,1.625,0.5,0.475,1.15,0,0,0.5,2.5,109.6388,107.1388,254864.5524,259457.0524,77.5905,,67.47
3478,3478,0,0,1.15,0,0,1.15,0,0,0,0,74.175,74.175,254938.7274,259531.2274,74.175,,64.5
3479,3479,0,0,0,0,0,0,0,0,0,0,0,0,254938.7274,259531.2274,0,,61.17
3480,3480,0,0,1.1,0,0,1.1,0,0,0,0,68.816,68.816,255007.5434,259600.0434,68.816,,62.56
3481,3481,0,0,1.08,0,0,1.08,0,0,0,0,67.3488,67.3488,255074.8922,259667.3922,67.3488,,62.36
3482,3482,0,0,1.11,0,0,1.11,0,0,0,0,62.3265,62.3265,255137.2187,259729.7187,62.3265,,56.15
3483,3483,0,0,1.16,0,0,1.16,0,0,0,0,71.4096,71.4096,255208.6283,259801.1283,71.4096,,61.56
3484,3484,0,0,1.15,0,0,1.15,0,0,0,0,65.4925,65.4925,255274.1208,259866.6208,65.4925,,56.95
3485,3485,0,0,1.21,0,0,1.21,0,0,0,0,62.8595,62.8595,255336.9803,259929.4803,62.8595,,51.95
3486,3486,0,0,1.21,0,0,1.21,0,0,0,0,70.785,70.785,255407.7653,260000.2653,70.785,,58.5
3487,3487,0,0,1.21,0,0,1.21,0,0,0,0,81.191,81.191,255488.9563,260081.4563,81.191,,67.1
3488,3488,0,0,1.21,0,0,1.21,0,0,0,0,62.4723,62.4723,255551.4286,260143.9286,62.4723,,51.63
3489,3489,0,0,1.21,0,0,1.21,0,0,0,0,41.3336,41.3336,255592.7622,260185.2622,41.3336,,34.16
3490,3490,0,0,0.1147,-1,-1.0753,1.19,1,0,1,5,2.9945,-2.0055,255590.7567,260188.2567,31.059,,26.1
3491,3491,1,33.33,0.1247,-1,-1.0753,1.2,2,0,1,5,3.9627,-1.0373,255589.7194,260192.2194,38.124,,31.77
3492,3492,2,66.67,0.1147,-1,-1.0753,1.19,3,0,1,5,2.8786,-2.1214,255587.598,260195.098,29.8571,,25.09
3493,3493,3,100,1.2,0,0,1.2,3,0,0,0,40.992,40.992,255628.59,260236.09,40.992,,34.16
3494,3494,3,100,1.2,0,0,1.2,3,0,0,0,42.9,42.9,255671.49,260278.99,42.9,,35.75
3495,3495,3,100,1.2,0,0,1.2,3,0,0,0,40.992,40.992,255712.482,260319.982,40.992,,34.16
3496,3496,3,100,1.21,0,0,1.21,3,0,0,0,76.6293,76.6293,255789.1113,260396.6113,76.6293,,63.33
3497,3497,3,100,1.2,0,0,1.2,3,0,0,0,81.024,81.024,255870.1353,260477.6353,81.024,,67.52
3498,3498,3,100,1.9125,0.75,0.7125,1.2,2.25,0,0.75,3.75,129.132,125.382,255995.5173,260606.7673,81.024,,67.52
3499,3499,2.25,75,1.9125,0.75,0.7125,1.2,1.5,0,0.75,3.75,129.132,125.382,256120.8993,260735.8993,81.024,,67.52
3500,3500,1.5,50,1.4975,0.25,0.2375,1.26,1.25,0,0.25,1.25,101.1112,99.8612,256220.7605,260837.0105,85.0752,,67.52
3501,3501,1.25,41.67,2.4475,1.25,1.1875,1.26,0,0,1.25,6.25,165.2552,159.0052,256379.7657,261002.2657,85.0752,,67.52
3502,3502,0,0,1.24,0,0,1.24,0,0,0,0,71.3496,71.3496,256451.1153,261073.6153,71.3496,,57.54
3503,3503,0,0,0.1647,-1,-1.0753,1.24,1,0,1,5,7.4426,2.4426,256453.5579,261081.0579,56.0232,,45.18
3504,3504,1,33.33,1.25,0,0,1.25,1,0,0,0,71.9875,71.9875,256525.5454,261153.0454,71.9875,,57.59
3505,3505,1,33.33,0.1747,-1,-1.0753,1.25,2,0,1,5,7.9817,2.9817,256528.5271,261161.0271,57.1,,45.68
3506,3506,2,66.67,0.1747,-1,-1.0753,1.25,3,0,1,5,8.256,3.256,256531.7831,261169.2831,59.0625,,47.25
3507,3507,3,100,2.21,0,0,2.21,3,0,0,0,105.3286,105.3286,256637.1117,261274.6117,105.3286,,47.66
3508,3508,3,100,2.22,0,0,2.22,3,0,0,0,108.891,108.891,256746.0027,261383.5027,108.891,,49.05
3509,3509,3,100,2.22,0,0,2.22,3,0,0,0,126.7842,126.7842,256872.7869,261510.2869,126.7842,,57.11
3510,3510,3,100,1.26,0,0,1.26,3,0,0,0,79.947,79.947,256952.7339,261590.2339,79.947,,63.45
3511,3511,3,100,1.26,0,0,1.26,3,0,0,0,82.5804,82.5804,257035.3143,261672.8143,82.5804,,65.54
3512,3512,3,100,1.725,0.5,0.475,1.25,2.5,0,0.5,2.5,116.472,113.972,257149.2863,261789.2863,84.4,,67.52
3513,3513,2.5,83.33,1.715,0.5,0.475,1.24,2,0,0.5,2.5,115.7968,113.2968,257262.5831,261905.0831,83.7248,,67.52
3514,3514,2,66.67,1.22,0,0,1.22,2,0,0,0,82.3744,82.3744,257344.9575,261987.4575,82.3744,,67.52
3515,3515,2,66.67,1.705,0.5,0.475,1.23,1.5,0,0.5,2.5,115.1216,112.6216,257457.5791,262102.5791,83.0496,,67.52
3516,3516,1.5,50,1.24,0,0,1.24,1.5,0,0,0,72.4284,72.4284,257530.0075,262175.0075,72.4284,,58.41
3517,3517,1.5,50,1.25,0,0,1.25,1.5,0,0,0,77.7,77.7,257607.7075,262252.7075,77.7,,62.16
3518,3518,1.5,50,1.22,0,0,1.22,1.5,0,0,0,74.3102,74.3102,257682.0177,262327.0177,74.3102,,60.91
3519,3519,1.5,50,1.23,0,0,1.23,1.5,0,0,0,74.9193,74.9193,257756.937,262401.937,74.9193,,60.91
3520,3520,1.5,50,1.4975,0.25,0.2375,1.26,1.25,0,0.25,1.25,101.1112,99.8612,257856.7982,262503.0482,85.0752,,67.52
3521,3521,1.25,41.67,1.725,0.5,0.475,1.25,0.75,0,0.5,2.5,116.472,113.972,257970.7702,262619.5202,84.4,,67.52
3522,3522,0.75,25,1.725,0.5,0.475,1.25,0.25,0,0.5,2.5,116.472,113.972,258084.7422,262735.9922,84.4,,67.52
3523,3523,0.25,8.33,1.4975,0.25,0.2375,1.26,0,0,0.25,1.25,101.1112,99.8612,258184.6034,262837.1034,85.0752,,67.52
3524,3524,0,0,1.92,0,0,1.92,0,0,0,0,125.8368,125.8368,258310.4402,262962.9402,125.8368,,65.54
3525,3525,0,0,1.26,0,0,1.26,0,0,0,0,85.05,85.05,258395.4902,263047.9902,85.05,,67.5
3526,3526,0,0,1.25,0,0,1.25,0,0,0,0,76.95,76.95,258472.4402,263124.9402,76.95,,61.56
3527,3527,0,0,1.25,0,0,1.25,0,0,0,0,76.6375,76.6375,258549.0777,263201.5777,76.6375,,61.31
3528,3528,0,0,1.25,0,0,1.25,0,0,0,0,79.7,79.7,258628.7777,263281.2777,79.7,,63.76
3529,3529,0,0,1.14,0,0,1.14,0,0,0,0,65.6526,65.6526,258694.4303,263346.9303,65.6526,,57.59
3530,3530,0,0,0,0,0,0,0,0,0,0,0,0,258694.4303,263346.9303,0,,55.61
3531,3531,0,0,0,0,0,0,0,0,0,0,0,0,258694.4303,263346.9303,0,,49.65
3532,3532,0,0,0.0559,-1.25,-1.3441,1.4,1.25,0,1.25,6.25,2.2209,-4.0291,258690.4012,263349.1512,55.608,,39.72
3533,3533,1.25,41.67,0.2383,-1.75,-1.8817,2.12,3,0,1.75,8.75,8.9903,0.2403,258690.6415,263358.1415,79.9876,,37.73
3534,3534,3,100,2.12,0,0,2.12,3,0,0,0,122.0908,122.0908,258812.7323,263480.2323,122.0908,,57.59
3535,3535,3,100,2.12,0,0,2.12,3,0,0,0,143.1424,143.1424,258955.8747,263623.3747,143.1424,,67.52
3536,3536,3,100,2.3375,1.25,1.1875,1.15,1.75,0,1.25,6.25,157.828,151.578,259107.4527,263781.2027,77.648,,67.52
3537,3537,1.75,58.33,2.8125,1.75,1.6625,1.15,0,0,1.75,8.75,189.9,181.15,259288.6027,263971.1027,77.648,,67.52
3538,3538,0,0,0,0,0,0,0,0,0,0,0,0,259288.6027,263971.1027,0,,66.42
3539,3539,0,0,1.1,0,0,1.1,0,0,0,0,69.883,69.883,259358.4857,264040.9857,69.883,,63.53
3540,3540,0,0,0.0195,-2,-2.1505,2.17,2,0,2,10,0.6648,-9.3352,259349.1505,264041.6505,74.1272,,34.16
3541,3541,2,66.67,2.16,0,0,2.16,2,0,0,0,81.4968,81.4968,259430.6473,264123.1473,81.4968,,37.73
3542,3542,2,66.67,0.1247,-1,-1.0753,1.2,3,0,1,5,4.4591,-0.5409,259430.1064,264127.6064,42.9,,35.75
3543,3543,3,100,1.2,0,0,1.2,3,0,0,0,69.12,69.12,259499.2264,264196.7264,69.12,,57.6
3544,3544,3,100,1.22,0,0,1.22,3,0,0,0,79.9466,79.9466,259579.173,264276.673,79.9466,,65.53
3545,3545,3,100,1.21,0,0,1.21,3,0,0,0,81.6992,81.6992,259660.8722,264358.3722,81.6992,,67.52
3546,3546,3,100,2.3975,1.25,1.1875,1.21,1.75,0,1.25,6.25,161.8792,155.6292,259816.5014,264520.2514,81.6992,,67.52
3547,3547,1.75,58.33,1.19,0,0,1.19,1.75,0,0,0,68.7701,68.7701,259885.2715,264589.0215,68.7701,,57.79
3548,3548,1.75,58.33,1.2,0,0,1.2,1.75,0,0,0,71.496,71.496,259956.7675,264660.5175,71.496,,59.58
3549,3549,1.75,58.33,2.8625,1.75,1.6625,1.2,0,0,1.75,8.75,193.276,184.526,260141.2935,264853.7935,81.024,,67.52
3550,3550,0,0,1.21,0,0,1.21,0,0,0,0,70.1437,70.1437,260211.4372,264923.9372,70.1437,,57.97
3551,3551,0,0,1.19,0,0,1.19,0,0,0,0,66.6162,66.6162,260278.0534,264990.5534,66.6162,,55.98
3552,3552,0,0,1.21,0,0,1.21,0,0,0,0,67.155,67.155,260345.2084,265057.7084,67.155,,55.5
3553,3553,0,0,1.21,0,0,1.21,0,0,0,0,57.8017,57.8017,260403.0101,265115.5101,57.8017,,47.77
3554,3554,0,0,0.1247,-1,-1.0753,1.2,1,0,1,5,4.5265,-0.4735,260402.5366,265120.0366,43.548,,36.29
3555,3555,1,33.33,0.1347,-1,-1.0753,1.21,2,0,1,5,5.6749,0.6749,260403.2115,265125.7115,50.9652,,42.12
3556,3556,2,66.67,0.1247,-1,-1.0753,1.2,3,0,1,5,4.4504,-0.5496,260402.6619,265130.1619,42.816,,35.68
3557,3557,3,100,1.16,0,0,1.16,3,0,0,0,48.8592,48.8592,260451.5211,265179.0211,48.8592,,42.12
3558,3558,3,100,1.16,0,0,1.16,3,0,0,0,64.7744,64.7744,260516.2955,265243.7955,64.7744,,55.84
3559,3559,3,100,1.16,0,0,1.16,3,0,0,0,55.1812,55.1812,260571.4767,265298.9767,55.1812,,47.57
3560,3560,3,100,2.13,0,0,2.13,3,0,0,0,141.432,141.432,260712.9087,265440.4087,141.432,,66.4
3561,3561,3,100,2.3575,0.25,0.2375,2.12,2.75,0,0.25,1.25,158.8719,157.6219,260870.5306,265599.2806,142.8668,,67.39
3562,3562,2.75,91.67,2.3575,0.25,0.2375,2.12,2.5,0,0.25,1.25,158.8719,157.6219,261028.1525,265758.1525,142.8668,,67.39
3563,3563,2.5,83.33,1.3875,0.25,0.2375,1.15,2.25,0,0.25,1.25,93.5036,92.2536,261120.4061,265851.6561,77.4985,,67.39
3564,3564,2.25,75,1.16,0,0,1.16,2.25,0,0,0,78.1724,78.1724,261198.5785,265929.8285,78.1724,,67.39
3565,3565,2.25,75,1.3875,0.25,0.2375,1.15,2,0,0.25,1.25,93.5036,92.2536,261290.8321,266023.3321,77.4985,,67.39
3566,3566,2,66.67,1.615,0.5,0.475,1.14,1.5,0,0.5,2.5,108.8348,106.3348,261397.1669,266132.1669,76.8246,,67.39
3567,3567,1.5,50,1.14,0,0,1.14,1.5,0,0,0,73.3476,73.3476,261470.5145,266205.5145,73.3476,,64.34
3568,3568,1.5,50,1.16,0,0,1.16,1.5,0,0,0,75.864,75.864,261546.3785,266281.3785,75.864,,65.4
3569,3569,1.5,50,1.615,0.5,0.475,1.14,1,0,0.5,2.5,108.8348,106.3348,261652.7133,266390.2133,76.8246,,67.39
3570,3570,1,33.33,2.09,1,0.95,1.14,0,0,1,5,140.8451,135.8451,261788.5584,266531.0584,76.8246,,67.39
3571,3571,0,0,1.14,0,0,1.14,0,0,0,0,67.7844,67.7844,261856.3428,266598.8428,67.7844,,59.46
3572,3572,0,0,1.15,0,0,1.15,0,0,0,0,58.4315,58.4315,261914.7743,266657.2743,58.4315,,50.81
3573,3573,0,0,1.13,0,0,1.13,0,0,0,0,65.6982,65.6982,261980.4725,266722.9725,65.6982,,58.14
3574,3574,0,0,1.15,0,0,1.15,0,0,0,0,66.5045,66.5045,262046.977,266789.477,66.5045,,57.83
3575,3575,0,0,1.27,0,0,1.27,0,0,0,0,73.4441,73.4441,262120.4211,266862.9211,73.4441,,57.83
3576,3576,0,0,1.33,0,0,1.33,0,0,0,0,80.598,80.598,262201.0191,266943.5191,80.598,,60.6
3577,3577,0,0,1.33,0,0,1.33,0,0,0,0,76.7144,76.7144,262277.7335,267020.2335,76.7144,,57.68
3578,3578,0,0,1.38,0,0,1.38,0,0,0,0,72.0498,72.0498,262349.7833,267092.2833,72.0498,,52.21
3579,3579,0,0,1.43,0,0,1.43,0,0,0,0,79.3364,79.3364,262429.1197,267171.6197,79.3364,,55.48
3580,3580,0,0,1.43,0,0,1.43,0,0,0,0,70.0128,70.0128,262499.1325,267241.6325,70.0128,,48.96
3581,3581,0,0,0.0859,-1.25,-1.3441,1.43,1.25,0,1.25,6.25,2.8859,-3.3641,262495.7684,267244.5184,48.0337,,33.59
3582,3582,1.25,41.67,0.0859,-1.25,-1.3441,1.43,2.5,0,1.25,6.25,3.0654,-3.1846,262492.5838,267247.5838,51.0224,,35.68
3583,3583,2.5,83.33,0.8924,-0.5,-0.5376,1.43,3,0,0.5,2.5,33.6065,31.1065,262523.6903,267281.1903,53.8538,,37.66
3584,3584,3,100,1.44,0,0,1.44,3,0,0,0,78.912,78.912,262602.6023,267360.1023,78.912,,54.8
3585,3585,3,100,1.7825,0.75,0.7125,1.07,2.25,0,0.75,3.75,105.8092,102.0592,262704.6615,267465.9115,63.5152,,59.36
3586,3586,2.25,75,1.06,0,0,1.06,2.25,0,0,0,52.2474,52.2474,262756.9089,267518.1589,52.2474,,49.29
3587,3587,2.25,75,1.06,0,0,1.06,2.25,0,0,0,51.4948,51.4948,262808.4037,267569.6537,51.4948,,48.58
3588,3588,2.25,75,0.2535,-0.75,-0.8065,1.06,3,0,0.75,3.75,9.0466,5.2966,262813.7003,267578.7003,37.8208,,35.68
3589,3589,3,100,1.07,0,0,1.07,3,0,0,0,61.5571,61.5571,262875.2574,267640.2574,61.5571,,57.53
3590,3590,3,100,1.05,0,0,1.05,3,0,0,0,54.2115,54.2115,262929.4689,267694.4689,54.2115,,51.63
3591,3591,3,100,1.04,0,0,1.04,3,0,0,0,54.2984,54.2984,262983.7673,267748.7673,54.2984,,52.21
3592,3592,3,100,1.05,0,0,1.05,3,0,0,0,66.4965,66.4965,263050.2638,267815.2638,66.4965,,63.33
3593,3593,3,100,0,0,0,0,3,0,0,0,0,0,263050.2638,267815.2638,0,,67.39
3594,3594,3,100,1.12,0,0,1.12,3,0,0,0,75.4768,75.4768,263125.7406,267890.7406,75.4768,,67.39
3595,3595,3,100,0.66,0,0,0.66,3,0,0,0,44.4774,44.4774,263170.218,267935.218,44.4774,,67.39
3596,3596,3,100,2.6175,1.25,1.1875,1.43,1.75,0,1.25,6.25,176.3933,170.1433,263340.3613,268111.6113,96.3677,,67.39
3597,3597,1.75,58.33,2.4275,1.25,1.1875,1.24,0.5,0,1.25,6.25,163.5892,157.3392,263497.7005,268275.2005,83.5636,,67.39
3598,3598,0.5,16.67,0.68,0,0,0.68,0.5,0,0,0,39.8616,39.8616,263537.5621,268315.0621,39.8616,,58.62
3599,3599,0.5,16.67,1.42,0,0,1.42,0.5,0,0,0,83.2404,83.2404,263620.8025,268398.3025,83.2404,,58.62
3600,3600,0.5,16.67,0.82,0,0,0.82,0.5,0,0,0,51.0368,51.0368,263671.8393,268449.3393,51.0368,,62.24
3601,3601,0.5,16.67,1.43,0,0,1.43,0.5,0,0,0,88.0165,88.0165,263759.8558,268537.3558,88.0165,,61.55
3602,3602,0.5,16.67,0.0859,-1.25,-1.3441,1.43,1.75,0,1.25,6.25,3.8867,-2.3633,263757.4925,268541.2425,64.6932,,45.24
3603,3603,1.75,58.33,1.42,0,0,1.42,1.75,0,0,0,74.834,74.834,263832.3265,268616.0765,74.834,,52.7
3604,3604,1.75,58.33,0.0859,-1.25,-1.3441,1.43,3,0,1.25,6.25,4.2201,-2.0299,263830.2966,268620.2966,70.2416,,49.12
3605,3605,3,100,0,0,0,0,3,0,0,0,0,0,263830.2966,268620.2966,0,,51.7
3606,3606,3,100,0,0,0,0,3,0,0,0,0,0,263830.2966,268620.2966,0,,59.59
3607,3607,3,100,0,0,0,0,3,0,0,0,0,0,263830.2966,268620.2966,0,,67.61
3608,3608,3,100,0.2375,0.25,0.2375,0,2.75,0,0.25,1.25,16.0574,14.8074,263845.104,268636.354,0,,67.61
3609,3609,2.75,91.67,1.6875,0.25,0.2375,1.45,2.5,0,0.25,1.25,114.0919,112.8419,263957.9459,268750.4459,98.0345,,67.61
3610,3610,2.5,83.33,2.9975,1.25,1.1875,1.81,1.25,0,1.25,6.25,202.661,196.411,264154.3569,268953.1069,122.3741,,67.61
3611,3611,1.25,41.67,1.81,0,0,1.81,1.25,0,0,0,111.3693,111.3693,264265.7262,269064.4762,111.3693,,61.53
3612,3612,1.25,41.67,1.92,0,0,1.92,1.25,0,0,0,97.7856,97.7856,264363.5118,269162.2618,97.7856,,50.93
3613,3613,1.25,41.67,0.0183,-1.75,-1.8817,1.9,3,0,1.75,8.75,0.8257,-7.9243,264355.5875,269163.0875,85.823,,45.17
3614,3614,3,100,1.9,0,0,1.9,3,0,0,0,100.13,100.13,264455.7175,269263.2175,100.13,,52.7
3615,3615,3,100,1.9,0,0,1.9,3,0,0,0,111.131,111.131,264566.8485,269374.3485,111.131,,58.49
3616,3616,3,100,2.375,0.5,0.475,1.9,2.5,0,0.5,2.5,160.5737,158.0737,264724.9222,269534.9222,128.459,,67.61
3617,3617,2.5,83.33,0.8775,0.25,0.2375,0.64,2.25,0,0.25,1.25,59.3278,58.0778,264783,269594.25,43.2704,,67.61
3618,3618,2.25,75,0.8775,0.25,0.2375,0.64,2,0,0.25,1.25,59.3278,58.0778,264841.0778,269653.5778,43.2704,,67.61
3619,3619,2,66.67,0.67,0,0,0.67,2,0,0,0,45.2987,45.2987,264886.3765,269698.8765,45.2987,,67.61
3620,3620,2,66.67,0.67,0,0,0.67,2,0,0,0,45.2987,45.2987,264931.6752,269744.1752,45.2987,,67.61
3621,3621,2,66.67,2.54,2,1.9,0.64,0,0,2,10,171.7294,161.7294,265093.4046,269915.9046,43.2704,,67.61
3622,3622,0,0,0.67,0,0,0.67,0,0,0,0,42.1966,42.1966,265135.6012,269958.1012,42.1966,,62.98
3623,3623,0,0,0.67,0,0,0.67,0,0,0,0,39.8918,39.8918,265175.493,269997.993,39.8918,,59.54
3624,3624,0,0,1.28,0,0,1.28,0,0,0,0,83.9936,83.9936,265259.4866,270081.9866,83.9936,,65.62
3625,3625,0,0,1.43,0,0,1.43,0,0,0,0,90.9766,90.9766,265350.4632,270172.9632,90.9766,,63.62
3626,3626,0,0,1.42,0,0,1.42,0,0,0,0,81.3802,81.3802,265431.8434,270254.3434,81.3802,,57.31
3627,3627,0,0,0.8924,-0.5,-0.5376,1.43,0.5,0,0.5,2.5,44.3684,41.8684,265473.7118,270298.7118,71.0996,,49.72
3628,3628,0.5,16.67,0.0859,-1.25,-1.3441,1.43,1.75,0,1.25,6.25,3.4168,-2.8332,265470.8786,270302.1286,56.8711,,39.77
3629,3629,1.75,58.33,0.0859,-1.25,-1.3441,1.43,3,0,1.25,6.25,3.2458,-3.0042,265467.8744,270305.3744,54.0254,,37.78
3630,3630,3,100,1.43,0,0,1.43,3,0,0,0,76.7767,76.7767,265544.6511,270382.1511,76.7767,,53.69
3631,3631,3,100,1.43,0,0,1.43,3,0,0,0,91.0052,91.0052,265635.6563,270473.1563,91.0052,,63.64
3632,3632,3,100,1.7825,0.75,0.7125,1.07,2.25,0,0.75,3.75,120.5148,116.7648,265752.4211,270593.6711,72.3427,,67.61
3633,3633,2.25,75,2.97,2,1.9,1.07,0.25,0,2,10,200.8017,190.8017,265943.2228,270794.4728,72.3427,,67.61
3634,3634,0.25,8.33,1.21,0,0,1.21,0.25,0,0,0,68.0504,68.0504,266011.2732,270862.5232,68.0504,,56.24
3635,3635,0.25,8.33,1.21,0,0,1.21,0.25,0,0,0,72.2249,72.2249,266083.4981,270934.7481,72.2249,,59.69
3636,3636,0.25,8.33,0.1347,-1,-1.0753,1.21,1.25,0,1,5,4.822,-0.178,266083.3201,270939.5701,43.3059,,35.79
3637,3637,1.25,41.67,1.24,0,0,1.24,1.25,0,0,0,66.03,66.03,266149.3501,271005.6001,66.03,,53.25
3638,3638,1.25,41.67,0.1947,-1,-1.0753,1.27,2.25,0,1,5,9.4912,4.4912,266153.8413,271015.0913,61.8998,,48.74
3639,3639,2.25,75,1.05,0,0,1.05,2.25,0,0,0,54.285,54.285,266208.1263,271069.3763,54.285,,51.7
3640,3640,2.25,75,1.06,0,0,1.06,2.25,0,0,0,55.862,55.862,266263.9883,271125.2383,55.862,,52.7
3641,3641,2.25,75,0.65,0,0,0.65,2.25,0,0,0,43.8815,43.8815,266307.8698,271169.1198,43.8815,,67.51
3642,3642,2.25,75,2.7875,2.25,2.1375,0.65,0,0,2.25,11.25,188.4629,177.2129,266485.0827,271357.5827,43.9465,,67.61
3643,3643,0,0,0.65,0,0,0.65,0,0,0,0,42.653,42.653,266527.7357,271400.2357,42.653,,65.62
3644,3644,0,0,0.65,0,0,0.65,0,0,0,0,41.236,41.236,266568.9717,271441.4717,41.236,,63.44
3645,3645,0,0,0.85,0,0,0.85,0,0,0,0,57.3835,57.3835,266626.3552,271498.8552,57.3835,,67.51
3646,3646,0,0,1.42,0,0,1.42,0,0,0,0,81.65,81.65,266708.0052,271580.5052,81.65,,57.5
3647,3647,0,0,0.0859,-1.25,-1.3441,1.43,1.25,0,1.25,6.25,4.2201,-2.0299,266705.9753,271584.7253,70.2416,,49.12
3648,3648,1.25,41.67,2.6075,1.25,1.1875,1.42,0,0,1.25,6.25,176.267,170.017,266875.9923,271760.9923,95.992,,67.6
3649,3649,0,0,1.42,0,0,1.42,0,0,0,0,59.995,59.995,266935.9873,271820.9873,59.995,,42.25
3650,3650,0,0,1.42,0,0,1.42,0,0,0,0,47.854,47.854,266983.8413,271868.8413,47.854,,33.7
3651,3651,0,0,1.43,0,0,1.43,0,0,0,0,48.191,48.191,267032.0323,271917.0323,48.191,,33.7
3652,3652,0,0,1.43,0,0,1.43,0,0,0,0,48.191,48.191,267080.2233,271965.2233,48.191,,33.7
3653,3653,0,0,1.07,0,0,1.07,0,0,0,0,36.059,36.059,267116.2823,272001.2823,36.059,,33.7
3654,3654,0,0,1.07,0,0,1.07,0,0,0,0,36.059,36.059,267152.3413,272037.3413,36.059,,33.7
3655,3655,0,0,1.07,0,0,1.07,0,0,0,0,38.2953,38.2953,267190.6366,272075.6366,38.2953,,35.79
3656,3656,0,0,1.07,0,0,1.07,0,0,0,0,36.059,36.059,267226.6956,272111.6956,36.059,,33.7
3657,3657,0,0,1.05,0,0,1.05,0,0,0,0,34.4505,34.4505,267261.1461,272146.1461,34.4505,,32.81
3658,3658,0,0,0.2435,-0.75,-0.8065,1.05,0.75,0,0.75,3.75,4.8417,1.0917,267262.2378,272150.9878,20.874,,19.88
3659,3659,0.75,25,0.2435,-0.75,-0.8065,1.05,1.5,0,0.75,3.75,4.1355,0.3855,267262.6233,272155.1233,17.829,,16.98
3660,3660,1.5,50,0.2335,-0.75,-0.8065,1.04,2.25,0,0.75,3.75,3.3211,-0.4289,267262.1944,272158.4444,14.7888,,14.22
3661,3661,2.25,75,0.7812,-0.25,-0.2688,1.05,2.5,0,0.25,1.25,21.7481,20.4981,267282.6925,272180.1925,29.232,,27.84
3662,3662,2.5,83.33,0.7812,-0.25,-0.2688,1.05,2.75,0,0.25,1.25,21.7481,20.4981,267303.1906,272201.9406,29.232,,27.84
3663,3663,2.75,91.67,0.7812,-0.25,-0.2688,1.05,3,0,0.25,1.25,21.7481,20.4981,267323.6887,272223.6887,29.232,,27.84
3664,3664,3,100,1.05,0,0,1.05,3,0,0,0,62.4225,62.4225,267386.1112,272286.1112,62.4225,,59.45
3665,3665,3,100,1.05,0,0,1.05,3,0,0,0,70.98,70.98,267457.0912,272357.0912,70.98,,67.6
3666,3666,3,100,1.05,0,0,1.05,3,0,0,0,70.98,70.98,267528.0712,272428.0712,70.98,,67.6
3667,3667,3,100,2.2375,1.25,1.1875,1.05,1.75,0,1.25,6.25,151.255,145.005,267673.0762,272579.3262,70.98,,67.6
3668,3668,1.75,58.33,1.05,0,0,1.05,1.75,0,0,0,65.6565,65.6565,267738.7327,272644.9827,65.6565,,62.53
3669,3669,1.75,58.33,2.8625,1.75,1.6625,1.2,0,0,1.75,8.75,193.505,184.755,267923.4877,272838.4877,81.12,,67.6
3670,3670,0,0,1.21,0,0,1.21,0,0,0,0,71.7893,71.7893,267995.277,272910.277,71.7893,,59.33
3671,3671,0,0,1.21,0,0,1.21,0,0,0,0,69.3814,69.3814,268064.6584,272979.6584,69.3814,,57.34
3672,3672,0,0,1.2,0,0,1.2,0,0,0,0,40.44,40.44,268105.0984,273020.0984,40.44,,33.7
3673,3673,0,0,1.2,0,0,1.2,0,0,0,0,40.44,40.44,268145.5384,273060.5384,40.44,,33.7
3674,3674,0,0,0.1247,-1,-1.0753,1.2,1,0,1,5,4.1049,-0.8951,268144.6433,273064.6433,39.492,,32.91
3675,3675,1,33.33,0.1347,-1,-1.0753,1.21,2,0,1,5,4.4327,-0.5673,268144.076,273069.076,39.809,,32.9
3676,3676,2,66.67,0.1347,-1,-1.0753,1.21,3,0,1,5,4.0056,-0.9944,268143.0816,273073.0816,35.9733,,29.73
3677,3677,3,100,1.21,0,0,1.21,3,0,0,0,40.777,40.777,268183.8586,273113.8586,40.777,,33.7
3678,3678,3,100,1.21,0,0,1.21,3,0,0,0,71.9103,71.9103,268255.7689,273185.7689,71.9103,,59.43
3679,3679,3,100,1.21,0,0,1.21,3,0,0,0,78.1902,78.1902,268333.9591,273263.9591,78.1902,,64.62
3680,3680,3,100,1.9225,0.75,0.7125,1.21,2.25,0,0.75,3.75,129.961,126.211,268460.1701,273393.9201,81.796,,67.6
3681,3681,2.25,75,1.9225,0.75,0.7125,1.21,1.5,0,0.75,3.75,129.961,126.211,268586.3811,273523.8811,81.796,,67.6
3682,3682,1.5,50,1.4275,0.25,0.2375,1.19,1.25,0,0.25,1.25,96.499,95.249,268681.6301,273620.3801,80.444,,67.6
3683,3683,1.25,41.67,1.2,0,0,1.2,1.25,0,0,0,73.848,73.848,268755.4781,273694.2281,73.848,,61.54
3684,3684,1.25,41.67,0.1147,-1,-1.0753,1.19,2.25,0,1,5,5.5909,0.5909,268756.069,273699.819,57.9887,,48.73
3685,3685,2.25,75,1.18,0,0,1.18,2.25,0,0,0,63.0946,63.0946,268819.1636,273762.9136,63.0946,,53.47
3686,3686,2.25,75,1.19,0,0,1.19,2.25,0,0,0,68.6154,68.6154,268887.779,273831.529,68.6154,,57.66
3687,3687,2.25,75,1.13,0,0,1.13,2.25,0,0,0,74.1506,74.1506,268961.9296,273905.6796,74.1506,,65.62
3688,3688,2.25,75,1.635,0.5,0.475,1.16,1.75,0,0.5,2.5,110.526,108.026,269069.9556,274016.2056,78.416,,67.6
3689,3689,1.75,58.33,1.635,0.5,0.475,1.16,1.25,0,0.5,2.5,110.526,108.026,269177.9816,274126.7316,78.416,,67.6
3690,3690,1.25,41.67,1.14,0,0,1.14,1.25,0,0,0,77.064,77.064,269255.0456,274203.7956,77.064,,67.6
3691,3691,1.25,41.67,1.635,0.5,0.475,1.16,0.75,0,0.5,2.5,110.526,108.026,269363.0716,274314.3216,78.416,,67.6
3692,3692,0.75,25,1.3875,0.25,0.2375,1.15,0.5,0,0.25,1.25,93.795,92.545,269455.6166,274408.1166,77.74,,67.6
3693,3693,0.5,16.67,1.635,0.5,0.475,1.16,0,0,0.5,2.5,110.526,108.026,269563.6426,274518.6426,78.416,,67.6
3694,3694,0,0,1.16,0,0,1.16,0,0,0,0,71.1892,71.1892,269634.8318,274589.8318,71.1892,,61.37
3695,3695,0,0,1.16,0,0,1.16,0,0,0,0,62.0252,62.0252,269696.857,274651.857,62.0252,,53.47
3696,3696,0,0,1.16,0,0,1.16,0,0,0,0,73.6716,73.6716,269770.5286,274725.5286,73.6716,,63.51
3697,3697,0,0,1.16,0,0,1.16,0,0,0,0,71.224,71.224,269841.7526,274796.7526,71.224,,61.4
3698,3698,0,0,0.0847,-1,-1.0753,1.16,1,0,1,5,4.1611,-0.8389,269840.9137,274800.9137,56.9676,,49.11
3699,3699,1,33.33,0.0947,-1,-1.0753,1.17,2,0,1,5,4.5784,-0.4216,269840.4921,274805.4921,56.5461,,48.33
3700,3700,2,66.67,0.0947,-1,-1.0753,1.17,3,0,1,5,3.7675,-1.2325,269839.2596,274809.2596,46.5309,,39.77
3701,3701,3,100,1.17,0,0,1.17,3,0,0,0,57.6225,57.6225,269896.8821,274866.8821,57.6225,,49.25
3702,3702,3,100,1.17,0,0,1.17,3,0,0,0,66.9006,66.9006,269963.7827,274933.7827,66.9006,,57.18
3703,3703,3,100,1.17,0,0,1.17,3,0,0,0,79.092,79.092,270042.8747,275012.8747,79.092,,67.6
3704,3704,3,100,1.8825,0.75,0.7125,1.17,2.25,0,0.75,3.75,127.257,123.507,270166.3817,275140.1317,79.092,,67.6
3705,3705,2.25,75,2.3375,1.25,1.1875,1.15,1,0,1.25,6.25,158.015,151.765,270318.1467,275298.1467,77.74,,67.6
3706,3706,1,33.33,2.09,1,0.95,1.14,0,0,1,5,141.284,136.284,270454.4307,275439.4307,77.064,,67.6
3707,3707,0,0,0.0647,-1,-1.0753,1.14,1,0,1,5,3.2527,-1.7473,270452.6834,275442.6834,57.285,,50.25
3708,3708,1,33.33,0.0747,-1,-1.0753,1.15,2,0,1,5,3.4922,-1.5078,270451.1756,275446.1756,53.7395,,46.73
3709,3709,2,66.67,0.0747,-1,-1.0753,1.15,3,0,1,5,3.7164,-1.2836,270449.892,275449.892,57.1895,,49.73
3710,3710,3,100,1.15,0,0,1.15,3,0,0,0,64.4805,64.4805,270514.3725,275514.3725,64.4805,,56.07
3711,3711,3,100,1.15,0,0,1.15,3,0,0,0,67.367,67.367,270581.7395,275581.7395,67.367,,58.58
3712,3712,3,100,1.16,0,0,1.16,3,0,0,0,78.416,78.416,270660.1555,275660.1555,78.416,,67.6
3713,3713,3,100,1.635,0.5,0.475,1.16,2.5,0,0.5,2.5,110.526,108.026,270768.1815,275770.6815,78.416,,67.6
3714,3714,2.5,83.33,1.635,0.5,0.475,1.16,2,0,0.5,2.5,110.526,108.026,270876.2075,275881.2075,78.416,,67.6
3715,3715,2,66.67,1.635,0.5,0.475,1.16,1.5,0,0.5,2.5,110.526,108.026,270984.2335,275991.7335,78.416,,67.6
3716,3716,1.5,50,1.3875,0.25,0.2375,1.15,1.25,0,0.25,1.25,93.795,92.545,271076.7785,276085.5285,77.74,,67.6
3717,3717,1.25,41.67,1.3875,0.25,0.2375,1.15,1,0,0.25,1.25,93.795,92.545,271169.3235,276179.3235,77.74,,67.6
3718,3718,1,33.33,0.67,0,0,0.67,1,0,0,0,38.1297,38.1297,271207.4532,276217.4532,38.1297,,56.91
3719,3719,1,33.33,0,0,0,0,1,0,0,0,0,0,271207.4532,276217.4532,0,,49.71
3720,3720,1,33.33,0.37,0,0,0.37,1,0,0,0,21.3712,21.3712,271228.8244,276238.8244,21.3712,,57.76
3721,3721,1,33.33,1.27,0,0,1.27,1,0,0,0,68.3006,68.3006,271297.125,276307.125,68.3006,,53.78
3722,3722,1,33.33,1.21,0,0,1.21,1,0,0,0,62.6538,62.6538,271359.7788,276369.7788,62.6538,,51.78
3723,3723,1,33.33,0.1347,-1,-1.0753,1.21,2,0,1,5,6.5776,1.5776,271361.3564,276376.3564,59.0722,,48.82
3724,3724,2,66.67,0.1347,-1,-1.0753,1.21,3,0,1,5,6.0373,1.0373,271362.3937,276382.3937,54.2201,,44.81
3725,3725,3,100,1.22,0,0,1.22,3,0,0,0,62.2322,62.2322,271424.6259,276444.6259,62.2322,,51.01
3726,3726,3,100,1.22,0,0,1.22,3,0,0,0,70.1988,70.1988,271494.8247,276514.8247,70.1988,,57.54
3727,3727,3,100,1.22,0,0,1.22,3,0,0,0,82.3744,82.3744,271577.1991,276597.1991,82.3744,,67.52
3728,3728,3,100,1.22,0,0,1.22,3,0,0,0,82.6184,82.6184,271659.8175,276679.8175,82.6184,,67.72
3729,3729,3,100,2.615,1.5,1.425,1.19,1.5,0,1.5,7.5,177.0878,169.5878,271829.4053,276856.9053,80.5868,,67.72
3730,3730,1.5,50,2.625,1.5,1.425,1.2,0,0,1.5,7.5,177.765,170.265,271999.6703,277034.6703,81.264,,67.72
3731,3731,0,0,1.18,0,0,1.18,0,0,0,0,69.3014,69.3014,272068.9717,277103.9717,69.3014,,58.73
3732,3732,0,0,0.1047,-1,-1.0753,1.18,1,0,1,5,3.63,-1.37,272067.6017,277107.6017,40.8988,,34.66
3733,3733,1,33.33,0.1147,-1,-1.0753,1.19,2,0,1,5,3.7815,-1.2185,272066.3832,277111.3832,39.2224,,32.96
3734,3734,2,66.67,1.84,0,0,1.84,2,0,0,0,80.6288,80.6288,272147.012,277192.012,80.6288,,43.82
3735,3735,2,66.67,1.3247,-1,-1.0753,2.4,3,0,1,5,47.4916,42.4916,272189.5036,277239.5036,86.04,,35.85
3736,3736,3,100,2.6475,0.25,0.2375,2.41,2.75,0,0.25,1.25,179.2887,178.0387,272367.5423,277418.7923,163.2052,,67.72
3737,3737,2.75,91.67,2.12,1,0.95,1.17,1.75,0,1,5,143.5664,138.5664,272506.1087,277562.3587,79.2324,,67.72
3738,3738,1.75,58.33,2.3475,1.25,1.1875,1.16,0.5,0,1.25,6.25,158.9727,152.7227,272658.8314,277721.3314,78.5552,,67.72
3739,3739,0.5,16.67,1.16,0,0,1.16,0.5,0,0,0,75.0868,75.0868,272733.9182,277796.4182,75.0868,,64.73
3740,3740,0.5,16.67,1.15,0,0,1.15,0.5,0,0,0,77.1995,77.1995,272811.1177,277873.6177,77.1995,,67.13
3741,3741,0.5,16.67,1.625,0.5,0.475,1.15,0,0,0.5,2.5,110.045,107.545,272918.6627,277983.6627,77.878,,67.72
3742,3742,0,0,1.16,0,0,1.16,0,0,0,0,66.2476,66.2476,272984.9103,278049.9103,66.2476,,57.11
3743,3743,0,0,1.06,0,0,1.06,0,0,0,0,48.0286,48.0286,273032.9389,278097.9389,48.0286,,45.31
3744,3744,0,0,1.06,0,0,1.06,0,0,0,0,52.6184,52.6184,273085.5573,278150.5573,52.6184,,49.64
3745,3745,0,0,1.05,0,0,1.05,0,0,0,0,37.821,37.821,273123.3783,278188.3783,37.821,,36.02
3746,3746,0,0,0.2435,-0.75,-0.8065,1.05,0.75,0,0.75,3.75,7.9786,4.2286,273127.6069,278196.3569,34.398,,32.76
3747,3747,0.75,25,0.2435,-0.75,-0.8065,1.05,1.5,0,0.75,3.75,7.9786,4.2286,273131.8355,278204.3355,34.398,,32.76
3748,3748,1.5,50,0.2535,-0.75,-0.8065,1.06,2.25,0,0.75,3.75,8.3062,4.5562,273136.3917,278212.6417,34.7256,,32.76
3749,3749,2.25,75,0.2535,-0.75,-0.8065,1.06,3,0,0.75,3.75,9.0618,5.3118,273141.7035,278221.7035,37.8844,,35.74
3750,3750,3,100,1.06,0,0,1.06,3,0,0,0,54.7278,54.7278,273196.4313,278276.4313,54.7278,,51.63
3751,3751,3,100,1.06,0,0,1.06,3,0,0,0,57.346,57.346,273253.7773,278333.7773,57.346,,54.1
3752,3752,3,100,1.2975,0.25,0.2375,1.06,2.75,0,0.25,1.25,87.5942,86.3442,273340.1215,278421.3715,71.5606,,67.51
3753,3753,2.75,91.67,2.475,1.5,1.425,1.05,1.25,0,1.5,7.5,167.0872,159.5872,273499.7087,278588.4587,70.8855,,67.51
3754,3754,1.25,41.67,1.05,0,0,1.05,1.25,0,0,0,68.8065,68.8065,273568.5152,278657.2652,68.8065,,65.53
3755,3755,1.25,41.67,1.05,0,0,1.05,1.25,0,0,0,67.6725,67.6725,273636.1877,278724.9377,67.6725,,64.45
3756,3756,1.25,41.67,1.05,0,0,1.05,1.25,0,0,0,60.459,60.459,273696.6467,278785.3967,60.459,,57.58
3757,3757,1.25,41.67,1.05,0,0,1.05,1.25,0,0,0,62.5065,62.5065,273759.1532,278847.9032,62.5065,,59.53
3758,3758,1.25,41.67,1.05,0,0,1.05,1.25,0,0,0,65.1315,65.1315,273824.2847,278913.0347,65.1315,,62.03
3759,3759,1.25,41.67,0.2435,-0.75,-0.8065,1.05,2,0,0.75,3.75,11.9875,8.2375,273832.5222,278925.0222,51.681,,49.22
3760,3760,2,66.67,1.05,0,0,1.05,2,0,0,0,62.5485,62.5485,273895.0707,278987.5707,62.5485,,59.57
3761,3761,2,66.67,1.04,0,0,1.04,2,0,0,0,70.2104,70.2104,273965.2811,279057.7811,70.2104,,67.51
3762,3762,2,66.67,1.05,0,0,1.05,2,0,0,0,67.6725,67.6725,274032.9536,279125.4536,67.6725,,64.45
3763,3763,2,66.67,1.06,0,0,1.06,2,0,0,0,66.1758,66.1758,274099.1294,279191.6294,66.1758,,62.43
3764,3764,2,66.67,1.06,0,0,1.06,2,0,0,0,70.49,70.49,274169.6194,279262.1194,70.49,,66.5
3765,3765,2,66.67,1.545,0.5,0.475,1.07,1.5,0,0.5,2.5,104.303,101.803,274271.4224,279366.4224,72.2357,,67.51
3766,3766,1.5,50,1.06,0,0,1.06,1.5,0,0,0,68.4018,68.4018,274339.8242,279434.8242,68.4018,,64.53
3767,3767,1.5,50,1.06,0,0,1.06,1.5,0,0,0,60.9924,60.9924,274400.8166,279495.8166,60.9924,,57.54
3768,3768,1.5,50,1.06,0,0,1.06,1.5,0,0,0,54.8656,54.8656,274455.6822,279550.6822,54.8656,,51.76
3769,3769,1.5,50,0.2435,-0.75,-0.8065,1.05,2.25,0,0.75,3.75,12.1214,8.3714,274464.0536,279562.8036,52.2585,,49.77
3770,3770,2.25,75,0.2535,-0.75,-0.8065,1.06,3,0,0.75,3.75,12.6191,8.8691,274472.9227,279575.4227,52.7562,,49.77
3771,3771,3,100,1.06,0,0,1.06,3,0,0,0,58.2258,58.2258,274531.1485,279633.6485,58.2258,,54.93
3772,3772,3,100,1.06,0,0,1.06,3,0,0,0,61.2044,61.2044,274592.3529,279694.8529,61.2044,,57.74
3773,3773,3,100,1.06,0,0,1.06,3,0,0,0,62.2114,62.2114,274654.5643,279757.0643,62.2114,,58.69
3774,3774,3,100,1.07,0,0,1.07,3,0,0,0,72.1073,72.1073,274726.6716,279829.1716,72.1073,,67.39
3775,3775,3,100,1.07,0,0,1.07,3,0,0,0,72.4283,72.4283,274799.0999,279901.5999,72.4283,,67.69
3776,3776,3,100,1.05,0,0,1.05,3,0,0,0,71.0745,71.0745,274870.1744,279972.6744,71.0745,,67.69
3777,3777,3,100,1.05,0,0,1.05,3,0,0,0,71.0745,71.0745,274941.2489,280043.7489,71.0745,,67.69
3778,3778,3,100,1.05,0,0,1.05,3,0,0,0,71.0745,71.0745,275012.3234,280114.8234,71.0745,,67.69
3779,3779,3,100,1.04,0,0,1.04,3,0,0,0,70.3976,70.3976,275082.721,280185.221,70.3976,,67.69
3780,3780,3,100,1.04,0,0,1.04,3,0,0,0,69.9816,69.9816,275152.7026,280255.2026,69.9816,,67.29
3781,3781,3,100,1.04,0,0,1.04,3,0,0,0,68.2656,68.2656,275220.9682,280323.4682,68.2656,,65.64
3782,3782,3,100,1.04,0,0,1.04,3,0,0,0,70.0856,70.0856,275291.0538,280393.5538,70.0856,,67.39
3783,3783,3,100,1.04,0,0,1.04,3,0,0,0,68.328,68.328,275359.3818,280461.8818,68.328,,65.7
3784,3784,3,100,1.06,0,0,1.06,3,0,0,0,71.7514,71.7514,275431.1332,280533.6332,71.7514,,67.69
3785,3785,3,100,2.475,1.5,1.425,1.05,1.5,0,1.5,7.5,167.5327,160.0327,275591.1659,280701.1659,71.0745,,67.69
3786,3786,1.5,50,2.475,1.5,1.425,1.05,0,0,1.5,7.5,167.5327,160.0327,275751.1986,280868.6986,71.0745,,67.69
3787,3787,0,0,1.06,0,0,1.06,0,0,0,0,70.6808,70.6808,275821.8794,280939.3794,70.6808,,66.68
3788,3788,0,0,1.06,0,0,1.06,0,0,0,0,69.6208,69.6208,275891.5002,281009.0002,69.6208,,65.68
3789,3789,0,0,1.06,0,0,1.06,0,0,0,0,69.6208,69.6208,275961.121,281078.621,69.6208,,65.68
3790,3790,0,0,1.06,0,0,1.06,0,0,0,0,60.5366,60.5366,276021.6576,281139.1576,60.5366,,57.11
3791,3791,0,0,0.96,0,0,0.96,0,0,0,0,55.3728,55.3728,276077.0304,281194.5304,55.3728,,57.68
3792,3792,0,0,0.96,0,0,0.96,0,0,0,0,56.4288,56.4288,276133.4592,281250.9592,56.4288,,58.78
3793,3793,0,0,0.95,0,0,0.95,0,0,0,0,50.3975,50.3975,276183.8567,281301.3567,50.3975,,53.05
3794,3794,0,0,0.1535,-0.75,-0.8065,0.96,0.75,0,0.75,3.75,7.1907,3.4407,276187.2974,281308.5474,44.9568,,46.83
3795,3795,0.75,25,0.1535,-0.75,-0.8065,0.96,1.5,0,0.75,3.75,6.1189,2.3689,276189.6663,281314.6663,38.256,,39.85
3796,3796,1.5,50,0.1535,-0.75,-0.8065,0.96,2.25,0,0.75,3.75,5.5078,1.7578,276191.4241,281320.1741,34.4352,,35.87
3797,3797,2.25,75,0.0535,-0.75,-0.8065,0.86,3,0,0.75,3.75,2.5077,-1.2423,276190.1818,281322.6818,40.2738,,46.83
3798,3798,3,100,0.85,0,0,0.85,3,0,0,0,45.8065,45.8065,276235.9883,281368.4883,45.8065,,53.89
3799,3799,3,100,0.86,0,0,0.86,3,0,0,0,54.6702,54.6702,276290.6585,281423.1585,54.6702,,63.57
3800,3800,3,100,0.86,0,0,0.86,3,0,0,0,58.265,58.265,276348.9235,281481.4235,58.265,,67.75
3801,3801,3,100,1.5725,0.75,0.7125,0.86,2.25,0,0.75,3.75,106.5369,102.7869,276451.7104,281587.9604,58.265,,67.75
3802,3802,2.25,75,2.9875,2.25,2.1375,0.85,0,0,2.25,11.25,202.4031,191.1531,276642.8635,281790.3635,57.5875,,67.75
3803,3803,0,0,0.86,0,0,0.86,0,0,0,0,53.8016,53.8016,276696.6651,281844.1651,53.8016,,62.56
3804,3804,0,0,0.86,0,0,0.86,0,0,0,0,44.5566,44.5566,276741.2217,281888.7217,44.5566,,51.81
3805,3805,0,0,0.3024,-0.5,-0.5376,0.84,0.5,0,0.5,2.5,14.5226,12.0226,276753.2443,281903.2443,40.3452,,48.03
3806,3806,0.5,16.67,0.0435,-0.75,-0.8065,0.85,1.25,0,0.75,3.75,1.215,-2.535,276750.7093,281904.4593,23.715,,27.9
3807,3807,1.25,41.67,0.0435,-0.75,-0.8065,0.85,2,0,0.75,3.75,1.4319,-2.3181,276748.3912,281905.8912,27.948,,32.88
3808,3808,2,66.67,0.86,0,0,0.86,2,0,0,0,54.7992,54.7992,276803.1904,281960.6904,54.7992,,63.72
3809,3809,2,66.67,0.86,0,0,0.86,2,0,0,0,54.8336,54.8336,276858.024,282015.524,54.8336,,63.76
3810,3810,2,66.67,0.86,0,0,0.86,2,0,0,0,55.6248,55.6248,276913.6488,282071.1488,55.6248,,64.68
3811,3811,2,66.67,0.86,0,0,0.86,2,0,0,0,51.4108,51.4108,276965.0596,282122.5596,51.4108,,59.78
3812,3812,2,66.67,1,0,0,1,2,0,0,0,60.39,60.39,277025.4496,282182.9496,60.39,,60.39
3813,3813,2,66.67,2.96,2,1.9,1.06,0,0,2,10,199.652,189.652,277215.1016,282382.6016,71.497,,67.45
3814,3814,0,0,1.06,0,0,1.06,0,0,0,0,60.1762,60.1762,277275.2778,282442.7778,60.1762,,56.77
3815,3815,0,0,1.06,0,0,1.06,0,0,0,0,45.5164,45.5164,277320.7942,282488.2942,45.5164,,42.94
3816,3816,0,0,1.06,0,0,1.06,0,0,0,0,38.107,38.107,277358.9012,282526.4012,38.107,,35.95
3817,3817,0,0,0.2435,-0.75,-0.8065,1.05,0.75,0,0.75,3.75,7.8885,4.1385,277363.0397,282534.2897,34.0095,,32.39
3818,3818,0.75,25,0.2535,-0.75,-0.8065,1.06,1.5,0,0.75,3.75,7.0892,3.3392,277366.3789,282541.3789,29.6376,,27.96
3819,3819,1.5,50,0.2535,-0.75,-0.8065,1.06,2.25,0,0.75,3.75,7.0892,3.3392,277369.7181,282548.4681,29.6376,,27.96
3820,3820,2.25,75,0.2535,-0.75,-0.8065,1.06,3,0,0.75,3.75,7.7358,3.9858,277373.7039,282556.2039,32.3406,,30.51
3821,3821,3,100,1.06,0,0,1.06,3,0,0,0,34.7786,34.7786,277408.4825,282590.9825,34.7786,,32.81
3822,3822,3,100,1.07,0,0,1.07,3,0,0,0,35.1067,35.1067,277443.5892,282626.0892,35.1067,,32.81
3823,3823,3,100,1.07,0,0,1.07,3,0,0,0,35.3742,35.3742,277478.9634,282661.4634,35.3742,,33.06
3824,3824,3,100,1.04,0,0,1.04,3,0,0,0,48.7656,48.7656,277527.729,282710.229,48.7656,,46.89
3825,3825,3,100,1.04,0,0,1.04,3,0,0,0,54.1112,54.1112,277581.8402,282764.3402,54.1112,,52.03
3826,3826,3,100,1.04,0,0,1.04,3,0,0,0,45.6976,45.6976,277627.5378,282810.0378,45.6976,,43.94
3827,3827,3,100,1.04,0,0,1.04,3,0,0,0,68.1304,68.1304,277695.6682,282878.1682,68.1304,,65.51
3828,3828,3,100,1.05,0,0,1.05,3,0,0,0,70.9905,70.9905,277766.6587,282949.1587,70.9905,,67.61
3829,3829,3,100,2.9975,2.25,2.1375,0.86,0.75,0,2.25,11.25,203.5602,192.3102,277958.9689,283152.7189,58.4026,,67.91
3830,3830,0.75,25,0.85,0,0,0.85,0.75,0,0,0,56.0235,56.0235,278014.9924,283208.7424,56.0235,,65.91
3831,3831,0.75,25,0.86,0,0,0.86,0.75,0,0,0,49.8112,49.8112,278064.8036,283258.5536,49.8112,,57.92
3832,3832,0.75,25,0.87,0,0,0.87,0.75,0,0,0,45.1617,45.1617,278109.9653,283303.7153,45.1617,,51.91
3833,3833,0.75,25,0.87,0,0,0.87,0.75,0,0,0,52.7394,52.7394,278162.7047,283356.4547,52.7394,,60.62
3834,3834,0.75,25,0.86,0,0,0.86,0.75,0,0,0,56.6826,56.6826,278219.3873,283413.1373,56.6826,,65.91
3835,3835,0.75,25,0.86,0,0,0.86,0.75,0,0,0,56.6826,56.6826,278276.0699,283469.8199,56.6826,,65.91
3836,3836,0.75,25,0.87,0,0,0.87,0.75,0,0,0,55.7148,55.7148,278331.7847,283525.5347,55.7148,,64.04
3837,3837,0.75,25,1.5725,0.75,0.7125,0.86,0,0,0.75,3.75,106.474,102.724,278434.5087,283632.0087,58.2306,,67.71
3838,3838,0,0,0.86,0,0,0.86,0,0,0,0,51.5312,51.5312,278486.0399,283683.5399,51.5312,,59.92
3839,3839,0,0,0.0535,-0.75,-0.8065,0.86,0.75,0,0.75,3.75,2.3636,-1.3864,278484.6535,283685.9035,37.9604,,44.14
3840,3840,0.75,25,0.86,0,0,0.86,0.75,0,0,0,50.1552,50.1552,278534.8087,283736.0587,50.1552,,58.32
3841,3841,0.75,25,0.86,0,0,0.86,0.75,0,0,0,53.7586,53.7586,278588.5673,283789.8173,53.7586,,62.51
3842,3842,0.75,25,0.86,0,0,0.86,0.75,0,0,0,44.6598,44.6598,278633.2271,283834.4771,44.6598,,51.93
3843,3843,0.75,25,0.0535,-0.75,-0.8065,0.86,1.5,0,0.75,3.75,1.7569,-1.9931,278631.234,283836.234,28.2166,,32.81
3844,3844,1.5,50,0.2535,-0.75,-0.8065,1.06,2.25,0,0.75,3.75,8.3189,4.5689,278635.8029,283844.5529,34.7786,,32.81
3845,3845,2.25,75,0.2635,-0.75,-0.8065,1.07,3,0,0.75,3.75,8.7129,4.9629,278640.7658,283853.2658,35.3742,,33.06
3846,3846,3,100,1.07,0,0,1.07,3,0,0,0,59.9521,59.9521,278700.7179,283913.2179,59.9521,,56.03
3847,3847,3,100,1.06,0,0,1.06,3,0,0,0,60.3352,60.3352,278761.0531,283973.5531,60.3352,,56.92
3848,3848,3,100,1.07,0,0,1.07,3,0,0,0,62.2526,62.2526,278823.3057,284035.8057,62.2526,,58.18
3849,3849,3,100,1.07,0,0,1.07,3,0,0,0,72.6637,72.6637,278895.9694,284108.4694,72.6637,,67.91
3850,3850,3,100,1.06,0,0,1.06,3,0,0,0,71.9846,71.9846,278967.954,284180.454,71.9846,,67.91
3851,3851,3,100,1.04,0,0,1.04,3,0,0,0,70.6264,70.6264,279038.5804,284251.0804,70.6264,,67.91
3852,3852,3,100,1.05,0,0,1.05,3,0,0,0,70.9905,70.9905,279109.5709,284322.0709,70.9905,,67.61
3853,3853,3,100,1.04,0,0,1.04,3,0,0,0,70.6264,70.6264,279180.1973,284392.6973,70.6264,,67.91
3854,3854,3,100,1.04,0,0,1.04,3,0,0,0,70.6264,70.6264,279250.8237,284463.3237,70.6264,,67.91
3855,3855,3,100,1.04,0,0,1.04,3,0,0,0,65.0208,65.0208,279315.8445,284528.3445,65.0208,,62.52
3856,3856,3,100,1.06,0,0,1.06,3,0,0,0,71.9846,71.9846,279387.8291,284600.3291,71.9846,,67.91
3857,3857,3,100,1.06,0,0,1.06,3,0,0,0,71.9846,71.9846,279459.8137,284672.3137,71.9846,,67.91
3858,3858,3,100,1.05,0,0,1.05,3,0,0,0,71.3055,71.3055,279531.1192,284743.6192,71.3055,,67.91
3859,3859,3,100,1.05,0,0,1.05,3,0,0,0,69.2055,69.2055,279600.3247,284812.8247,69.2055,,65.91
3860,3860,3,100,1.05,0,0,1.05,3,0,0,0,63.504,63.504,279663.8287,284876.3287,63.504,,60.48
3861,3861,3,100,1.06,0,0,1.06,3,0,0,0,61.3952,61.3952,279725.2239,284937.7239,61.3952,,57.92
3862,3862,3,100,1.06,0,0,1.06,3,0,0,0,61.851,61.851,279787.0749,284999.5749,61.851,,58.35
3863,3863,3,100,0.95,0,0,0.95,3,0,0,0,58.1115,58.1115,279845.1864,285057.6864,58.1115,,61.17
3864,3864,3,100,0.95,0,0,0.95,3,0,0,0,56.81,56.81,279901.9964,285114.4964,56.81,,59.8
3865,3865,3,100,0.95,0,0,0.95,3,0,0,0,52.5445,52.5445,279954.5409,285167.0409,52.5445,,55.31
3866,3866,3,100,0.95,0,0,0.95,3,0,0,0,49.666,49.666,280004.2069,285216.7069,49.666,,52.28
3867,3867,3,100,0.96,0,0,0.96,3,0,0,0,49.1328,49.1328,280053.3397,285265.8397,49.1328,,51.18
3868,3868,3,100,0.95,0,0,0.95,3,0,0,0,48.621,48.621,280101.9607,285314.4607,48.621,,51.18
3869,3869,3,100,0.96,0,0,0.96,3,0,0,0,51.6576,51.6576,280153.6183,285366.1183,51.6576,,53.81
3870,3870,3,100,0.96,0,0,0.96,3,0,0,0,62.3136,62.3136,280215.9319,285428.4319,62.3136,,64.91
3871,3871,3,100,0.96,0,0,0.96,3,0,0,0,65.1936,65.1936,280281.1255,285493.6255,65.1936,,67.91
3872,3872,3,100,0.96,0,0,0.96,3,0,0,0,65.1936,65.1936,280346.3191,285558.8191,65.1936,,67.91
3873,3873,3,100,0.96,0,0,0.96,3,0,0,0,65.1936,65.1936,280411.5127,285624.0127,65.1936,,67.91
3874,3874,3,100,0.96,0,0,0.96,3,0,0,0,65.1936,65.1936,280476.7063,285689.2063,65.1936,,67.91
3875,3875,3,100,0.97,0,0,0.97,3,0,0,0,65.8727,65.8727,280542.579,285755.079,65.8727,,67.91
3876,3876,3,100,0.96,0,0,0.96,3,0,0,0,65.1936,65.1936,280607.7726,285820.2726,65.1936,,67.91
3877,3877,3,100,0.95,0,0,0.95,3,0,0,0,64.5145,64.5145,280672.2871,285884.7871,64.5145,,67.91
3878,3878,3,100,1.425,0.5,0.475,0.95,2.5,0,0.5,2.5,96.7717,94.2717,280766.5588,285981.5588,64.5145,,67.91
3879,3879,2.5,83.33,0.95,0,0,0.95,2.5,0,0,0,62.9375,62.9375,280829.4963,286044.4963,62.9375,,66.25
3880,3880,2.5,83.33,1.525,0.5,0.475,1.05,2,0,0.5,2.5,103.5627,101.0627,280930.559,286148.059,71.3055,,67.91
3881,3881,2,66.67,1.525,0.5,0.475,1.05,1.5,0,0.5,2.5,103.5627,101.0627,281031.6217,286251.6217,71.3055,,67.91
3882,3882,1.5,50,1.07,0,0,1.07,1.5,0,0,0,72.6637,72.6637,281104.2854,286324.2854,72.6637,,67.91
3883,3883,1.5,50,1.2975,0.25,0.2375,1.06,1.25,0,0.25,1.25,88.1132,86.8632,281191.1486,286412.3986,71.9846,,67.91
3884,3884,1.25,41.67,1.525,0.5,0.475,1.05,0.75,0,0.5,2.5,103.5627,101.0627,281292.2113,286515.9613,71.3055,,67.91
3885,3885,0.75,25,1.525,0.5,0.475,1.05,0.25,0,0.5,2.5,103.5627,101.0627,281393.274,286619.524,71.3055,,67.91
3886,3886,0.25,8.33,1.2975,0.25,0.2375,1.06,0,0,0.25,1.25,88.1132,86.8632,281480.1372,286707.6372,71.9846,,67.91
3887,3887,0,0,1.06,0,0,1.06,0,0,0,0,66.8966,66.8966,281547.0338,286774.5338,66.8966,,63.11
3888,3888,0,0,1.06,0,0,1.06,0,0,0,0,68.4866,68.4866,281615.5204,286843.0204,68.4866,,64.61
3889,3889,0,0,1.06,0,0,1.06,0,0,0,0,65.7094,65.7094,281681.2298,286908.7298,65.7094,,61.99
3890,3890,0,0,1.06,0,0,1.06,0,0,0,0,55.0882,55.0882,281736.318,286963.818,55.0882,,51.97
3891,3891,0,0,1.06,0,0,1.06,0,0,0,0,54.7914,54.7914,281791.1094,287018.6094,54.7914,,51.69
3892,3892,0,0,1.06,0,0,1.06,0,0,0,0,56.551,56.551,281847.6604,287075.1604,56.551,,53.35
3893,3893,0,0,1.07,0,0,1.07,0,0,0,0,59.3101,59.3101,281906.9705,287134.4705,59.3101,,55.43
3894,3894,0,0,1.07,0,0,1.07,0,0,0,0,69.1327,69.1327,281976.1032,287203.6032,69.1327,,64.61
3895,3895,0,0,1.07,0,0,1.07,0,0,0,0,72.3213,72.3213,282048.4245,287275.9245,72.3213,,67.59
3896,3896,0,0,1.06,0,0,1.06,0,0,0,0,71.6454,71.6454,282120.0699,287347.5699,71.6454,,67.59
3897,3897,0,0,0.75,0,0,0.75,0,0,0,0,50.6925,50.6925,282170.7624,287398.2624,50.6925,,67.59
3898,3898,0,0,1.07,0,0,1.07,0,0,0,0,72.3213,72.3213,282243.0837,287470.5837,72.3213,,67.59
3899,3899,0,0,1.04,0,0,1.04,0,0,0,0,70.2936,70.2936,282313.3773,287540.8773,70.2936,,67.59
3900,3900,0,0,1.05,0,0,1.05,0,0,0,0,70.9695,70.9695,282384.3468,287611.8468,70.9695,,67.59
3901,3901,0,0,1.03,0,0,1.03,0,0,0,0,69.6177,69.6177,282453.9645,287681.4645,69.6177,,67.59
3902,3902,0,0,1.04,0,0,1.04,0,0,0,0,70.2936,70.2936,282524.2581,287751.7581,70.2936,,67.59
3903,3903,0,0,1.04,0,0,1.04,0,0,0,0,70.2936,70.2936,282594.5517,287822.0517,70.2936,,67.59
3904,3904,0,0,1.05,0,0,1.05,0,0,0,0,70.9695,70.9695,282665.5212,287893.0212,70.9695,,67.59
3905,3905,0,0,1.06,0,0,1.06,0,0,0,0,71.6454,71.6454,282737.1666,287964.6666,71.6454,,67.59
3906,3906,0,0,1.07,0,0,1.07,0,0,0,0,72.3213,72.3213,282809.4879,288036.9879,72.3213,,67.59
3907,3907,0,0,1.05,0,0,1.05,0,0,0,0,70.9695,70.9695,282880.4574,288107.9574,70.9695,,67.59
3908,3908,0,0,1.06,0,0,1.06,0,0,0,0,71.6454,71.6454,282952.1028,288179.6028,71.6454,,67.59
3909,3909,0,0,1.06,0,0,1.06,0,0,0,0,71.6454,71.6454,283023.7482,288251.2482,71.6454,,67.59
3910,3910,0,0,1.05,0,0,1.05,0,0,0,0,70.9695,70.9695,283094.7177,288322.2177,70.9695,,67.59
3911,3911,0,0,1.06,0,0,1.06,0,0,0,0,68.4866,68.4866,283163.2043,288390.7043,68.4866,,64.61
3912,3912,0,0,1.05,0,0,1.05,0,0,0,0,66.444,66.444,283229.6483,288457.1483,66.444,,63.28
3913,3913,0,0,1.06,0,0,1.06,0,0,0,0,65.3808,65.3808,283295.0291,288522.5291,65.3808,,61.68
3914,3914,0,0,1.05,0,0,1.05,0,0,0,0,58.275,58.275,283353.3041,288580.8041,58.275,,55.5
3915,3915,0,0,1.15,0,0,1.15,0,0,0,0,61.1685,61.1685,283414.4726,288641.9726,61.1685,,53.19
3916,3916,0,0,1.16,0,0,1.16,0,0,0,0,60.0184,60.0184,283474.491,288701.991,60.0184,,51.74
3917,3917,0,0,1.16,0,0,1.16,0,0,0,0,61.7004,61.7004,283536.1914,288763.6914,61.7004,,53.19
3918,3918,0,0,1.16,0,0,1.16,0,0,0,0,69.136,69.136,283605.3274,288832.8274,69.136,,59.6
3919,3919,0,0,1.16,0,0,1.16,0,0,0,0,77.8824,77.8824,283683.2098,288910.7098,77.8824,,67.14
3920,3920,0,0,1.15,0,0,1.15,0,0,0,0,77.7975,77.7975,283761.0073,288988.5073,77.7975,,67.65
3921,3921,0,0,1.16,0,0,1.16,0,0,0,0,78.474,78.474,283839.4813,289066.9813,78.474,,67.65
3922,3922,0,0,1.15,0,0,1.15,0,0,0,0,77.7975,77.7975,283917.2788,289144.7788,77.7975,,67.65
3923,3923,0,0,1.15,0,0,1.15,0,0,0,0,77.7975,77.7975,283995.0763,289222.5763,77.7975,,67.65
3924,3924,0,0,1.15,0,0,1.15,0,0,0,0,61.1685,61.1685,284056.2448,289283.7448,61.1685,,53.19
3925,3925,0,0,1.14,0,0,1.14,0,0,0,0,60.6366,60.6366,284116.8814,289344.3814,60.6366,,53.19
3926,3926,0,0,1,0,0,1,0,0,0,0,61.68,61.68,284178.5614,289406.0614,61.68,,61.68
3927,3927,0,0,0.22,0,0,0.22,0,0,0,0,11.7018,11.7018,284190.2632,289417.7632,11.7018,,53.19
3928,3928,0,0,0.9,0,0,0.9,0,0,0,0,60.885,60.885,284251.1482,289478.6482,60.885,,67.65
3929,3929,0,0,1.18,0,0,1.18,0,0,0,0,79.827,79.827,284330.9752,289558.4752,79.827,,67.65
3930,3930,0,0,1.18,0,0,1.18,0,0,0,0,79.827,79.827,284410.8022,289638.3022,79.827,,67.65
3931,3931,0,0,1.18,0,0,1.18,0,0,0,0,79.827,79.827,284490.6292,289718.1292,79.827,,67.65
3932,3932,0,0,1.18,0,0,1.18,0,0,0,0,79.827,79.827,284570.4562,289797.9562,79.827,,67.65
3933,3933,0,0,0,0,0,0,0,0,0,0,0,0,284570.4562,289797.9562,0,,67.65
3934,3934,0,0,1.18,0,0,1.18,0,0,0,0,79.827,79.827,284650.2832,289877.7832,79.827,,67.65
3935,3935,0,0,1.18,0,0,1.18,0,0,0,0,79.827,79.827,284730.1102,289957.6102,79.827,,67.65
3936,3936,0,0,1.21,0,0,1.21,0,0,0,0,78.3354,78.3354,284808.4456,290035.9456,78.3354,,64.74
3937,3937,0,0,1.32,0,0,1.32,0,0,0,0,82.302,82.302,284890.7476,290118.2476,82.302,,62.35
3938,3938,0,0,1.3,0,0,1.3,0,0,0,0,73.931,73.931,284964.6786,290192.1786,73.931,,56.87
3939,3939,0,0,1.3,0,0,1.3,0,0,0,0,71.916,71.916,285036.5946,290264.0946,71.916,,55.32
3940,3940,0,0,1.3,0,0,1.3,0,0,0,0,68.679,68.679,285105.2736,290332.7736,68.679,,52.83
3941,3941,0,0,1.31,0,0,1.31,0,0,0,0,72.5216,72.5216,285177.7952,290405.2952,72.5216,,55.36
3942,3942,0,0,1.31,0,0,1.31,0,0,0,0,86.3552,86.3552,285264.1504,290491.6504,86.3552,,65.92
3943,3943,0,0,1.31,0,0,1.31,0,0,0,0,88.7263,88.7263,285352.8767,290580.3767,88.7263,,67.73
3944,3944,0,0,1.31,0,0,1.31,0,0,0,0,88.7263,88.7263,285441.603,290669.103,88.7263,,67.73
3945,3945,0,0,1.31,0,0,1.31,0,0,0,0,88.7263,88.7263,285530.3293,290757.8293,88.7263,,67.73
3946,3946,0,0,1.31,0,0,1.31,0,0,0,0,88.7263,88.7263,285619.0556,290846.5556,88.7263,,67.73
3947,3947,0,0,1.31,0,0,1.31,0,0,0,0,88.7263,88.7263,285707.7819,290935.2819,88.7263,,67.73
3948,3948,0,0,1.17,0,0,1.17,0,0,0,0,72.9495,72.9495,285780.7314,291008.2314,72.9495,,62.35
3949,3949,0,0,1.16,0,0,1.16,0,0,0,0,71.5836,71.5836,285852.315,291079.815,71.5836,,61.71
3950,3950,0,0,1.15,0,0,1.15,0,0,0,0,77.1535,77.1535,285929.4685,291156.9685,77.1535,,67.09
3951,3951,0,0,1.15,0,0,1.15,0,0,0,0,75.808,75.808,286005.2765,291232.7765,75.808,,65.92
3952,3952,0,0,1.15,0,0,1.15,0,0,0,0,77.8895,77.8895,286083.166,291310.666,77.8895,,67.73
3953,3953,0,0,1.16,0,0,1.16,0,0,0,0,78.5668,78.5668,286161.7328,291389.2328,78.5668,,67.73
3954,3954,0,0,1.16,0,0,1.16,0,0,0,0,78.5668,78.5668,286240.2996,291467.7996,78.5668,,67.73
3955,3955,0,0,1.06,0,0,1.06,0,0,0,0,71.7938,71.7938,286312.0934,291539.5934,71.7938,,67.73
3956,3956,0,0,1.06,0,0,1.06,0,0,0,0,69.6844,69.6844,286381.7778,291609.2778,69.6844,,65.74
3957,3957,0,0,1.06,0,0,1.06,0,0,0,0,66.515,66.515,286448.2928,291675.7928,66.515,,62.75
3958,3958,0,0,1.06,0,0,1.06,0,0,0,0,54.8974,54.8974,286503.1902,291730.6902,54.8974,,51.79
3959,3959,0,0,1.06,0,0,1.06,0,0,0,0,55.226,55.226,286558.4162,291785.9162,55.226,,52.1
3960,3960,0,0,1.03,0,0,1.03,0,0,0,0,69.8237,69.8237,286628.2399,291855.7399,69.8237,,67.79
3961,3961,0,0,1.05,0,0,1.05,0,0,0,0,70.9485,70.9485,286699.1884,291926.6884,70.9485,,67.57
3962,3962,0,0,1.05,0,0,1.05,0,0,0,0,58.401,58.401,286757.5894,291985.0894,58.401,,55.62
3963,3963,0,0,1.05,0,0,1.05,0,0,0,0,55.251,55.251,286812.8404,292040.3404,55.251,,52.62
3964,3964,0,0,0.2535,-0.75,-0.8065,1.06,0.75,0,0.75,3.75,11.1206,7.3706,286820.211,292051.461,46.4916,,43.86
3965,3965,0.75,25,0.2535,-0.75,-0.8065,1.06,1.5,0,0.75,3.75,9.0999,5.3499,286825.5609,292060.5609,38.0434,,35.89
3966,3966,1.5,50,0.2535,-0.75,-0.8065,1.06,2.25,0,0.75,3.75,11.501,7.751,286833.3119,292072.0619,48.0816,,45.36
3967,3967,2.25,75,0.2535,-0.75,-0.8065,1.06,3,0,0.75,3.75,8.3037,4.5537,286837.8656,292080.3656,34.715,,32.75
3968,3968,3,100,1.06,0,0,1.06,3,0,0,0,71.8574,71.8574,286909.723,292152.223,71.8574,,67.79
3969,3969,3,100,1.545,0.5,0.475,1.07,2.5,0,0.5,2.5,104.7356,102.2356,287011.9586,292256.9586,72.5353,,67.79
3970,3970,2.5,83.33,1.545,0.5,0.475,1.07,2,0,0.5,2.5,104.7356,102.2356,287114.1942,292361.6942,72.5353,,67.79
3971,3971,2,66.67,1.545,0.5,0.475,1.07,1.5,0,0.5,2.5,104.7356,102.2356,287216.4298,292466.4298,72.5353,,67.79
3972,3972,1.5,50,1.06,0,0,1.06,1.5,0,0,0,64.1936,64.1936,287280.6234,292530.6234,64.1936,,60.56
3973,3973,1.5,50,1.05,0,0,1.05,1.5,0,0,0,62.37,62.37,287342.9934,292592.9934,62.37,,59.4
3974,3974,1.5,50,1.05,0,0,1.05,1.5,0,0,0,57.8445,57.8445,287400.8379,292650.8379,57.8445,,55.09
3975,3975,1.5,50,0.2335,-0.75,-0.8065,1.04,2.25,0,0.75,3.75,11.1006,7.3506,287408.1885,292661.9385,49.4312,,47.53
3976,3976,2.25,75,1.05,0,0,1.05,2.25,0,0,0,58.2015,58.2015,287466.39,292720.14,58.2015,,55.43
3977,3977,2.25,75,1.2975,0.25,0.2375,1.06,2,0,0.25,1.25,87.9575,86.7075,287553.0975,292808.0975,71.8574,,67.79
3978,3978,2,66.67,2.95,2,1.9,1.05,0,0,2,10,199.9805,189.9805,287743.078,293008.078,71.1795,,67.79
3979,3979,0,0,1.05,0,0,1.05,0,0,0,0,70.9275,70.9275,287814.0055,293079.0055,70.9275,,67.55
3980,3980,0,0,1.05,0,0,1.05,0,0,0,0,60.291,60.291,287874.2965,293139.2965,60.291,,57.42
3981,3981,0,0,1.06,0,0,1.06,0,0,0,0,71.2108,71.2108,287945.5073,293210.5073,71.2108,,67.18
3982,3982,0,0,1.07,0,0,1.07,0,0,0,0,62.2954,62.2954,288007.8027,293272.8027,62.2954,,58.22
3983,3983,0,0,1.06,0,0,1.06,0,0,0,0,53.053,53.053,288060.8557,293325.8557,53.053,,50.05
3984,3984,0,0,1.06,0,0,1.06,0,0,0,0,65.243,65.243,288126.0987,293391.0987,65.243,,61.55
3985,3985,0,0,1.06,0,0,1.06,0,0,0,0,65.4444,65.4444,288191.5431,293456.5431,65.4444,,61.74
3986,3986,0,0,1.06,0,0,1.06,0,0,0,0,56.2966,56.2966,288247.8397,293512.8397,56.2966,,53.11
3987,3987,0,0,1.06,0,0,1.06,0,0,0,0,52.9682,52.9682,288300.8079,293565.8079,52.9682,,49.97
3988,3988,0,0,1.06,0,0,1.06,0,0,0,0,55.0776,55.0776,288355.8855,293620.8855,55.0776,,51.96
3989,3989,0,0,0.2635,-0.75,-0.8065,1.07,0.75,0,0.75,3.75,9.4798,5.7298,288361.6153,293630.3653,38.4879,,35.97
3990,3990,0.75,25,1.07,0,0,1.07,0.75,0,0,0,63.0872,63.0872,288424.7025,293693.4525,63.0872,,58.96
3991,3991,0.75,25,1.7825,0.75,0.7125,1.07,0,0,0.75,3.75,115.7734,112.0234,288536.7259,293809.2259,69.4965,,64.95
3992,3992,0,0,1.06,0,0,1.06,0,0,0,0,65.6776,65.6776,288602.4035,293874.9035,65.6776,,61.96
3993,3993,0,0,1.05,0,0,1.05,0,0,0,0,37.7685,37.7685,288640.172,293912.672,37.7685,,35.97
3994,3994,0,0,0.2435,-0.75,-0.8065,1.05,0.75,0,0.75,3.75,7.9957,4.2457,288644.4177,293920.6677,34.4715,,32.83
3995,3995,0.75,25,0.2435,-0.75,-0.8065,1.05,1.5,0,0.75,3.75,7.9957,4.2457,288648.6634,293928.6634,34.4715,,32.83
3996,3996,1.5,50,0.5124,-0.5,-0.5376,1.05,2,0,0.5,2.5,16.8978,14.3978,288663.0612,293945.5612,34.629,,32.98
3997,3997,2,66.67,1.06,0,0,1.06,2,0,0,0,35.0648,35.0648,288698.126,293980.626,35.0648,,33.08
3998,3998,2,66.67,0.7812,-0.25,-0.2688,1.05,2.25,0,0.25,1.25,25.7634,24.5134,288722.6394,294006.3894,34.629,,32.98
3999,3999,2.25,75,0.2435,-0.75,-0.8065,1.05,3,0,0.75,3.75,7.4355,3.6855,288726.3249,294013.8249,32.0565,,30.53
4000,4000,3,100,1.06,0,0,1.06,3,0,0,0,55.1836,55.1836,288781.5085,294069.0085,55.1836,,52.06
4001,4001,3,100,1.07,0,0,1.07,3,0,0,0,69.4965,69.4965,288851.005,294138.505,69.4965,,64.95
4002,4002,3,100,1.06,0,0,1.06,3,0,0,0,71.3486,71.3486,288922.3536,294209.8536,71.3486,,67.31
4003,4003,3,100,2.97,2,1.9,1.07,1,0,2,10,201.8115,191.8115,289114.1651,294411.6651,72.7065,,67.95
4004,4004,1,33.33,2.01,1,0.95,1.06,0,0,1,5,135.2931,130.2931,289244.4582,294546.9582,71.3486,,67.31
4005,4005,0,0,1.11,0,0,1.11,0,0,0,0,68.8755,68.8755,289313.3337,294615.8337,68.8755,,62.05
4006,4006,0,0,1.11,0,0,1.11,0,0,0,0,57.6756,57.6756,289371.0093,294673.5093,57.6756,,51.96
4007,4007,0,0,0.0347,-1,-1.0753,1.11,1,0,1,5,1.5792,-3.4208,289367.5885,294675.0885,50.4717,,45.47
4008,4008,1,33.33,1.11,0,0,1.11,1,0,0,0,69.1752,69.1752,289436.7637,294744.2637,69.1752,,62.32
4009,4009,1,33.33,1.11,0,0,1.11,1,0,0,0,64.3356,64.3356,289501.0993,294808.5993,64.3356,,57.96
4010,4010,1,33.33,1.11,0,0,1.11,1,0,0,0,57.5424,57.5424,289558.6417,294866.1417,57.5424,,51.84
4011,4011,1,33.33,0.0347,-1,-1.0753,1.11,2,0,1,5,1.2493,-3.7507,289554.891,294867.391,39.9267,,35.97
4012,4012,2,66.67,0.0347,-1,-1.0753,1.11,3,0,1,5,1.1489,-3.8511,289551.0399,294868.5399,36.7188,,33.08
4013,4013,3,100,1.11,0,0,1.11,3,0,0,0,53.4687,53.4687,289604.5086,294922.0086,53.4687,,48.17
4014,4014,3,100,1.12,0,0,1.12,3,0,0,0,60.7936,60.7936,289665.3022,294982.8022,60.7936,,54.28
4015,4015,3,100,1.12,0,0,1.12,3,0,0,0,67.368,67.368,289732.6702,295050.1702,67.368,,60.15
4016,4016,3,100,1.8325,0.75,0.7125,1.12,2.25,0,0.75,3.75,124.5184,120.7684,289853.4386,295174.6886,76.104,,67.95
4017,4017,2.25,75,1.11,0,0,1.11,2.25,0,0,0,75.4245,75.4245,289928.8631,295250.1131,75.4245,,67.95
4018,4018,2.25,75,1.1,0,0,1.1,2.25,0,0,0,72.765,72.765,290001.6281,295322.8781,72.765,,66.15
4019,4019,2.25,75,1.1,0,0,1.1,2.25,0,0,0,57.442,57.442,290059.0701,295380.3201,57.442,,52.22
4020,4020,2.25,75,1.1,0,0,1.1,2.25,0,0,0,57.156,57.156,290116.2261,295437.4761,57.156,,51.96
4021,4021,2.25,75,1.1,0,0,1.1,2.25,0,0,0,60.599,60.599,290176.8251,295498.0751,60.599,,55.09
4022,4022,2.25,75,1.11,0,0,1.11,2.25,0,0,0,57.7644,57.7644,290234.5895,295555.8395,57.7644,,52.04
4023,4023,2.25,75,1.1,0,0,1.1,2.25,0,0,0,58.113,58.113,290292.7025,295613.9525,58.113,,52.83
4024,4024,2.25,75,1.11,0,0,1.11,2.25,0,0,0,75.4245,75.4245,290368.127,295689.377,75.4245,,67.95
4025,4025,2.25,75,1.11,0,0,1.11,2.25,0,0,0,75.4245,75.4245,290443.5515,295764.8015,75.4245,,67.95
4026,4026,2.25,75,2.06,1,0.95,1.11,1.25,0,1,5,139.977,134.977,290578.5285,295904.7785,75.4245,,67.95
4027,4027,1.25,41.67,2.06,1,0.95,1.11,0.25,0,1,5,139.977,134.977,290713.5055,296044.7555,75.4245,,67.95
4028,4028,0.25,8.33,1.11,0,0,1.11,0.25,0,0,0,74.6142,74.6142,290788.1197,296119.3697,74.6142,,67.22
4029,4029,0.25,8.33,1.11,0,0,1.11,0.25,0,0,0,71.262,71.262,290859.3817,296190.6317,71.262,,64.2
4030,4030,0.25,8.33,1.05,0,0,1.05,0.25,0,0,0,61.6665,61.6665,290921.0482,296252.2982,61.6665,,58.73
4031,4031,0.25,8.33,1.06,0,0,1.06,0.25,0,0,0,61.1832,61.1832,290982.2314,296313.4814,61.1832,,57.72
4032,4032,0.25,8.33,1.06,0,0,1.06,0.25,0,0,0,61.4376,61.4376,291043.669,296374.919,61.4376,,57.96
4033,4033,0.25,8.33,1.06,0,0,1.06,0.25,0,0,0,55.1836,55.1836,291098.8526,296430.1026,55.1836,,52.06
4034,4034,0.25,8.33,1.06,0,0,1.06,0.25,0,0,0,63.3244,63.3244,291162.177,296493.427,63.3244,,59.74
4035,4035,0.25,8.33,1.05,0,0,1.05,0.25,0,0,0,55.8915,55.8915,291218.0685,296549.3185,55.8915,,53.23
4036,4036,0.25,8.33,0.2535,-0.75,-0.8065,1.06,1,0,0.75,3.75,11.4021,7.6521,291225.7206,296560.7206,47.6682,,44.97
4037,4037,1,33.33,1.06,0,0,1.06,1,0,0,0,55.2896,55.2896,291281.0102,296616.0102,55.2896,,52.16
4038,4038,1,33.33,1.06,0,0,1.06,1,0,0,0,64.0876,64.0876,291345.0978,296680.0978,64.0876,,60.46
4039,4039,1,33.33,1.06,0,0,1.06,1,0,0,0,72.027,72.027,291417.1248,296752.1248,72.027,,67.95
4040,4040,1,33.33,1.07,0,0,1.07,1,0,0,0,72.7065,72.7065,291489.8313,296824.8313,72.7065,,67.95
4041,4041,1,33.33,1.08,0,0,1.08,1,0,0,0,73.386,73.386,291563.2173,296898.2173,73.386,,67.95
4042,4042,1,33.33,1.3875,0.25,0.2375,1.15,0.75,0,0.25,1.25,94.2806,93.0306,291656.2479,296992.4979,78.1425,,67.95
4043,4043,0.75,25,1.15,0,0,1.15,0.75,0,0,0,63.825,63.825,291720.0729,297056.3229,63.825,,55.5
4044,4044,0.75,25,1.15,0,0,1.15,0.75,0,0,0,61.272,61.272,291781.3449,297117.5949,61.272,,53.28
4045,4045,0.75,25,1.15,0,0,1.15,0.75,0,0,0,63.825,63.825,291845.1699,297181.4199,63.825,,55.5
4046,4046,0.75,25,1.15,0,0,1.15,0.75,0,0,0,65.7225,65.7225,291910.8924,297247.1424,65.7225,,57.15
4047,4047,0.75,25,1.14,0,0,1.14,0.75,0,0,0,63.5664,63.5664,291974.4588,297310.7088,63.5664,,55.76
4048,4048,0.75,25,1.3975,0.25,0.2375,1.16,0.5,0,0.25,1.25,94.9601,93.7101,292068.1689,297405.6689,78.822,,67.95
4049,4049,0.5,16.67,1.17,0,0,1.17,0.5,0,0,0,79.5015,79.5015,292147.6704,297485.1704,79.5015,,67.95
4050,4050,0.5,16.67,1.3975,0.25,0.2375,1.16,0.25,0,0.25,1.25,94.9601,93.7101,292241.3805,297580.1305,78.822,,67.95
4051,4051,0.25,8.33,1.3975,0.25,0.2375,1.16,0,0,0.25,1.25,94.9601,93.7101,292335.0906,297675.0906,78.822,,67.95
4052,4052,0,0,1.07,0,0,1.07,0,0,0,0,72.7065,72.7065,292407.7971,297747.7971,72.7065,,67.95
4053,4053,0,0,1.08,0,0,1.08,0,0,0,0,73.386,73.386,292481.1831,297821.1831,73.386,,67.95
4054,4054,0,0,1.07,0,0,1.07,0,0,0,0,71.6151,71.6151,292552.7982,297892.7982,71.6151,,66.93
4055,4055,0,0,1.07,0,0,1.07,0,0,0,0,67.5812,67.5812,292620.3794,297960.3794,67.5812,,63.16
4056,4056,0,0,0.99,0,0,0.99,0,0,0,0,63.0828,63.0828,292683.4622,298023.4622,63.0828,,63.72
4057,4057,0,0,0.88,0,0,0.88,0,0,0,0,50.3712,50.3712,292733.8334,298073.8334,50.3712,,57.24
4058,4058,0,0,0.88,0,0,0.88,0,0,0,0,46.5168,46.5168,292780.3502,298120.3502,46.5168,,52.86
4059,4059,0,0,0.88,0,0,0.88,0,0,0,0,46.7192,46.7192,292827.0694,298167.0694,46.7192,,53.09
4060,4060,0,0,0.87,0,0,0.87,0,0,0,0,46.1883,46.1883,292873.2577,298213.2577,46.1883,,53.09
4061,4061,0,0,0.89,0,0,0.89,0,0,0,0,47.2501,47.2501,292920.5078,298260.5078,47.2501,,53.09
4062,4062,0,0,0.88,0,0,0.88,0,0,0,0,54.4984,54.4984,292975.0062,298315.0062,54.4984,,61.93
4063,4063,0,0,0.89,0,0,0.89,0,0,0,0,59.8347,59.8347,293034.8409,298374.8409,59.8347,,67.23
4064,4064,0,0,0.89,0,0,0.89,0,0,0,0,60.2619,60.2619,293095.1028,298435.1028,60.2619,,67.71
4065,4065,0,0,0.87,0,0,0.87,0,0,0,0,58.9077,58.9077,293154.0105,298494.0105,58.9077,,67.71
4066,4066,0,0,0.86,0,0,0.86,0,0,0,0,58.2306,58.2306,293212.2411,298552.2411,58.2306,,67.71
4067,4067,0,0,0.86,0,0,0.86,0,0,0,0,58.2306,58.2306,293270.4717,298610.4717,58.2306,,67.71
4068,4068,0,0,0.86,0,0,0.86,0,0,0,0,58.2306,58.2306,293328.7023,298668.7023,58.2306,,67.71
4069,4069,0,0,0.86,0,0,0.86,0,0,0,0,58.2306,58.2306,293386.9329,298726.9329,58.2306,,67.71
4070,4070,0,0,0.86,0,0,0.86,0,0,0,0,58.2306,58.2306,293445.1635,298785.1635,58.2306,,67.71
4071,4071,0,0,0.82,0,0,0.82,0,0,0,0,55.5222,55.5222,293500.6857,298840.6857,55.5222,,67.71
4072,4072,0,0,0.98,0,0,0.98,0,0,0,0,66.3558,66.3558,293567.0415,298907.0415,66.3558,,67.71
4073,4073,0,0,0.98,0,0,0.98,0,0,0,0,66.3558,66.3558,293633.3973,298973.3973,66.3558,,67.71
4074,4074,0,0,0.98,0,0,0.98,0,0,0,0,66.3558,66.3558,293699.7531,299039.7531,66.3558,,67.71
4075,4075,0,0,0.97,0,0,0.97,0,0,0,0,65.6787,65.6787,293765.4318,299105.4318,65.6787,,67.71
4076,4076,0,0,0.98,0,0,0.98,0,0,0,0,66.3558,66.3558,293831.7876,299171.7876,66.3558,,67.71
4077,4077,0,0,0.89,0,0,0.89,0,0,0,0,59.8347,59.8347,293891.6223,299231.6223,59.8347,,67.23
4078,4078,0,0,0.89,0,0,0.89,0,0,0,0,53.311,53.311,293944.9333,299284.9333,53.311,,59.9
4079,4079,0,0,0.89,0,0,0.89,0,0,0,0,53.311,53.311,293998.2443,299338.2443,53.311,,59.9
4080,4080,0,0,0.88,0,0,0.88,0,0,0,0,56.5224,56.5224,294054.7667,299394.7667,56.5224,,64.23
4081,4081,0,0,0.88,0,0,0.88,0,0,0,0,51.436,51.436,294106.2027,299446.2027,51.436,,58.45
4082,4082,0,0,0.88,0,0,0.88,0,0,0,0,45.2144,45.2144,294151.4171,299491.4171,45.2144,,51.38
4083,4083,0,0,0.97,0,0,0.97,0,0,0,0,50.7989,50.7989,294202.216,299542.216,50.7989,,52.37
4084,4084,0,0,0.1735,-0.75,-0.8065,0.98,0.75,0,0.75,3.75,8.037,4.287,294206.503,299550.253,45.3838,,46.31
4085,4085,0.75,25,0.1735,-0.75,-0.8065,0.98,1.5,0,0.75,3.75,8.0023,4.2523,294210.7553,299558.2553,45.1878,,46.11
4086,4086,1.5,50,0.98,0,0,0.98,1.5,0,0,0,56.1638,56.1638,294266.9191,299614.4191,56.1638,,57.31
4087,4087,1.5,50,0.97,0,0,0.97,1.5,0,0,0,59.6162,59.6162,294326.5353,299674.0353,59.6162,,61.46
4088,4088,1.5,50,0.98,0,0,0.98,1.5,0,0,0,65.856,65.856,294392.3913,299739.8913,65.856,,67.2
4089,4089,1.5,50,0.98,0,0,0.98,1.5,0,0,0,65.856,65.856,294458.2473,299805.7473,65.856,,67.2
4090,4090,1.5,50,0.94,0,0,0.94,1.5,0,0,0,63.168,63.168,294521.4153,299868.9153,63.168,,67.2
4091,4091,1.5,50,0.96,0,0,0.96,1.5,0,0,0,64.512,64.512,294585.9273,299933.4273,64.512,,67.2
4092,4092,1.5,50,0.96,0,0,0.96,1.5,0,0,0,64.512,64.512,294650.4393,299997.9393,64.512,,67.2
4093,4093,1.5,50,0.96,0,0,0.96,1.5,0,0,0,64.512,64.512,294714.9513,300062.4513,64.512,,67.2
4094,4094,1.5,50,0.96,0,0,0.96,1.5,0,0,0,64.512,64.512,294779.4633,300126.9633,64.512,,67.2
4095,4095,1.5,50,0.96,0,0,0.96,1.5,0,0,0,64.512,64.512,294843.9753,300191.4753,64.512,,67.2
4096,4096,1.5,50,0.98,0,0,0.98,1.5,0,0,0,65.856,65.856,294909.8313,300257.3313,65.856,,67.2
4097,4097,1.5,50,0.98,0,0,0.98,1.5,0,0,0,65.856,65.856,294975.6873,300323.1873,65.856,,67.2
4098,4098,1.5,50,0.87,0,0,0.87,1.5,0,0,0,58.464,58.464,295034.1513,300381.6513,58.464,,67.2
4099,4099,1.5,50,0.86,0,0,0.86,1.5,0,0,0,57.792,57.792,295091.9433,300439.4433,57.792,,67.2
4100,4100,1.5,50,0.87,0,0,0.87,1.5,0,0,0,53.3049,53.3049,295145.2482,300492.7482,53.3049,,61.27
4101,4101,1.5,50,0.88,0,0,0.88,1.5,0,0,0,46.684,46.684,295191.9322,300539.4322,46.684,,53.05
4102,4102,1.5,50,0.88,0,0,0.88,1.5,0,0,0,46.684,46.684,295238.6162,300586.1162,46.684,,53.05
4103,4103,1.5,50,0.88,0,0,0.88,1.5,0,0,0,52.14,52.14,295290.7562,300638.2562,52.14,,59.25
4104,4104,1.5,50,0.87,0,0,0.87,1.5,0,0,0,52.3392,52.3392,295343.0954,300690.5954,52.3392,,60.16
4105,4105,1.5,50,0.86,0,0,0.86,1.5,0,0,0,46.0444,46.0444,295389.1398,300736.6398,46.0444,,53.54
4106,4106,1.5,50,0.88,0,0,0.88,1.5,0,0,0,48.6464,48.6464,295437.7862,300785.2862,48.6464,,55.28
4107,4107,1.5,50,0.87,0,0,0.87,1.5,0,0,0,46.4058,46.4058,295484.192,300831.692,46.4058,,53.34
4108,4108,1.5,50,0.88,0,0,0.88,1.5,0,0,0,47.8456,47.8456,295532.0376,300879.5376,47.8456,,54.37
4109,4109,1.5,50,0.88,0,0,0.88,1.5,0,0,0,50.4152,50.4152,295582.4528,300929.9528,50.4152,,57.29
4110,4110,1.5,50,0.78,0,0,0.78,1.5,0,0,0,48.2352,48.2352,295630.688,300978.188,48.2352,,61.84
4111,4111,1.5,50,0.78,0,0,0.78,1.5,0,0,0,48.6954,48.6954,295679.3834,301026.8834,48.6954,,62.43
4112,4112,1.5,50,0.78,0,0,0.78,1.5,0,0,0,52.3926,52.3926,295731.776,301079.276,52.3926,,67.17
4113,4113,1.5,50,0.78,0,0,0.78,1.5,0,0,0,52.3926,52.3926,295784.1686,301131.6686,52.3926,,67.17
4114,4114,1.5,50,0.78,0,0,0.78,1.5,0,0,0,52.3926,52.3926,295836.5612,301184.0612,52.3926,,67.17
4115,4115,1.5,50,0.79,0,0,0.79,1.5,0,0,0,53.0643,53.0643,295889.6255,301237.1255,53.0643,,67.17
4116,4116,1.5,50,0.77,0,0,0.77,1.5,0,0,0,51.7209,51.7209,295941.3464,301288.8464,51.7209,,67.17
4117,4117,1.5,50,0.77,0,0,0.77,1.5,0,0,0,51.7209,51.7209,295993.0673,301340.5673,51.7209,,67.17
4118,4118,1.5,50,0.76,0,0,0.76,1.5,0,0,0,51.0492,51.0492,296044.1165,301391.6165,51.0492,,67.17
4119,4119,1.5,50,0.78,0,0,0.78,1.5,0,0,0,52.3926,52.3926,296096.5091,301444.0091,52.3926,,67.17
4120,4120,1.5,50,0.78,0,0,0.78,1.5,0,0,0,52.3926,52.3926,296148.9017,301496.4017,52.3926,,67.17
4121,4121,1.5,50,0.78,0,0,0.78,1.5,0,0,0,52.3926,52.3926,296201.2943,301548.7943,52.3926,,67.17
4122,4122,1.5,50,0.78,0,0,0.78,1.5,0,0,0,52.3926,52.3926,296253.6869,301601.1869,52.3926,,67.17
4123,4123,1.5,50,0.76,0,0,0.76,1.5,0,0,0,51.0492,51.0492,296304.7361,301652.2361,51.0492,,67.17
4124,4124,1.5,50,0.76,0,0,0.76,1.5,0,0,0,50.2588,50.2588,296354.9949,301702.4949,50.2588,,66.13
4125,4125,1.5,50,0.77,0,0,0.77,1.5,0,0,0,48.664,48.664,296403.6589,301751.1589,48.664,,63.2
4126,4126,1.5,50,0.77,0,0,0.77,1.5,0,0,0,45.7534,45.7534,296449.4123,301796.9123,45.7534,,59.42
4127,4127,1.5,50,0.77,0,0,0.77,1.5,0,0,0,47.3088,47.3088,296496.7211,301844.2211,47.3088,,61.44
4128,4128,1.5,50,0.77,0,0,0.77,1.5,0,0,0,48.7487,48.7487,296545.4698,301892.9698,48.7487,,63.31
4129,4129,1.5,50,0.87,0,0,0.87,1.5,0,0,0,50.1555,50.1555,296595.6253,301943.1253,50.1555,,57.65
4130,4130,1.5,50,0.87,0,0,0.87,1.5,0,0,0,49.503,49.503,296645.1283,301992.6283,49.503,,56.9
4131,4131,1.5,50,1.02,0,0,1.02,1.5,0,0,0,55.3452,55.3452,296700.4735,302047.9735,55.3452,,54.26
4132,4132,1.5,50,1.02,0,0,1.02,1.5,0,0,0,54.6924,54.6924,296755.1659,302102.6659,54.6924,,53.62
4133,4133,1.5,50,1.02,0,0,1.02,1.5,0,0,0,56.1306,56.1306,296811.2965,302158.7965,56.1306,,55.03
4134,4134,1.5,50,1.02,0,0,1.02,1.5,0,0,0,63.9846,63.9846,296875.2811,302222.7811,63.9846,,62.73
4135,4135,1.5,50,1.02,0,0,1.02,1.5,0,0,0,57.018,57.018,296932.2991,302279.7991,57.018,,55.9
4136,4136,1.5,50,1.07,0,0,1.07,1.5,0,0,0,65.6231,65.6231,296997.9222,302345.4222,65.6231,,61.33
4137,4137,1.5,50,1.07,0,0,1.07,1.5,0,0,0,71.9789,71.9789,297069.9011,302417.4011,71.9789,,67.27
4138,4138,1.5,50,1.07,0,0,1.07,1.5,0,0,0,71.9789,71.9789,297141.88,302489.38,71.9789,,67.27
4139,4139,1.5,50,1.545,0.5,0.475,1.07,1,0,0.5,2.5,103.9321,101.4321,297243.3121,302593.3121,71.9789,,67.27
4140,4140,1,33.33,1.16,0,0,1.16,1,0,0,0,72.9292,72.9292,297316.2413,302666.2413,72.9292,,62.87
4141,4141,1,33.33,1.16,0,0,1.16,1,0,0,0,72.8596,72.8596,297389.1009,302739.1009,72.8596,,62.81
4142,4142,1,33.33,1.17,0,0,1.17,1,0,0,0,64.5723,64.5723,297453.6732,302803.6732,64.5723,,55.19
4143,4143,1,33.33,1.17,0,0,1.17,1,0,0,0,69.6033,69.6033,297523.2765,302873.2765,69.6033,,59.49
4144,4144,1,33.33,1.21,0,0,1.21,1,0,0,0,81.1547,81.1547,297604.4312,302954.4312,81.1547,,67.07
4145,4145,1,33.33,1.21,0,0,1.21,1,0,0,0,81.3967,81.3967,297685.8279,303035.8279,81.3967,,67.27
4146,4146,1,33.33,1.675,0.5,0.475,1.2,0.5,0,0.5,2.5,112.6772,110.1772,297796.0051,303148.5051,80.724,,67.27
4147,4147,0.5,16.67,1.675,0.5,0.475,1.2,0,0,0.5,2.5,112.6772,110.1772,297906.1823,303261.1823,80.724,,67.27
4148,4148,0,0,1.21,0,0,1.21,0,0,0,0,81.3967,81.3967,297987.579,303342.579,81.3967,,67.27
4149,4149,0,0,1.22,0,0,1.22,0,0,0,0,82.0694,82.0694,298069.6484,303424.6484,82.0694,,67.27
4150,4150,0,0,1.21,0,0,1.21,0,0,0,0,74.0883,74.0883,298143.7367,303498.7367,74.0883,,61.23
4151,4151,0,0,1.22,0,0,1.22,0,0,0,0,71.3822,71.3822,298215.1189,303570.1189,71.3822,,58.51
4152,4152,0,0,1.07,0,0,1.07,0,0,0,0,65.5268,65.5268,298280.6457,303635.6457,65.5268,,61.24
4153,4153,0,0,1.06,0,0,1.06,0,0,0,0,62.2326,62.2326,298342.8783,303697.8783,62.2326,,58.71
4154,4154,0,0,1.07,0,0,1.07,0,0,0,0,54.8589,54.8589,298397.7372,303752.7372,54.8589,,51.27
4155,4155,0,0,1.07,0,0,1.07,0,0,0,0,61.4073,61.4073,298459.1445,303814.1445,61.4073,,57.39
4156,4156,0,0,1.08,0,0,1.08,0,0,0,0,66.0204,66.0204,298525.1649,303880.1649,66.0204,,61.13
4157,4157,0,0,1.07,0,0,1.07,0,0,0,0,54.9659,54.9659,298580.1308,303935.1308,54.9659,,51.37
4158,4158,0,0,1.07,0,0,1.07,0,0,0,0,71.4225,71.4225,298651.5533,304006.5533,71.4225,,66.75
4159,4159,0,0,1.07,0,0,1.07,0,0,0,0,71.4225,71.4225,298722.9758,304077.9758,71.4225,,66.75
4160,4160,0,0,1.07,0,0,1.07,0,0,0,0,68.9401,68.9401,298791.9159,304146.9159,68.9401,,64.43
4161,4161,0,0,1.07,0,0,1.07,0,0,0,0,67.8273,67.8273,298859.7432,304214.7432,67.8273,,63.39
4162,4162,0,0,1.06,0,0,1.06,0,0,0,0,45.9828,45.9828,298905.726,304260.726,45.9828,,43.38
4163,4163,0,0,0.2535,-0.75,-0.8065,1.06,0.75,0,0.75,3.75,8.2124,4.4624,298910.1884,304268.9384,34.3334,,32.39
4164,4164,0.75,25,1.06,0,0,1.06,0.75,0,0,0,34.5984,34.5984,298944.7868,304303.5368,34.5984,,32.64
4165,4165,0.75,25,0.5224,-0.5,-0.5376,1.06,1.25,0,0.5,2.5,16.9978,14.4978,298959.2846,304320.5346,34.4924,,32.54
4166,4166,1.25,41.67,0.2535,-0.75,-0.8065,1.06,2,0,0.75,3.75,5,1.25,298960.5346,304325.5346,20.9032,,19.72
4167,4167,2,66.67,0.0247,-1,-1.0753,1.1,3,0,1,5,0.6828,-4.3172,298956.2174,304326.2174,30.371,,27.61
4168,4168,3,100,1.1,0,0,1.1,3,0,0,0,62.909,62.909,299019.1264,304389.1264,62.909,,57.19
4169,4169,3,100,2.05,1,0.95,1.1,2,0,1,5,137.4525,132.4525,299151.5789,304526.5789,73.755,,67.05
4170,4170,2,66.67,2.05,1,0.95,1.1,1,0,1,5,137.4525,132.4525,299284.0314,304664.0314,73.755,,67.05
4171,4171,1,33.33,2.05,1,0.95,1.1,0,0,1,5,137.4525,132.4525,299416.4839,304801.4839,73.755,,67.05
4172,4172,0,0,1.11,0,0,1.11,0,0,0,0,72.2166,72.2166,299488.7005,304873.7005,72.2166,,65.06
4173,4173,0,0,1.11,0,0,1.11,0,0,0,0,72.2166,72.2166,299560.9171,304945.9171,72.2166,,65.06
4174,4174,0,0,1.06,0,0,1.06,0,0,0,0,60.2398,60.2398,299621.1569,305006.1569,60.2398,,56.83
4175,4175,0,0,0.2535,-0.75,-0.8065,1.06,0.75,0,0.75,3.75,9.001,5.251,299626.4079,305015.1579,37.63,,35.5
4176,4176,0.75,25,1.05,0,0,1.05,0.75,0,0,0,59.5455,59.5455,299685.9534,305074.7034,59.5455,,56.71
4177,4177,0.75,25,1.05,0,0,1.05,0.75,0,0,0,53.8335,53.8335,299739.7869,305128.5369,53.8335,,51.27
4178,4178,0.75,25,0.2435,-0.75,-0.8065,1.05,1.5,0,0.75,3.75,9.3182,5.5682,299745.3551,305137.8551,40.173,,38.26
4179,4179,1.5,50,0.2435,-0.75,-0.8065,1.05,2.25,0,0.75,3.75,10.5651,6.8151,299752.1702,305148.4202,45.549,,43.38
4180,4180,2.25,75,0.2435,-0.75,-0.8065,1.05,3,0,0.75,3.75,10.5651,6.8151,299758.9853,305158.9853,45.549,,43.38
4181,4181,3,100,1.06,0,0,1.06,3,0,0,0,54.3462,54.3462,299813.3315,305213.3315,54.3462,,51.27
4182,4182,3,100,1.06,0,0,1.06,3,0,0,0,61.5754,61.5754,299874.9069,305274.9069,61.5754,,58.09
4183,4183,3,100,1.06,0,0,1.06,3,0,0,0,66.886,66.886,299941.7929,305341.7929,66.886,,63.1
4184,4184,3,100,1.3975,0.25,0.2375,1.16,2.75,0,0.25,1.25,93.7024,92.4524,300034.2453,305435.4953,77.778,,67.05
4185,4185,2.75,91.67,2.8125,1.75,1.6625,1.15,1,0,1.75,8.75,188.5781,179.8281,300214.0734,305624.0734,77.1075,,67.05
4186,4186,1,33.33,1.15,0,0,1.15,1,0,0,0,61.111,61.111,300275.1844,305685.1844,61.111,,53.14
4187,4187,1,33.33,1.15,0,0,1.15,1,0,0,0,65.044,65.044,300340.2284,305750.2284,65.044,,56.56
4188,4188,1,33.33,0.1247,-1,-1.0753,1.2,2,0,1,5,4.4616,-0.5384,300339.69,305754.69,42.924,,35.77
4189,4189,2,66.67,0.1247,-1,-1.0753,1.2,3,0,1,5,6.1879,1.1879,300340.8779,305760.8779,59.532,,49.61
4190,4190,3,100,1.2,0,0,1.2,3,0,0,0,65.784,65.784,300406.6619,305826.6619,65.784,,54.82
4191,4191,3,100,1.15,0,0,1.15,3,0,0,0,58.9605,58.9605,300465.6224,305885.6224,58.9605,,51.27
4192,4192,3,100,1.16,0,0,1.16,3,0,0,0,77.778,77.778,300543.4004,305963.4004,77.778,,67.05
4193,4193,3,100,2.555,1.5,1.425,1.13,1.5,0,1.5,7.5,171.3127,163.8127,300707.2131,306134.7131,75.7665,,67.05
4194,4194,1.5,50,1.8525,0.75,0.7125,1.14,0.75,0,0.75,3.75,124.2101,120.4601,300827.6732,306258.9232,76.437,,67.05
4195,4195,0.75,25,1.8525,0.75,0.7125,1.14,0,0,0.75,3.75,124.2101,120.4601,300948.1333,306383.1333,76.437,,67.05
4196,4196,0,0,1.14,0,0,1.14,0,0,0,0,75.696,75.696,301023.8293,306458.8293,75.696,,66.4
4197,4197,0,0,1.15,0,0,1.15,0,0,0,0,69.1955,69.1955,301093.0248,306528.0248,69.1955,,60.17
4198,4198,0,0,1.15,0,0,1.15,0,0,0,0,51.589,51.589,301144.6138,306579.6138,51.589,,44.86
4199,4199,0,0,1.15,0,0,1.15,0,0,0,0,37.2485,37.2485,301181.8623,306616.8623,37.2485,,32.39
4200,4200,0,0,1.15,0,0,1.15,0,0,0,0,36.2825,36.2825,301218.1448,306653.1448,36.2825,,31.55
4201,4201,0,0,0.0747,-1,-1.0753,1.15,1,0,1,5,2.3443,-2.6557,301215.4891,306655.4891,36.0755,,31.37
4202,4202,1,33.33,0.0747,-1,-1.0753,1.15,2,0,1,5,2.0633,-2.9367,301212.5524,306657.5524,31.7515,,27.61
4203,4203,2,66.67,1.16,0,0,1.16,2,0,0,0,36.3892,36.3892,301248.9416,306693.9416,36.3892,,31.37
4204,4204,2,66.67,0.0747,-1,-1.0753,1.15,3,0,1,5,2.2105,-2.7895,301246.1521,306696.1521,34.017,,29.58
4205,4205,3,100,1.16,0,0,1.16,3,0,0,0,37.5724,37.5724,301283.7245,306733.7245,37.5724,,32.39
4206,4206,3,100,1.16,0,0,1.16,3,0,0,0,37.5724,37.5724,301321.2969,306771.2969,37.5724,,32.39
4207,4207,3,100,1.16,0,0,1.16,3,0,0,0,37.5724,37.5724,301358.8693,306808.8693,37.5724,,32.39
4208,4208,3,100,1.16,0,0,1.16,3,0,0,0,63.8812,63.8812,301422.7505,306872.7505,63.8812,,55.07
4209,4209,3,100,2.11,1,0.95,1.16,2,0,1,5,137.2344,132.2344,301554.9849,307009.9849,75.4464,,65.04
4210,4210,2,66.67,0.0747,-1,-1.0753,1.15,3,0,1,5,3.552,-1.448,301553.5369,307013.5369,54.6595,,47.53
4211,4211,3,100,1.14,0,0,1.14,3,0,0,0,72.9714,72.9714,301626.5083,307086.5083,72.9714,,64.01
4212,4212,3,100,1.15,0,0,1.15,3,0,0,0,59.0755,59.0755,301685.5838,307145.5838,59.0755,,51.37
4213,4213,3,100,1.14,0,0,1.14,3,0,0,0,68.2746,68.2746,301753.8584,307213.8584,68.2746,,59.89
4214,4214,3,100,1.14,0,0,1.14,3,0,0,0,74.1456,74.1456,301828.004,307288.004,74.1456,,65.04
4215,4215,3,100,1.15,0,0,1.15,3,0,0,0,68.034,68.034,301896.038,307356.038,68.034,,59.16
4216,4216,3,100,1.16,0,0,1.16,3,0,0,0,77.778,77.778,301973.816,307433.816,77.778,,67.05
4217,4217,3,100,2.3475,1.25,1.1875,1.16,1.75,0,1.25,6.25,157.3999,151.1499,302124.9659,307591.2159,77.778,,67.05
4218,4218,1.75,58.33,2.8225,1.75,1.6625,1.16,0,0,1.75,8.75,189.2486,180.4986,302305.4645,307780.4645,77.778,,67.05
4219,4219,0,0,1.15,0,0,1.15,0,0,0,0,77.1075,77.1075,302382.572,307857.572,77.1075,,67.05
4220,4220,0,0,1.16,0,0,1.16,0,0,0,0,76.6064,76.6064,302459.1784,307934.1784,76.6064,,66.04
4221,4221,0,0,1.15,0,0,1.15,0,0,0,0,77.1075,77.1075,302536.2859,308011.2859,77.1075,,67.05
4222,4222,0,0,1.16,0,0,1.16,0,0,0,0,70.0292,70.0292,302606.3151,308081.3151,70.0292,,60.37
4223,4223,0,0,1.16,0,0,1.16,0,0,0,0,64.0552,64.0552,302670.3703,308145.3703,64.0552,,55.22
4224,4224,0,0,2.22,0,0,2.22,0,0,0,0,132.8448,132.8448,302803.2151,308278.2151,132.8448,,59.84
4225,4225,0,0,2.32,0,0,2.32,0,0,0,0,117.5312,117.5312,302920.7463,308395.7463,117.5312,,50.66
4226,4226,0,0,2.32,0,0,2.32,0,0,0,0,131.4976,131.4976,303052.2439,308527.2439,131.4976,,56.68
4227,4227,0,0,2.33,0,0,2.33,0,0,0,0,117.9912,117.9912,303170.2351,308645.2351,117.9912,,50.64
4228,4228,0,0,0.1795,-2,-2.1505,2.33,2,0,2,10,7.8676,-2.1324,303168.1027,308653.1027,102.1472,,43.84
4229,4229,2,66.67,0.6747,-1,-1.0753,1.75,3,0,1,5,32.4681,27.4681,303195.5708,308685.5708,84.21,,48.12
4230,4230,3,100,1.17,0,0,1.17,3,0,0,0,72.9495,72.9495,303268.5203,308758.5203,72.9495,,62.35
4231,4231,3,100,1.17,0,0,1.17,3,0,0,0,77.5008,77.5008,303346.0211,308836.0211,77.5008,,66.24
4232,4232,3,100,1.16,0,0,1.16,3,0,0,0,76.8384,76.8384,303422.8595,308912.8595,76.8384,,66.24
4233,4233,3,100,0.9375,0.25,0.2375,0.7,2.75,0,0.25,1.25,62.1,60.85,303483.7095,308974.9595,46.368,,66.24
4234,4234,2.75,91.67,1.15,0,0,1.15,2.75,0,0,0,76.176,76.176,303559.8855,309051.1355,76.176,,66.24
4235,4235,2.75,91.67,1.605,0.5,0.475,1.13,2.25,0,0.5,2.5,106.3152,103.8152,303663.7007,309157.4507,74.8512,,66.24
4236,4236,2.25,75,1.615,0.5,0.475,1.14,1.75,0,0.5,2.5,106.9776,104.4776,303768.1783,309264.4283,75.5136,,66.24
4237,4237,1.75,58.33,1.615,0.5,0.475,1.14,1.25,0,0.5,2.5,106.9776,104.4776,303872.6559,309371.4059,75.5136,,66.24
4238,4238,1.25,41.67,1.13,0,0,1.13,1.25,0,0,0,74.1958,74.1958,303946.8517,309445.6017,74.1958,,65.66
4239,4239,1.25,41.67,1.15,0,0,1.15,1.25,0,0,0,64.5265,64.5265,304011.3782,309510.1282,64.5265,,56.11
4240,4240,1.25,41.67,1.15,0,0,1.15,1.25,0,0,0,72.726,72.726,304084.1042,309582.8542,72.726,,63.24
4241,4241,1.25,41.67,1.16,0,0,1.16,1.25,0,0,0,76.8384,76.8384,304160.9426,309659.6926,76.8384,,66.24
4242,4242,1.25,41.67,2.3475,1.25,1.1875,1.16,0,0,1.25,6.25,155.4984,149.2484,304310.191,309815.191,76.8384,,66.24
4243,4243,0,0,1.17,0,0,1.17,0,0,0,0,71.6976,71.6976,304381.8886,309886.8886,71.6976,,61.28
4244,4244,0,0,1.17,0,0,1.17,0,0,0,0,59.2722,59.2722,304441.1608,309946.1608,59.2722,,50.66
4245,4245,0,0,1.17,0,0,1.17,0,0,0,0,66.105,66.105,304507.2658,310012.2658,66.105,,56.5
4246,4246,0,0,1.16,0,0,1.16,0,0,0,0,65.54,65.54,304572.8058,310077.8058,65.54,,56.5
4247,4247,0,0,0.0847,-1,-1.0753,1.16,1,0,1,5,3.5596,-1.4404,304571.3654,310081.3654,48.7316,,42.01
4248,4248,1,33.33,2.12,1,0.95,1.17,0,0,1,5,127.3272,122.3272,304693.6926,310208.6926,70.2702,,60.06
4249,4249,0,0,1.15,0,0,1.15,0,0,0,0,68.333,68.333,304762.0256,310277.0256,68.333,,59.42
4250,4250,0,0,1.15,0,0,1.15,0,0,0,0,58.1095,58.1095,304820.1351,310335.1351,58.1095,,50.53
4251,4251,0,0,0.0847,-1,-1.0753,1.16,1,0,1,5,2.9639,-2.0361,304818.099,310338.099,40.5768,,34.98
4252,4252,1,33.33,0.0847,-1,-1.0753,1.16,2,0,1,5,2.7055,-2.2945,304815.8045,310340.8045,37.0388,,31.93
4253,4253,2,66.67,0.0847,-1,-1.0753,1.16,3,0,1,5,2.7055,-2.2945,304813.51,310343.51,37.0388,,31.93
4254,4254,3,100,1.16,0,0,1.16,3,0,0,0,49.6016,49.6016,304863.1116,310393.1116,49.6016,,42.76
4255,4255,3,100,1.16,0,0,1.16,3,0,0,0,68.6372,68.6372,304931.7488,310461.7488,68.6372,,59.17
4256,4256,3,100,2.3475,1.25,1.1875,1.16,1.75,0,1.25,6.25,155.1228,148.8728,305080.6216,310616.8716,76.6528,,66.08
4257,4257,1.75,58.33,2.565,1.5,1.425,1.14,0.25,0,1.5,7.5,169.4952,161.9952,305242.6168,310786.3668,75.3312,,66.08
4258,4258,0.25,8.33,1.13,0,0,1.13,0.25,0,0,0,63.6868,63.6868,305306.3036,310850.0536,63.6868,,56.36
4259,4259,0.25,8.33,1.13,0,0,1.13,0.25,0,0,0,65.9694,65.9694,305372.273,310916.023,65.9694,,58.38
4260,4260,0.25,8.33,1.14,0,0,1.14,0.25,0,0,0,57.684,57.684,305429.957,310973.707,57.684,,50.6
4261,4261,0.25,8.33,1.14,0,0,1.14,0.25,0,0,0,64.4328,64.4328,305494.3898,311038.1398,64.4328,,56.52
4262,4262,0.25,8.33,1.14,0,0,1.14,0.25,0,0,0,66.3594,66.3594,305560.7492,311104.4992,66.3594,,58.21
4263,4263,0.25,8.33,2.32,0,0,2.32,0.25,0,0,0,120.6632,120.6632,305681.4124,311225.1624,120.6632,,52.01
4264,4264,0.25,8.33,2.32,0,0,2.32,0.25,0,0,0,139.2,139.2,305820.6124,311364.3624,139.2,,60
4265,4265,0.25,8.33,2.31,0,0,2.31,0.25,0,0,0,152.6448,152.6448,305973.2572,311517.0072,152.6448,,66.08
4266,4266,0.25,8.33,2.5575,0.25,0.2375,2.32,0,0,0.25,1.25,168.9996,167.7496,306141.0068,311686.0068,153.3056,,66.08
4267,4267,0,0,1.18,0,0,1.18,0,0,0,0,75.461,75.461,306216.4678,311761.4678,75.461,,63.95
4268,4268,0,0,1.17,0,0,1.17,0,0,0,0,67.5207,67.5207,306283.9885,311828.9885,67.5207,,57.71
4269,4269,0,0,1.17,0,0,1.17,0,0,0,0,69.5214,69.5214,306353.5099,311898.5099,69.5214,,59.42
4270,4270,0,0,1.17,0,0,1.17,0,0,0,0,67.5207,67.5207,306421.0306,311966.0306,67.5207,,57.71
4271,4271,0,0,1.16,0,0,1.16,0,0,0,0,49.8336,49.8336,306470.8642,312015.8642,49.8336,,42.96
4272,4272,0,0,0.0847,-1,-1.0753,1.16,1,0,1,5,2.68,-2.32,306468.5442,312018.5442,36.6908,,31.63
4273,4273,1,33.33,0.0847,-1,-1.0753,1.16,2,0,1,5,2.68,-2.32,306466.2242,312021.2242,36.6908,,31.63
4274,4274,2,66.67,1.16,0,0,1.16,2,0,0,0,36.6908,36.6908,306502.915,312057.915,36.6908,,31.63
4275,4275,2,66.67,1.16,0,0,1.16,2,0,0,0,40.2056,40.2056,306543.1206,312098.1206,40.2056,,34.66
4276,4276,2,66.67,0.0847,-1,-1.0753,1.16,3,0,1,5,2.5758,-2.4242,306540.6964,312100.6964,35.264,,30.4
4277,4277,3,100,1.16,0,0,1.16,3,0,0,0,36.6908,36.6908,306577.3872,312137.3872,36.6908,,31.63
4278,4278,3,100,1.16,0,0,1.16,3,0,0,0,62.0948,62.0948,306639.482,312199.482,62.0948,,53.53
4279,4279,3,100,1.16,0,0,1.16,3,0,0,0,57.6288,57.6288,306697.1108,312257.1108,57.6288,,49.68
4280,4280,3,100,1.16,0,0,1.16,3,0,0,0,64.7744,64.7744,306761.8852,312321.8852,64.7744,,55.84
4281,4281,3,100,1.625,0.5,0.475,1.15,2.5,0,0.5,2.5,106.3888,103.8888,306865.774,312428.274,75.2905,,65.47
4282,4282,2.5,83.33,2.575,1.5,1.425,1.15,1,0,1.5,7.5,168.5852,161.0852,307026.8592,312596.8592,75.2905,,65.47
4283,4283,1,33.33,1.14,0,0,1.14,1,0,0,0,71.877,71.877,307098.7362,312668.7362,71.877,,63.05
4284,4284,1,33.33,1.14,0,0,1.14,1,0,0,0,59.2002,59.2002,307157.9364,312727.9364,59.2002,,51.93
4285,4285,1,33.33,1.14,0,0,1.14,1,0,0,0,56.829,56.829,307214.7654,312784.7654,56.829,,49.85
4286,4286,1,33.33,1.14,0,0,1.14,1,0,0,0,64.7862,64.7862,307279.5516,312849.5516,64.7862,,56.83
4287,4287,1,33.33,1.16,0,0,1.16,1,0,0,0,62.0484,62.0484,307341.6,312911.6,62.0484,,53.49
4288,4288,1,33.33,1.16,0,0,1.16,1,0,0,0,68.2776,68.2776,307409.8776,312979.8776,68.2776,,58.86
4289,4289,1,33.33,1.16,0,0,1.16,1,0,0,0,73.4396,73.4396,307483.3172,313053.3172,73.4396,,63.31
4290,4290,1,33.33,2.795,0.5,0.475,2.32,0.5,0,0.5,2.5,182.9886,180.4886,307663.8058,313236.3058,151.8904,,65.47
4291,4291,0.5,16.67,2.805,0.5,0.475,2.33,0,0,0.5,2.5,183.6433,181.1433,307844.9491,313419.9491,152.5451,,65.47
4292,4292,0,0,2.33,0,0,2.33,0,0,0,0,139.8932,139.8932,307984.8423,313559.8423,139.8932,,60.04
4293,4293,0,0,2.33,0,0,2.33,0,0,0,0,119.9018,119.9018,308104.7441,313679.7441,119.9018,,51.46
4294,4294,0,0,1.17,0,0,1.17,0,0,0,0,58.5702,58.5702,308163.3143,313738.3143,58.5702,,50.06
4295,4295,0,0,1.17,0,0,1.17,0,0,0,0,58.5702,58.5702,308221.8845,313796.8845,58.5702,,50.06
4296,4296,0,0,1.16,0,0,1.16,0,0,0,0,70.2496,70.2496,308292.1341,313867.1341,70.2496,,60.56
4297,4297,0,0,1.16,0,0,1.16,0,0,0,0,68.2312,68.2312,308360.3653,313935.3653,68.2312,,58.82
4298,4298,0,0,1.16,0,0,1.16,0,0,0,0,67.0712,67.0712,308427.4365,314002.4365,67.0712,,57.82
4299,4299,0,0,1.16,0,0,1.16,0,0,0,0,63.7652,63.7652,308491.2017,314066.2017,63.7652,,54.97
4300,4300,0,0,0.0847,-1,-1.0753,1.16,1,0,1,5,3.9137,-1.0863,308490.1154,314070.1154,53.5804,,46.19
4301,4301,1,33.33,1.16,0,0,1.16,1,0,0,0,58.174,58.174,308548.2894,314128.2894,58.174,,50.15
4302,4302,1,33.33,1.16,0,0,1.16,1,0,0,0,65.9112,65.9112,308614.2006,314194.2006,65.9112,,56.82
4303,4303,1,33.33,1.16,0,0,1.16,1,0,0,0,67.976,67.976,308682.1766,314262.1766,67.976,,58.6
4304,4304,1,33.33,1.15,0,0,1.15,1,0,0,0,68.7585,68.7585,308750.9351,314330.9351,68.7585,,59.79
4305,4305,1,33.33,1.15,0,0,1.15,1,0,0,0,69.644,69.644,308820.5791,314400.5791,69.644,,60.56
4306,4306,1,33.33,1.15,0,0,1.15,1,0,0,0,69.8625,69.8625,308890.4416,314470.4416,69.8625,,60.75
4307,4307,1,33.33,2.1,1,0.95,1.15,0,0,1,5,135.807,130.807,309021.2486,314606.2486,74.3705,,64.67
4308,4308,0,0,1.31,0,0,1.31,0,0,0,0,76.766,76.766,309098.0146,314683.0146,76.766,,58.6
4309,4309,0,0,2.31,0,0,2.31,0,0,0,0,135.8742,135.8742,309233.8888,314818.8888,135.8742,,58.82
4310,4310,0,0,2.32,0,0,2.32,0,0,0,0,136.4624,136.4624,309370.3512,314955.3512,136.4624,,58.82
4311,4311,0,0,2.31,0,0,2.31,0,0,0,0,135.366,135.366,309505.7172,315090.7172,135.366,,58.6
4312,4312,0,0,0.4183,-1.75,-1.8817,2.3,1.75,0,1.75,8.75,18.9983,10.2483,309515.9655,315109.7155,104.466,,45.42
4313,4313,1.75,58.33,1.17,0,0,1.17,1.75,0,0,0,58.6755,58.6755,309574.641,315168.391,58.6755,,50.15
4314,4314,1.75,58.33,2.8325,1.75,1.6625,1.17,0,0,1.75,8.75,177.3145,168.5645,309743.2055,315345.7055,73.242,,62.6
4315,4315,0,0,1.16,0,0,1.16,0,0,0,0,67.0712,67.0712,309810.2767,315412.7767,67.0712,,57.82
4316,4316,0,0,1.16,0,0,1.16,0,0,0,0,67.0712,67.0712,309877.3479,315479.8479,67.0712,,57.82
4317,4317,0,0,1.16,0,0,1.16,0,0,0,0,70.2496,70.2496,309947.5975,315550.0975,70.2496,,60.56
4318,4318,0,0,1.16,0,0,1.16,0,0,0,0,62.8488,62.8488,310010.4463,315612.9463,62.8488,,54.18
4319,4319,0,0,1.16,0,0,1.16,0,0,0,0,50.9008,50.9008,310061.3471,315663.8471,50.9008,,43.88
4320,4320,0,0,1.16,0,0,1.16,0,0,0,0,67.3148,67.3148,310128.6619,315731.1619,67.3148,,58.03
4321,4321,0,0,1.16,0,0,1.16,0,0,0,0,67.3148,67.3148,310195.9767,315798.4767,67.3148,,58.03
4322,4322,0,0,1.16,0,0,1.16,0,0,0,0,66.7928,66.7928,310262.7695,315865.2695,66.7928,,57.58
4323,4323,0,0,1.16,0,0,1.16,0,0,0,0,67.048,67.048,310329.8175,315932.3175,67.048,,57.8
4324,4324,0,0,1.15,0,0,1.15,0,0,0,0,63.089,63.089,310392.9065,315995.4065,63.089,,54.86
4325,4325,0,0,1.15,0,0,1.15,0,0,0,0,62.8475,62.8475,310455.754,316058.254,62.8475,,54.65
4326,4326,0,0,1.15,0,0,1.15,0,0,0,0,63.3765,63.3765,310519.1305,316121.6305,63.3765,,55.11
4327,4327,0,0,1.16,0,0,1.16,0,0,0,0,44.8804,44.8804,310564.0109,316166.5109,44.8804,,38.69
4328,4328,0,0,1.17,0,0,1.17,0,0,0,0,40.7394,40.7394,310604.7503,316207.2503,40.7394,,34.82
4329,4329,0,0,1.15,0,0,1.15,0,0,0,0,34.4195,34.4195,310639.1698,316241.6698,34.4195,,29.93
4330,4330,0,0,0.0747,-1,-1.0753,1.15,1,0,1,5,1.1613,-3.8387,310635.3311,316242.8311,17.871,,15.54
4331,4331,1,33.33,1.15,0,0,1.15,1,0,0,0,22.264,22.264,310657.5951,316265.0951,22.264,,19.36
4332,4332,1,33.33,0.0747,-1,-1.0753,1.15,2,0,1,5,1.3011,-3.6989,310653.8962,316266.3962,20.0215,,17.41
4333,4333,2,66.67,1.15,0,0,1.15,2,0,0,0,34.4195,34.4195,310688.3157,316300.8157,34.4195,,29.93
4334,4334,2,66.67,1.14,0,0,1.14,2,0,0,0,36.2178,36.2178,310724.5335,316337.0335,36.2178,,31.77
4335,4335,2,66.67,0.0747,-1,-1.0753,1.15,3,0,1,5,1.0119,-3.9881,310720.5454,316338.0454,15.571,,13.54
4336,4336,3,100,1.16,0,0,1.16,3,0,0,0,58.3364,58.3364,310778.8818,316396.3818,58.3364,,50.29
4337,4337,3,100,1.17,0,0,1.17,3,0,0,0,67.8951,67.8951,310846.7769,316464.2769,67.8951,,58.03
4338,4338,3,100,2.8325,1.75,1.6625,1.17,1.25,0,1.75,8.75,177.8527,169.1027,311015.8796,316642.1296,73.4643,,62.79
4339,4339,1.25,41.67,2.3475,1.25,1.1875,1.16,0,0,1.25,6.25,143.714,137.464,311153.3436,316785.8436,71.0152,,61.22
4340,4340,0,0,1.16,0,0,1.16,0,0,0,0,67.3148,67.3148,311220.6584,316853.1584,67.3148,,58.03
4341,4341,0,0,1.16,0,0,1.16,0,0,0,0,67.3148,67.3148,311287.9732,316920.4732,67.3148,,58.03
4342,4342,0,0,1.16,0,0,1.16,0,0,0,0,34.7188,34.7188,311322.692,316955.192,34.7188,,29.93
4343,4343,0,0,0.0947,-1,-1.0753,1.17,1,0,1,5,1.8321,-3.1679,311319.5241,316957.0241,22.6278,,19.34
4344,4344,1,33.33,1.16,0,0,1.16,1,0,0,0,49.3232,49.3232,311368.8473,317006.3473,49.3232,,42.52
4345,4345,1,33.33,1.16,0,0,1.16,1,0,0,0,36.8532,36.8532,311405.7005,317043.2005,36.8532,,31.77
4346,4346,1,33.33,0.0847,-1,-1.0753,1.16,2,0,1,5,1.6387,-3.3613,311402.3392,317044.8392,22.4344,,19.34
4347,4347,2,66.67,1.16,0,0,1.16,2,0,0,0,36.8532,36.8532,311439.1924,317081.6924,36.8532,,31.77
4348,4348,2,66.67,1.17,0,0,1.17,2,0,0,0,35.1702,35.1702,311474.3626,317116.8626,35.1702,,30.06
4349,4349,2,66.67,1.15,0,0,1.15,2,0,0,0,35.121,35.121,311509.4836,317151.9836,35.121,,30.54
4350,4350,2,66.67,0.0947,-1,-1.0753,1.17,3,0,1,5,2.2906,-2.7094,311506.7742,317154.2742,28.2906,,24.18
4351,4351,3,100,1.16,0,0,1.16,3,0,0,0,36.8532,36.8532,311543.6274,317191.1274,36.8532,,31.77
4352,4352,3,100,1.16,0,0,1.16,3,0,0,0,74.878,74.878,311618.5054,317266.0054,74.878,,64.55
4353,4353,3,100,1.625,0.5,0.475,1.15,2.5,0,0.5,2.5,106.8762,104.3762,311722.8816,317372.8816,75.6355,,65.77
4354,4354,2.5,83.33,1.15,0,0,1.15,2.5,0,0,0,69.782,69.782,311792.6636,317442.6636,69.782,,60.68
4355,4355,2.5,83.33,1.14,0,0,1.14,2.5,0,0,0,68.3544,68.3544,311861.018,317511.018,68.3544,,59.96
4356,4356,2.5,83.33,1.15,0,0,1.15,2.5,0,0,0,64.446,64.446,311925.464,317575.464,64.446,,56.04
4357,4357,2.5,83.33,1.15,0,0,1.15,2.5,0,0,0,68.6665,68.6665,311994.1305,317644.1305,68.6665,,59.71
4358,4358,2.5,83.33,1.15,0,0,1.15,2.5,0,0,0,68.6665,68.6665,312062.797,317712.797,68.6665,,59.71
4359,4359,2.5,83.33,1.15,0,0,1.15,2.5,0,0,0,63.089,63.089,312125.886,317775.886,63.089,,54.86
4360,4360,2.5,83.33,2.32,0,0,2.32,2.5,0,0,0,140.4528,140.4528,312266.3388,317916.3388,140.4528,,60.54
4361,4361,2.5,83.33,2.805,0.5,0.475,2.33,2,0,0.5,2.5,184.4848,181.9848,312448.3236,318100.8236,153.2441,,65.77
4362,4362,2,66.67,2.33,0,0,2.33,2,0,0,0,153.1975,153.1975,312601.5211,318254.0211,153.1975,,65.75
4363,4363,2,66.67,2.33,0,0,2.33,2,0,0,0,139.7068,139.7068,312741.2279,318393.7279,139.7068,,59.96
4364,4364,2,66.67,1.17,0,0,1.17,2,0,0,0,61.1091,61.1091,312802.337,318454.837,61.1091,,52.23
4365,4365,2,66.67,1.17,0,0,1.17,2,0,0,0,67.4154,67.4154,312869.7524,318522.2524,67.4154,,57.62
4366,4366,2,66.67,1.17,0,0,1.17,2,0,0,0,64.1862,64.1862,312933.9386,318586.4386,64.1862,,54.86
4367,4367,2,66.67,1.16,0,0,1.16,2,0,0,0,65.0064,65.0064,312998.945,318651.445,65.0064,,56.04
4368,4368,2,66.67,1.16,0,0,1.16,2,0,0,0,67.1988,67.1988,313066.1438,318718.6438,67.1988,,57.93
4369,4369,2,66.67,1.15,0,0,1.15,2,0,0,0,60.0645,60.0645,313126.2083,318778.7083,60.0645,,52.23
4370,4370,2,66.67,0.0847,-1,-1.0753,1.16,3,0,1,5,4.1256,-0.8744,313125.3339,318782.8339,56.4804,,48.69
4371,4371,3,100,1.16,0,0,1.16,3,0,0,0,60.5752,60.5752,313185.9091,318843.4091,60.5752,,52.22
4372,4372,3,100,1.16,0,0,1.16,3,0,0,0,62.756,62.756,313248.6651,318906.1651,62.756,,54.1
4373,4373,3,100,1.16,0,0,1.16,3,0,0,0,62.0252,62.0252,313310.6903,318968.1903,62.0252,,53.47
4374,4374,3,100,1.16,0,0,1.16,3,0,0,0,67.3148,67.3148,313378.0051,319035.5051,67.3148,,58.03
4375,4375,3,100,1.16,0,0,1.16,3,0,0,0,75.9568,75.9568,313453.9619,319111.4619,75.9568,,65.48
4376,4376,3,100,1.06,0,0,1.06,3,0,0,0,69.7162,69.7162,313523.6781,319181.1781,69.7162,,65.77
4377,4377,3,100,1.05,0,0,1.05,3,0,0,0,69.0585,69.0585,313592.7366,319250.2366,69.0585,,65.77
4378,4378,3,100,1.05,0,0,1.05,3,0,0,0,69.0585,69.0585,313661.7951,319319.2951,69.0585,,65.77
4379,4379,3,100,1.05,0,0,1.05,3,0,0,0,69.0585,69.0585,313730.8536,319388.3536,69.0585,,65.77
4380,4380,3,100,1.06,0,0,1.06,3,0,0,0,61.5118,61.5118,313792.3654,319449.8654,61.5118,,58.03
4381,4381,3,100,1.05,0,0,1.05,3,0,0,0,61.6455,61.6455,313854.0109,319511.5109,61.6455,,58.71
4382,4382,3,100,1.05,0,0,1.05,3,0,0,0,55.8495,55.8495,313909.8604,319567.3604,55.8495,,53.19
4383,4383,3,100,1.05,0,0,1.05,3,0,0,0,57.8655,57.8655,313967.7259,319625.2259,57.8655,,55.11
4384,4384,3,100,1.06,0,0,1.06,3,0,0,0,69.7162,69.7162,314037.4421,319694.9421,69.7162,,65.77
4385,4385,3,100,1.06,0,0,1.06,3,0,0,0,69.7162,69.7162,314107.1583,319764.6583,69.7162,,65.77
4386,4386,3,100,1.07,0,0,1.07,3,0,0,0,70.3739,70.3739,314177.5322,319835.0322,70.3739,,65.77
4387,4387,3,100,1.07,0,0,1.07,3,0,0,0,70.3739,70.3739,314247.9061,319905.4061,70.3739,,65.77
4388,4388,3,100,1.2975,0.25,0.2375,1.06,2.75,0,0.25,1.25,85.3366,84.0866,314331.9927,319990.7427,69.7162,,65.77
4389,4389,2.75,91.67,2.96,2,1.9,1.06,0.75,0,2,10,194.6792,184.6792,314516.6719,320185.4219,69.7162,,65.77
4390,4390,0.75,25,1.06,0,0,1.06,0.75,0,0,0,61.4482,61.4482,314578.1201,320246.8701,61.4482,,57.97
4391,4391,0.75,25,1.06,0,0,1.06,0.75,0,0,0,60.261,60.261,314638.3811,320307.1311,60.261,,56.85
4392,4392,0.75,25,1.06,0,0,1.06,0.75,0,0,0,59.9854,59.9854,314698.3665,320367.1165,59.9854,,56.59
4393,4393,0.75,25,1.05,0,0,1.05,0.75,0,0,0,59.0835,59.0835,314757.45,320426.2,59.0835,,56.27
4394,4394,0.75,25,1.05,0,0,1.05,0.75,0,0,0,56.889,56.889,314814.339,320483.089,56.889,,54.18
4395,4395,0.75,25,0.2435,-0.75,-0.8065,1.05,1.5,0,0.75,3.75,11.8267,8.0767,314822.4157,320494.9157,50.988,,48.56
4396,4396,1.5,50,0.2435,-0.75,-0.8065,1.05,2.25,0,0.75,3.75,10.4068,6.6568,314829.0725,320505.3225,44.8665,,42.73
4397,4397,2.25,75,0.2535,-0.75,-0.8065,1.06,3,0,0.75,3.75,10.8341,7.0841,314836.1566,320516.1566,45.2938,,42.73
4398,4398,3,100,1.06,0,0,1.06,3,0,0,0,59.2964,59.2964,314895.453,320575.453,59.2964,,55.94
4399,4399,3,100,1.06,0,0,1.06,3,0,0,0,65.6988,65.6988,314961.1518,320641.1518,65.6988,,61.98
4400,4400,3,100,2.01,1,0.95,1.06,2,0,1,5,132.7404,127.7404,315088.8922,320773.8922,70.0024,,66.04
4401,4401,2,66.67,2.95,2,1.9,1.05,0,0,2,10,194.818,184.818,315273.7102,320968.7102,69.342,,66.04
4402,4402,0,0,1.05,0,0,1.05,0,0,0,0,53.025,53.025,315326.7352,321021.7352,53.025,,50.5
4403,4403,0,0,0.2435,-0.75,-0.8065,1.05,0.75,0,0.75,3.75,9.4619,5.7119,315332.4471,321031.1971,40.7925,,38.85
4404,4404,0.75,25,0.2435,-0.75,-0.8065,1.05,1.5,0,0.75,3.75,7.6401,3.8901,315336.3372,321038.8372,32.9385,,31.37
4405,4405,1.5,50,0.2435,-0.75,-0.8065,1.05,2.25,0,0.75,3.75,7.7716,4.0216,315340.3588,321046.6088,33.5055,,31.91
4406,4406,2.25,75,0.2335,-0.75,-0.8065,1.04,3,0,0.75,3.75,8.1368,4.3868,315344.7456,321054.7456,36.2336,,34.84
4407,4407,3,100,1.05,0,0,1.05,3,0,0,0,53.025,53.025,315397.7706,321107.7706,53.025,,50.5
4408,4408,3,100,1.06,0,0,1.06,3,0,0,0,65.6988,65.6988,315463.4694,321173.4694,65.6988,,61.98
4409,4409,3,100,1.545,0.5,0.475,1.07,2.5,0,0.5,2.5,102.0318,99.5318,315563.0012,321275.5012,70.6628,,66.04
4410,4410,2.5,83.33,2.2475,1.25,1.1875,1.06,1.25,0,1.25,6.25,148.4249,142.1749,315705.1761,321423.9261,70.0024,,66.04
4411,4411,1.25,41.67,2.2475,1.25,1.1875,1.06,0,0,1.25,6.25,148.4249,142.1749,315847.351,321572.351,70.0024,,66.04
4412,4412,0,0,1.06,0,0,1.06,0,0,0,0,65.6988,65.6988,315913.0498,321638.0498,65.6988,,61.98
4413,4413,0,0,1.06,0,0,1.06,0,0,0,0,59.6462,59.6462,315972.696,321697.696,59.6462,,56.27
4414,4414,0,0,1.06,0,0,1.06,0,0,0,0,56.6146,56.6146,316029.3106,321754.3106,56.6146,,53.41
4415,4415,0,0,1.06,0,0,1.06,0,0,0,0,51.4736,51.4736,316080.7842,321805.7842,51.4736,,48.56
4416,4416,0,0,1.06,0,0,1.06,0,0,0,0,60.2822,60.2822,316141.0664,321866.0664,60.2822,,56.87
4417,4417,0,0,1.05,0,0,1.05,0,0,0,0,58.3905,58.3905,316199.4569,321924.4569,58.3905,,55.61
4418,4418,0,0,0.2535,-0.75,-0.8065,1.06,0.75,0,0.75,3.75,8.9781,5.2281,316204.685,321933.435,37.5346,,35.41
4419,4419,0.75,25,0.2535,-0.75,-0.8065,1.06,1.5,0,0.75,3.75,8.1288,4.3788,316209.0638,321941.5638,33.9836,,32.06
4420,4420,1.5,50,0.2535,-0.75,-0.8065,1.06,2.25,0,0.75,3.75,8.1288,4.3788,316213.4426,321949.6926,33.9836,,32.06
4421,4421,2.25,75,0.2535,-0.75,-0.8065,1.06,3,0,0.75,3.75,8.1288,4.3788,316217.8214,321957.8214,33.9836,,32.06
4422,4422,3,100,1.06,0,0,1.06,3,0,0,0,49.555,49.555,316267.3764,322007.3764,49.555,,46.75
4423,4423,3,100,1.06,0,0,1.06,3,0,0,0,61.7556,61.7556,316329.132,322069.132,61.7556,,58.26
4424,4424,3,100,2.97,2,1.9,1.07,1,0,2,10,197.0892,187.0892,316516.2212,322266.2212,71.0052,,66.36
4425,4425,1,33.33,2,1,0.95,1.05,0,0,1,5,129.4,124.4,316640.6212,322395.6212,67.935,,64.7
4426,4426,0,0,1.05,0,0,1.05,0,0,0,0,40.992,40.992,316681.6132,322436.6132,40.992,,39.04
4427,4427,0,0,0.5124,-0.5,-0.5376,1.05,0.5,0,0.5,2.5,17.3999,14.8999,316696.5131,322454.0131,35.658,,33.96
4428,4428,0.5,16.67,0.2435,-0.75,-0.8065,1.05,1.25,0,0.75,3.75,6.6537,2.9037,316699.4168,322460.6668,28.686,,27.32
4429,4429,1.25,41.67,0.2535,-0.75,-0.8065,1.06,2,0,0.75,3.75,7.8828,4.1328,316703.5496,322468.5496,32.9554,,31.09
4430,4430,2,66.67,0.0747,-1,-1.0753,1.15,3,0,1,5,2.3959,-2.6041,316700.9455,322470.9455,36.869,,32.06
4431,4431,3,100,1.14,0,0,1.14,3,0,0,0,49.1796,49.1796,316750.1251,322520.1251,49.1796,,43.14
4432,4432,3,100,1.16,0,0,1.16,3,0,0,0,67.4424,67.4424,316817.5675,322587.5675,67.4424,,58.14
4433,4433,3,100,2.8225,1.75,1.6625,1.16,1.25,0,1.75,8.75,187.3011,178.5511,316996.1186,322774.8686,76.9776,,66.36
4434,4434,1.25,41.67,2.3475,1.25,1.1875,1.16,0,0,1.25,6.25,146.6249,140.3749,317136.4935,322921.4935,72.4536,,62.46
4435,4435,0,0,1.16,0,0,1.16,0,0,0,0,67.28,67.28,317203.7735,322988.7735,67.28,,58
4436,4436,0,0,1.17,0,0,1.17,0,0,0,0,63.8703,63.8703,317267.6438,323052.6438,63.8703,,54.59
4437,4437,0,0,1.16,0,0,1.16,0,0,0,0,71.2472,71.2472,317338.891,323123.891,71.2472,,61.42
4438,4438,0,0,1.16,0,0,1.16,0,0,0,0,25.6592,25.6592,317364.5502,323149.5502,25.6592,,22.12
4439,4439,0,0,0.0847,-1,-1.0753,1.16,1,0,1,5,0.4135,-4.5865,317359.9637,323149.9637,5.6608,,4.88
4440,4440,1,33.33,0.8912,-0.25,-0.2688,1.16,1.25,0,0.25,1.25,18.3495,17.0995,317377.0632,323168.3132,23.8844,,20.59
4441,4441,1.25,41.67,0.7912,-0.25,-0.2688,1.06,1.5,0,0.25,1.25,16.2905,15.0405,317392.1037,323184.6037,21.8254,,20.59
4442,4442,1.5,50,0.2435,-0.75,-0.8065,1.05,2.25,0,0.75,3.75,4.7443,0.9943,317393.098,323189.348,20.454,,19.48
4443,4443,2.25,75,0.2435,-0.75,-0.8065,1.05,3,0,0.75,3.75,4.7443,0.9943,317394.0923,323194.0923,20.454,,19.48
4444,4444,3,100,1.06,0,0,1.06,3,0,0,0,32.5102,32.5102,317426.6025,323226.6025,32.5102,,30.67
4445,4445,3,100,1.07,0,0,1.07,3,0,0,0,34.24,34.24,317460.8425,323260.8425,34.24,,32
4446,4446,3,100,1.07,0,0,1.07,3,0,0,0,32.8169,32.8169,317493.6594,323293.6594,32.8169,,30.67
4447,4447,3,100,1.07,0,0,1.07,3,0,0,0,44.94,44.94,317538.5994,323338.5994,44.94,,42
4448,4448,3,100,1.2075,0.25,0.2375,0.97,2.75,0,0.25,1.25,79.9727,78.7227,317617.3221,323418.5721,64.2431,,66.23
4449,4449,2.75,91.67,1.435,0.5,0.475,0.96,2.25,0,0.5,2.5,95.0401,92.5401,317709.8622,323513.6122,63.5808,,66.23
4450,4450,2.25,75,1.435,0.5,0.475,0.96,1.75,0,0.5,2.5,95.0401,92.5401,317802.4023,323608.6523,63.5808,,66.23
4451,4451,1.75,58.33,1.425,0.5,0.475,0.95,1.25,0,0.5,2.5,94.3777,91.8777,317894.28,323703.03,62.9185,,66.23
4452,4452,1.25,41.67,0.96,0,0,0.96,1.25,0,0,0,53.2992,53.2992,317947.5792,323756.3292,53.2992,,55.52
4453,4453,1.25,41.67,0.1435,-0.75,-0.8065,0.95,2,0,0.75,3.75,6.4396,2.6896,317950.2688,323762.7688,42.617,,44.86
4454,4454,2,66.67,0.95,0,0,0.95,2,0,0,0,55.518,55.518,318005.7868,323818.2868,55.518,,58.44
4455,4455,2,66.67,0.95,0,0,0.95,2,0,0,0,51.623,51.623,318057.4098,323869.9098,51.623,,54.34
4456,4456,2,66.67,0.97,0,0,0.97,2,0,0,0,58.5589,58.5589,318115.9687,323928.4687,58.5589,,60.37
4457,4457,2,66.67,1.435,0.5,0.475,0.96,1.5,0,0.5,2.5,95.0401,92.5401,318208.5088,324023.5088,63.5808,,66.23
4458,4458,1.5,50,2.385,1.5,1.425,0.96,0,0,1.5,7.5,157.9586,150.4586,318358.9674,324181.4674,63.5808,,66.23
4459,4459,0,0,0.96,0,0,0.96,0,0,0,0,55.1712,55.1712,318414.1386,324236.6386,55.1712,,57.47
4460,4460,0,0,0.97,0,0,0.97,0,0,0,0,43.5142,43.5142,318457.6528,324280.1528,43.5142,,44.86
4461,4461,0,0,0.97,0,0,0.97,0,0,0,0,41.2929,41.2929,318498.9457,324321.4457,41.2929,,42.57
4462,4462,0,0,0.97,0,0,0.97,0,0,0,0,30.6132,30.6132,318529.5589,324352.0589,30.6132,,31.56
4463,4463,0,0,0.1635,-0.75,-0.8065,0.97,0.75,0,0.75,3.75,3.1892,-0.5608,318528.9981,324355.2481,18.915,,19.5
4464,4464,0.75,25,0.95,0,0,0.95,0.75,0,0,0,29.659,29.659,318558.6571,324384.9071,29.659,,31.22
4465,4465,0.75,25,0.95,0,0,0.95,0.75,0,0,0,30.457,30.457,318589.1141,324415.3641,30.457,,32.06
4466,4466,0.75,25,0.1535,-0.75,-0.8065,0.96,1.5,0,0.75,3.75,4.6279,0.8779,318589.992,324419.992,28.9344,,30.14
4467,4467,1.5,50,0.1435,-0.75,-0.8065,0.95,2.25,0,0.75,3.75,4.0825,0.3325,318590.3245,324424.0745,27.018,,28.44
4468,4468,2.25,75,0.1635,-0.75,-0.8065,0.97,3,0,0.75,3.75,3.4312,-0.3188,318590.0057,324427.5057,20.3506,,20.98
4469,4469,3,100,0.97,0,0,0.97,3,0,0,0,30.2834,30.2834,318620.2891,324457.7891,30.2834,,31.22
4470,4470,3,100,0.97,0,0,0.97,3,0,0,0,38.7515,38.7515,318659.0406,324496.5406,38.7515,,39.95
4471,4471,3,100,0.97,0,0,0.97,3,0,0,0,45.687,45.687,318704.7276,324542.2276,45.687,,47.1
4472,4472,3,100,0.97,0,0,0.97,3,0,0,0,50.6534,50.6534,318755.381,324592.881,50.6534,,52.22
4473,4473,3,100,2.85,2,1.9,0.95,1,0,2,10,189.0975,179.0975,318934.4785,324781.9785,63.0325,,66.35
4474,4474,1,33.33,0.94,0,0,0.94,1,0,0,0,57.2084,57.2084,318991.6869,324839.1869,57.2084,,60.86
4475,4475,1,33.33,1.1975,0.25,0.2375,0.96,0.75,0,0.25,1.25,73.0834,71.8334,319063.5203,324912.2703,58.5888,,61.03
4476,4476,0.75,25,0.1335,-0.75,-0.8065,0.94,1.5,0,0.75,3.75,5.8641,2.1141,319065.6344,324918.1344,41.2754,,43.91
4477,4477,1.5,50,0.96,0,0,0.96,1.5,0,0,0,50.1312,50.1312,319115.7656,324968.2656,50.1312,,52.22
4478,4478,1.5,50,0.1535,-0.75,-0.8065,0.96,2.25,0,0.75,3.75,5.3942,1.6442,319117.4098,324973.6598,33.7248,,35.13
4479,4479,2.25,75,0.1535,-0.75,-0.8065,0.96,3,0,0.75,3.75,5.9838,2.2338,319119.6436,324979.6436,37.4112,,38.97
4480,4480,3,100,0.96,0,0,0.96,3,0,0,0,57.1296,57.1296,319176.7732,325036.7732,57.1296,,59.51
4481,4481,3,100,0.97,0,0,0.97,3,0,0,0,60.5765,60.5765,319237.3497,325097.3497,60.5765,,62.45
4482,4482,3,100,2.395,1.5,1.425,0.97,1.5,0,1.5,7.5,158.9082,151.4082,319388.7579,325256.2579,64.3595,,66.35
4483,4483,1.5,50,2.395,1.5,1.425,0.97,0,0,1.5,7.5,158.9082,151.4082,319540.1661,325415.1661,64.3595,,66.35
4484,4484,0,0,0.96,0,0,0.96,0,0,0,0,59.8272,59.8272,319599.9933,325474.9933,59.8272,,62.32
4485,4485,0,0,0.96,0,0,0.96,0,0,0,0,58.0224,58.0224,319658.0157,325533.0157,58.0224,,60.44
4486,4486,0,0,0.96,0,0,0.96,0,0,0,0,54.288,54.288,319712.3037,325587.3037,54.288,,56.55
4487,4487,0,0,0.97,0,0,0.97,0,0,0,0,54.8535,54.8535,319767.1572,325642.1572,54.8535,,56.55
4488,4488,0,0,0.94,0,0,0.94,0,0,0,0,58.703,58.703,319825.8602,325700.8602,58.703,,62.45
4489,4489,0,0,0.94,0,0,0.94,0,0,0,0,52.2452,52.2452,319878.1054,325753.1054,52.2452,,55.58
4490,4490,0,0,0.96,0,0,0.96,0,0,0,0,49.6032,49.6032,319927.7086,325802.7086,49.6032,,51.67
4491,4491,0,0,0.96,0,0,0.96,0,0,0,0,53.3568,53.3568,319981.0654,325856.0654,53.3568,,55.58
4492,4492,0,0,0.96,0,0,0.96,0,0,0,0,52.3776,52.3776,320033.443,325908.443,52.3776,,54.56
4493,4493,0,0,0.97,0,0,0.97,0,0,0,0,52.9232,52.9232,320086.3662,325961.3662,52.9232,,54.56
4494,4494,0,0,0.97,0,0,0.97,0,0,0,0,59.5289,59.5289,320145.8951,326020.8951,59.5289,,61.37
4495,4495,0,0,0.97,0,0,0.97,0,0,0,0,59.2476,59.2476,320205.1427,326080.1427,59.2476,,61.08
4496,4496,0,0,0.95,0,0,0.95,0,0,0,0,53.39,53.39,320258.5327,326133.5327,53.39,,56.2
4497,4497,0,0,0.1435,-0.75,-0.8065,0.95,0.75,0,0.75,3.75,4.6022,0.8522,320259.3849,326138.1349,30.457,,32.06
4498,4498,0.75,25,0.1435,-0.75,-0.8065,0.95,1.5,0,0.75,3.75,4.3352,0.5852,320259.9701,326142.4701,28.69,,30.2
4499,4499,1.5,50,0.2435,-0.75,-0.8065,1.05,2.25,0,0.75,3.75,7.3552,3.6052,320263.5753,326149.8253,31.71,,30.2
4500,4500,2.25,75,0.2435,-0.75,-0.8065,1.05,3,0,0.75,3.75,7.3552,3.6052,320267.1805,326157.1805,31.71,,30.2
4501,4501,3,100,1.05,0,0,1.05,3,0,0,0,33.663,33.663,320300.8435,326190.8435,33.663,,32.06
4502,4502,3,100,1.07,0,0,1.07,3,0,0,0,34.3042,34.3042,320335.1477,326225.1477,34.3042,,32.06
4503,4503,3,100,1.07,0,0,1.07,3,0,0,0,38.0385,38.0385,320373.1862,326263.1862,38.0385,,35.55
4504,4504,3,100,1.07,0,0,1.07,3,0,0,0,58.4648,58.4648,320431.651,326321.651,58.4648,,54.64
4505,4505,3,100,0.97,0,0,0.97,3,0,0,0,54.8923,54.8923,320486.5433,326376.5433,54.8923,,56.59
4506,4506,3,100,1.2075,0.25,0.2375,0.97,2.75,0,0.25,1.25,76.5555,75.3055,320561.8488,326453.0988,61.498,,63.4
4507,4507,2.75,91.67,2.87,2,1.9,0.97,0.75,0,2,10,190.4245,180.4245,320742.2733,326643.5233,64.3595,,66.35
4508,4508,0.75,25,0.97,0,0,0.97,0.75,0,0,0,61.4398,61.4398,320803.7131,326704.9631,61.4398,,63.34
4509,4509,0.75,25,0.97,0,0,0.97,0.75,0,0,0,53.9126,53.9126,320857.6257,326758.8757,53.9126,,55.58
4510,4510,0.75,25,0.97,0,0,0.97,0.75,0,0,0,53.9126,53.9126,320911.5383,326812.7883,53.9126,,55.58
4511,4511,0.75,25,0.97,0,0,0.97,0.75,0,0,0,53.9126,53.9126,320965.4509,326866.7009,53.9126,,55.58
4512,4512,0.75,25,0.95,0,0,0.95,0.75,0,0,0,53.7605,53.7605,321019.2114,326920.4614,53.7605,,56.59
4513,4513,0.75,25,0.94,0,0,0.94,0.75,0,0,0,51.8786,51.8786,321071.09,326972.34,51.8786,,55.19
4514,4514,0.75,25,0.97,0,0,0.97,0.75,0,0,0,51.1093,51.1093,321122.1993,327023.4493,51.1093,,52.69
4515,4515,0.75,25,0.1635,-0.75,-0.8065,0.97,1.5,0,0.75,3.75,6.8805,3.1305,321125.3298,327030.3298,40.8079,,42.07
4516,4516,1.5,50,0.1535,-0.75,-0.8065,0.96,2.25,0,0.75,3.75,5.4356,1.6856,321127.0154,327035.7654,33.984,,35.4
4517,4517,2.25,75,0.1635,-0.75,-0.8065,0.97,3,0,0.75,3.75,7.1814,3.4314,321130.4468,327042.9468,42.5927,,43.91
4518,4518,3,100,0.97,0,0,0.97,3,0,0,0,54.8923,54.8923,321185.3391,327097.8391,54.8923,,56.59
4519,4519,3,100,0.98,0,0,0.98,3,0,0,0,63.112,63.112,321248.4511,327160.9511,63.112,,64.4
4520,4520,3,100,1.2175,0.25,0.2375,0.98,2.75,0,0.25,1.25,80.7811,79.5311,321327.9822,327241.7322,65.023,,66.35
4521,4521,2.75,91.67,1.2175,0.25,0.2375,0.98,2.5,0,0.25,1.25,80.7811,79.5311,321407.5133,327322.5133,65.023,,66.35
4522,4522,2.5,83.33,0.95,0,0,0.95,2.5,0,0,0,62.814,62.814,321470.3273,327385.3273,62.814,,66.12
4523,4523,2.5,83.33,0.95,0,0,0.95,2.5,0,0,0,51.718,51.718,321522.0453,327437.0453,51.718,,54.44
4524,4524,2.5,83.33,0.95,0,0,0.95,2.5,0,0,0,50.0175,50.0175,321572.0628,327487.0628,50.0175,,52.65
4525,4525,2.5,83.33,0.95,0,0,0.95,2.5,0,0,0,50.0555,50.0555,321622.1183,327537.1183,50.0555,,52.69
4526,4526,2.5,83.33,0.85,0,0,0.85,2.5,0,0,0,43.9535,43.9535,321666.0718,327581.0718,43.9535,,51.71
4527,4527,2.5,83.33,0.87,0,0,0.87,2.5,0,0,0,44.9877,44.9877,321711.0595,327626.0595,44.9877,,51.71
4528,4528,2.5,83.33,0,0,0,0,2.5,0,0,0,0,0,321711.0595,327626.0595,0,,62.43
4529,4529,2.5,83.33,0.7125,0.75,0.7125,0,1.75,0,0.75,3.75,47.2744,43.5244,321754.5839,327673.3339,0,,66.35
4530,4530,1.75,58.33,1.6625,1.75,1.6625,0,0,0,1.75,8.75,110.3069,101.5569,321856.1408,327783.6408,0,,66.35
4531,4531,0,0,0,0,0,0,0,0,0,0,0,0,321856.1408,327783.6408,0,,62.43
4532,4532,0,0,0,0,0,0,0,0,0,0,0,0,321856.1408,327783.6408,0,,50.72
4533,4533,0,0,1.2,0,0,1.2,0,0,0,0,63.228,63.228,321919.3688,327846.8688,63.228,,52.69
4534,4534,0,0,1.2,0,0,1.2,0,0,0,0,63.468,63.468,321982.8368,327910.3368,63.468,,52.89
4535,4535,0,0,1.21,0,0,1.21,0,0,0,0,63.7549,63.7549,322046.5917,327974.0917,63.7549,,52.69
4536,4536,0,0,1.21,0,0,1.21,0,0,0,0,68.002,68.002,322114.5937,328042.0937,68.002,,56.2
4537,4537,0,0,1.2,0,0,1.2,0,0,0,0,66.228,66.228,322180.8217,328108.3217,66.228,,55.19
4538,4538,0,0,0.2435,-0.75,-0.8065,1.05,0.75,0,0.75,3.75,8.5559,4.8059,322185.6276,328116.8776,36.8865,,35.13
4539,4539,0.75,25,0.2535,-0.75,-0.8065,1.06,1.5,0,0.75,3.75,8.1288,4.3788,322190.0064,328125.0064,33.9836,,32.06
4540,4540,1.5,50,0.2535,-0.75,-0.8065,1.06,2.25,0,0.75,3.75,8.1288,4.3788,322194.3852,328133.1352,33.9836,,32.06
4541,4541,2.25,75,0.2535,-0.75,-0.8065,1.06,3,0,0.75,3.75,8.1288,4.3788,322198.764,328141.264,33.9836,,32.06
4542,4542,3,100,1.06,0,0,1.06,3,0,0,0,49.6504,49.6504,322248.4144,328190.9144,49.6504,,46.84
4543,4543,3,100,1.06,0,0,1.06,3,0,0,0,49.6398,49.6398,322298.0542,328240.5542,49.6398,,46.83
4544,4544,3,100,0.97,0,0,0.97,3,0,0,0,54.4364,54.4364,322352.4906,328294.9906,54.4364,,56.12
4545,4545,3,100,2.85,2,1.9,0.95,1,0,2,10,189.0975,179.0975,322531.5881,328484.0881,63.0325,,66.35
4546,4546,1,33.33,0.94,0,0,0.94,1,0,0,0,57.6032,57.6032,322589.1913,328541.6913,57.6032,,61.28
4547,4547,1,33.33,0.95,0,0,0.95,1,0,0,0,57.551,57.551,322646.7423,328599.2423,57.551,,60.58
4548,4548,1,33.33,0.95,0,0,0.95,1,0,0,0,49.9985,49.9985,322696.7408,328649.2408,49.9985,,52.63
4549,4549,1,33.33,0.96,0,0,0.96,1,0,0,0,53.0976,53.0976,322749.8384,328702.3384,53.0976,,55.31
4550,4550,1,33.33,0.96,0,0,0.96,1,0,0,0,54.768,54.768,322804.6064,328757.1064,54.768,,57.05
4551,4551,1,33.33,0.97,0,0,0.97,1,0,0,0,50.1587,50.1587,322854.7651,328807.2651,50.1587,,51.71
4552,4552,1,33.33,0.98,0,0,0.98,1,0,0,0,51.5382,51.5382,322906.3033,328858.8033,51.5382,,52.59
4553,4553,1,33.33,0.99,0,0,0.99,1,0,0,0,65.1024,65.1024,322971.4057,328923.9057,65.1024,,65.76
4554,4554,1,33.33,0.97,0,0,0.97,1,0,0,0,59.4416,59.4416,323030.8473,328983.3473,59.4416,,61.28
4555,4555,1,33.33,0.97,0,0,0.97,1,0,0,0,58.006,58.006,323088.8533,329041.3533,58.006,,59.8
4556,4556,1,33.33,0.88,0,0,0.88,1,0,0,0,47.9072,47.9072,323136.7605,329089.2605,47.9072,,54.44
4557,4557,1,33.33,0.88,0,0,0.88,1,0,0,0,51.2424,51.2424,323188.0029,329140.5029,51.2424,,58.23
4558,4558,1,33.33,0.87,0,0,0.87,1,0,0,0,48.3894,48.3894,323236.3923,329188.8923,48.3894,,55.62
4559,4559,1,33.33,0.88,0,0,0.88,1,0,0,0,49.3856,49.3856,323285.7779,329238.2779,49.3856,,56.12
4560,4560,1,33.33,0.87,0,0,0.87,1,0,0,0,49.5639,49.5639,323335.3418,329287.8418,49.5639,,56.97
4561,4561,1,33.33,0.78,0,0,0.78,1,0,0,0,42.159,42.159,323377.5008,329330.0008,42.159,,54.05
4562,4562,1,33.33,0.77,0,0,0.77,1,0,0,0,38.8619,38.8619,323416.3627,329368.8627,38.8619,,50.47
4563,4563,1,33.33,0.2324,-0.5,-0.5376,0.77,1.5,0,0.5,2.5,10.8004,8.3004,323424.6631,329379.6631,35.7896,,46.48
4564,4564,1.5,50,0.2424,-0.5,-0.5376,0.78,2,0,0.5,2.5,11.2652,8.7652,323433.4283,329390.9283,36.2544,,46.48
4565,4565,2,66.67,0.78,0,0,0.78,2,0,0,0,40.7082,40.7082,323474.1365,329431.6365,40.7082,,52.19
4566,4566,2,66.67,0.78,0,0,0.78,2,0,0,0,47.4006,47.4006,323521.5371,329479.0371,47.4006,,60.77
4567,4567,2,66.67,0.78,0,0,0.78,2,0,0,0,51.3786,51.3786,323572.9157,329530.4157,51.3786,,65.87
4568,4568,2,66.67,1.245,0.5,0.475,0.77,1.5,0,0.5,2.5,82.0082,79.5082,323652.4239,329612.4239,50.7199,,65.87
4569,4569,1.5,50,1.235,0.5,0.475,0.76,1,0,0.5,2.5,81.3495,78.8495,323731.2734,329693.7734,50.0612,,65.87
4570,4570,1,33.33,1.235,0.5,0.475,0.76,0.5,0,0.5,2.5,81.3495,78.8495,323810.1229,329775.1229,50.0612,,65.87
4571,4571,0.5,16.67,1.235,0.5,0.475,0.76,0,0,0.5,2.5,81.3495,78.8495,323888.9724,329856.4724,50.0612,,65.87
4572,4572,0,0,0.76,0,0,0.76,0,0,0,0,39.6644,39.6644,323928.6368,329896.1368,39.6644,,52.19
4573,4573,0,0,0.76,0,0,0.76,0,0,0,0,39.3984,39.3984,323968.0352,329935.5352,39.3984,,51.84
4574,4574,0,0,0.76,0,0,0.76,0,0,0,0,37.2096,37.2096,324005.2448,329972.7448,37.2096,,48.96
4575,4575,0,0,0.2124,-0.5,-0.5376,0.75,0.5,0,0.5,2.5,8.8705,6.3705,324011.6153,329981.6153,31.3275,,41.77
4576,4576,0.5,16.67,0.2324,-0.5,-0.5376,0.77,1,0,0.5,2.5,9.9708,7.4708,324019.0861,329991.5861,33.0407,,42.91
4577,4577,1,33.33,1.245,0.5,0.475,0.77,0.5,0,0.5,2.5,82.0082,79.5082,324098.5943,330073.5943,50.7199,,65.87
4578,4578,0.5,16.67,1.245,0.5,0.475,0.77,0,0,0.5,2.5,82.0082,79.5082,324178.1025,330155.6025,50.7199,,65.87
4579,4579,0,0,0.75,0,0,0.75,0,0,0,0,47.0625,47.0625,324225.165,330202.665,47.0625,,62.75
4580,4580,0,0,0.77,0,0,0.77,0,0,0,0,41.6031,41.6031,324266.7681,330244.2681,41.6031,,54.03
4581,4581,0,0,0.77,0,0,0.77,0,0,0,0,45.6302,45.6302,324312.3983,330289.8983,45.6302,,59.26
4582,4582,0,0,0.77,0,0,0.77,0,0,0,0,42.9044,42.9044,324355.3027,330332.8027,42.9044,,55.72
4583,4583,0,0,0.77,0,0,0.77,0,0,0,0,29.8375,29.8375,324385.1402,330362.6402,29.8375,,38.75
4584,4584,0,0,0.76,0,0,0.76,0,0,0,0,35.1044,35.1044,324420.2446,330397.7446,35.1044,,46.19
4585,4585,0,0,0,0,0,0,0,0,0,0,0,0,324420.2446,330397.7446,0,,34.71
4586,4586,0,0,0.0635,-0.75,-0.8065,0.87,0.75,0,0.75,3.75,1.9516,-1.7984,324418.4462,330399.6962,26.7177,,30.71
4587,4587,0.75,25,0.0635,-0.75,-0.8065,0.87,1.5,0,0.75,3.75,1.9611,-1.7889,324416.6573,330401.6573,26.8482,,30.86
4588,4588,1.5,50,0.0635,-0.75,-0.8065,0.87,2.25,0,0.75,3.75,2.0132,-1.7368,324414.9205,330403.6705,27.5616,,31.68
4589,4589,2.25,75,0.0735,-0.75,-0.8065,0.88,3,0,0.75,3.75,2.33,-1.42,324413.5005,330406.0005,27.8784,,31.68
4590,4590,3,100,0.88,0,0,0.88,3,0,0,0,28.0016,28.0016,324441.5021,330434.0021,28.0016,,31.82
4591,4591,3,100,0.87,0,0,0.87,3,0,0,0,42.2994,42.2994,324483.8015,330476.3015,42.2994,,48.62
4592,4592,3,100,0.87,0,0,0.87,3,0,0,0,48.6591,48.6591,324532.4606,330524.9606,48.6591,,55.93
4593,4593,3,100,0.87,0,0,0.87,3,0,0,0,48.6243,48.6243,324581.0849,330573.5849,48.6243,,55.89
4594,4594,3,100,0.88,0,0,0.88,3,0,0,0,46.6664,46.6664,324627.7513,330620.2513,46.6664,,53.03
4595,4595,3,100,2.9975,2.25,2.1375,0.86,0.75,0,2.25,11.25,185.6052,174.3552,324802.1065,330805.8565,53.2512,,61.92
4596,4596,0.75,25,0.86,0,0,0.86,0.75,0,0,0,43.2064,43.2064,324845.3129,330849.0629,43.2064,,50.24
4597,4597,0.75,25,0.86,0,0,0.86,0.75,0,0,0,46.655,46.655,324891.9679,330895.7179,46.655,,54.25
4598,4598,0.75,25,0.86,0,0,0.86,0.75,0,0,0,50.8432,50.8432,324942.8111,330946.5611,50.8432,,59.12
4599,4599,0.75,25,0.86,0,0,0.86,0.75,0,0,0,51.4108,51.4108,324994.2219,330997.9719,51.4108,,59.78
4600,4600,0.75,25,1.5825,0.75,0.7125,0.87,0,0,0.75,3.75,96.9281,93.1781,325087.4,331094.9,53.2875,,61.25
4601,4601,0,0,0.87,0,0,0.87,0,0,0,0,50.3382,50.3382,325137.7382,331145.2382,50.3382,,57.86
4602,4602,0,0,0.85,0,0,0.85,0,0,0,0,44.2595,44.2595,325181.9977,331189.4977,44.2595,,52.07
4603,4603,0,0,0.85,0,0,0.85,0,0,0,0,35.343,35.343,325217.3407,331224.8407,35.343,,41.58
4604,4604,0,0,0.87,0,0,0.87,0,0,0,0,26.8482,26.8482,325244.1889,331251.6889,26.8482,,30.86
4605,4605,0,0,0.87,0,0,0.87,0,0,0,0,33.5559,33.5559,325277.7448,331285.2448,33.5559,,38.57
4606,4606,0,0,0.87,0,0,0.87,0,0,0,0,26.8482,26.8482,325304.593,331312.093,26.8482,,30.86
4607,4607,0,0,0.2324,-0.5,-0.5376,0.77,0.5,0,0.5,2.5,4.4823,1.9823,325306.5753,331316.5753,14.8533,,19.29
4608,4608,0.5,16.67,0.76,0,0,0.76,0.5,0,0,0,21.2268,21.2268,325327.8021,331337.8021,21.2268,,27.93
4609,4609,0.5,16.67,0.76,0,0,0.76,0.5,0,0,0,21.2268,21.2268,325349.0289,331359.0289,21.2268,,27.93
4610,4610,0.5,16.67,0.2324,-0.5,-0.5376,0.77,1,0,0.5,2.5,4.48,1.98,325351.0089,331363.5089,14.8456,,19.28
4611,4611,1,33.33,0.2324,-0.5,-0.5376,0.77,1.5,0,0.5,2.5,4.4754,1.9754,325352.9843,331367.9843,14.8302,,19.26
4612,4612,1.5,50,0.2324,-0.5,-0.5376,0.77,2,0,0.5,2.5,4.9238,2.4238,325355.4081,331372.9081,16.3163,,21.19
4613,4613,2,66.67,0.2324,-0.5,-0.5376,0.77,2.5,0,0.5,2.5,6.2669,3.7669,325359.175,331379.175,20.7669,,26.97
4614,4614,2.5,83.33,0.2324,-0.5,-0.5376,0.77,3,0,0.5,2.5,4.4754,1.9754,325361.1504,331383.6504,14.8302,,19.26
4615,4615,3,100,0.77,0,0,0.77,3,0,0,0,24.3628,24.3628,325385.5132,331408.0132,24.3628,,31.64
4616,4616,3,100,0.77,0,0,0.77,3,0,0,0,43.7591,43.7591,325429.2723,331451.7723,43.7591,,56.83
4617,4617,3,100,0.76,0,0,0.76,3,0,0,0,48.5488,48.5488,325477.8211,331500.3211,48.5488,,63.88
4618,4618,3,100,2.185,1.5,1.425,0.76,1.5,0,1.5,7.5,142.0468,134.5468,325612.3679,331642.3679,49.4076,,65.01
4619,4619,1.5,50,0.76,0,0,0.76,1.5,0,0,0,45.3568,45.3568,325657.7247,331687.7247,45.3568,,59.68
4620,4620,1.5,50,0.76,0,0,0.76,1.5,0,0,0,42.104,42.104,325699.8287,331729.8287,42.104,,55.4
4621,4621,1.5,50,0.2224,-0.5,-0.5376,0.76,2,0,0.5,2.5,8.5633,6.0633,325705.892,331738.392,29.2676,,38.51
4622,4622,2,66.67,0.76,0,0,0.76,2,0,0,0,41.7088,41.7088,325747.6008,331780.1008,41.7088,,54.88
4623,4623,2,66.67,0.76,0,0,0.76,2,0,0,0,37.6276,37.6276,325785.2284,331817.7284,37.6276,,49.51
4624,4624,2,66.67,0.76,0,0,0.76,2,0,0,0,43.1908,43.1908,325828.4192,331860.9192,43.1908,,56.83
4625,4625,2,66.67,0.76,0,0,0.76,2,0,0,0,45.3568,45.3568,325873.776,331906.276,45.3568,,59.68
4626,4626,2,66.67,0.76,0,0,0.76,2,0,0,0,45.8204,45.8204,325919.5964,331952.0964,45.8204,,60.29
4627,4627,2,66.67,0.75,0,0,0.75,2,0,0,0,44.76,44.76,325964.3564,331996.8564,44.76,,59.68
4628,4628,2,66.67,0.77,0,0,0.77,2,0,0,0,45.9536,45.9536,326010.31,332042.81,45.9536,,59.68
4629,4629,2,66.67,2.67,2,1.9,0.77,0,0,2,10,173.5767,163.5767,326173.8867,332216.3867,50.0577,,65.01
4630,4630,0,0,0.77,0,0,0.77,0,0,0,0,33.2871,33.2871,326207.1738,332249.6738,33.2871,,43.23
4631,4631,0,0,0.77,0,0,0.77,0,0,0,0,26.6959,26.6959,326233.8697,332276.3697,26.6959,,34.67
4632,4632,0,0,0.86,0,0,0.86,0,0,0,0,28.251,28.251,326262.1207,332304.6207,28.251,,32.85
4633,4633,0,0,0.0535,-0.75,-0.8065,0.86,0.75,0,0.75,3.75,1.6996,-2.0504,326260.0703,332306.3203,27.2964,,31.74
4634,4634,0.75,25,0.0635,-0.75,-0.8065,0.87,1.5,0,0.75,3.75,2.017,-1.733,326258.3373,332308.3373,27.6138,,31.74
4635,4635,1.5,50,0.1635,-0.75,-0.8065,0.97,2.25,0,0.75,3.75,5.191,1.441,326259.7783,332313.5283,30.7878,,31.74
4636,4636,2.25,75,0.1635,-0.75,-0.8065,0.97,3,0,0.75,3.75,5.191,1.441,326261.2193,332318.7193,30.7878,,31.74
4637,4637,3,100,0.97,0,0,0.97,3,0,0,0,31.6802,31.6802,326292.8995,332350.3995,31.6802,,32.66
4638,4638,3,100,0.97,0,0,0.97,3,0,0,0,47.9859,47.9859,326340.8854,332398.3854,47.9859,,49.47
4639,4639,3,100,0.97,0,0,0.97,3,0,0,0,54.5431,54.5431,326395.4285,332452.9285,54.5431,,56.23
4640,4640,3,100,2.88,2,1.9,0.98,1,0,2,10,181.9872,171.9872,326567.4157,332634.9157,61.9262,,63.19
4641,4641,1,33.33,1.91,1,0.95,0.96,0,0,1,5,114.3517,109.3517,326676.7674,332749.2674,57.4752,,59.87
4642,4642,0,0,0.96,0,0,0.96,0,0,0,0,36.7296,36.7296,326713.497,332785.997,36.7296,,38.26
4643,4643,0,0,0.96,0,0,0.96,0,0,0,0,36.7296,36.7296,326750.2266,332822.7266,36.7296,,38.26
4644,4644,0,0,0.1535,-0.75,-0.8065,0.96,0.75,0,0.75,3.75,4.5911,0.8411,326751.0677,332827.3177,28.704,,29.9
4645,4645,0.75,25,0.1435,-0.75,-0.8065,0.95,1.5,0,0.75,3.75,4.1615,0.4115,326751.4792,332831.4792,27.5405,,28.99
4646,4646,1.5,50,0.1535,-0.75,-0.8065,0.96,2.25,0,0.75,3.75,2.9666,-0.7834,326750.6958,332834.4458,18.5472,,19.32
4647,4647,2.25,75,0.1535,-0.75,-0.8065,0.96,3,0,0.75,3.75,0.8906,-2.8594,326747.8364,332835.3364,5.568,,5.8
4648,4648,3,100,0.87,0,0,0.87,3,0,0,0,30.2586,30.2586,326778.095,332865.595,30.2586,,34.78
4649,4649,3,100,0.87,0,0,0.87,3,0,0,0,46.806,46.806,326824.901,332912.401,46.806,,53.8
4650,4650,3,100,0.76,0,0,0.76,3,0,0,0,45.5468,45.5468,326870.4478,332957.9478,45.5468,,59.93
4651,4651,3,100,2.8875,2.25,2.1375,0.75,0.75,0,2.25,11.25,188.3227,177.0727,327047.5205,333146.2705,48.915,,65.22
4652,4652,0.75,25,0.75,0,0,0.75,0.75,0,0,0,35.505,35.505,327083.0255,333181.7755,35.505,,47.34
4653,4653,0.75,25,1.4825,0.75,0.7125,0.77,0,0,0.75,3.75,89.7802,86.0302,327169.0557,333271.5557,46.6312,,60.56
4654,4654,0,0,0.77,0,0,0.77,0,0,0,0,25.1482,25.1482,327194.2039,333296.7039,25.1482,,32.66
4655,4655,0,0,0.77,0,0,0.77,0,0,0,0,10.4181,10.4181,327204.622,333307.122,10.4181,,13.53
4656,4656,0,0,0.77,0,0,0.77,0,0,0,0,10.1563,10.1563,327214.7783,333317.2783,10.1563,,13.19
4657,4657,0,0,0.77,0,0,0.77,0,0,0,0,3.7268,3.7268,327218.5051,333321.0051,3.7268,,4.84
4658,4658,0,0,0.77,0,0,0.77,0,0,0,0,3.5035,3.5035,327222.0086,333324.5086,3.5035,,4.55
4659,4659,0,0,0.77,0,0,0.77,0,0,0,0,2.5487,2.5487,327224.5573,333327.0573,2.5487,,3.31
4660,4660,0,0,0.77,0,0,0.77,0,0,0,0,2.5333,2.5333,327227.0906,333329.5906,2.5333,,3.29
4661,4661,0,0,0.77,0,0,0.77,0,0,0,0,2.5333,2.5333,327229.6239,333332.1239,2.5333,,3.29
4662,4662,0,0,0.77,0,0,0.77,0,0,0,0,2.5487,2.5487,327232.1726,333334.6726,2.5487,,3.31
4663,4663,0,0,0.77,0,0,0.77,0,0,0,0,2.5487,2.5487,327234.7213,333337.2213,2.5487,,3.31
4664,4664,0,0,0.77,0,0,0.77,0,0,0,0,0.7469,0.7469,327235.4682,333337.9682,0.7469,,0.97
4665,4665,0,0,0.2324,-0.5,-0.5376,0.77,0.5,0,0.5,2.5,0,-2.5,327232.9682,333337.9682,0,,0
4666,4666,0.5,16.67,0.2224,-0.5,-0.5376,0.76,1,0,0.5,2.5,0,-2.5,327230.4682,333337.9682,0,,0
4667,4667,1,33.33,0.2324,-0.5,-0.5376,0.77,1.5,0,0.5,2.5,0,-2.5,327227.9682,333337.9682,0,,0
4668,4668,1.5,50,0.2324,-0.5,-0.5376,0.77,2,0,0.5,2.5,0,-2.5,327225.4682,333337.9682,0,,0
4669,4669,2,66.67,0.2224,-0.5,-0.5376,0.76,2.5,0,0.5,2.5,0,-2.5,327222.9682,333337.9682,0,,0
4670,4670,2.5,83.33,0.2324,-0.5,-0.5376,0.77,3,0,0.5,2.5,0,-2.5,327220.4682,333337.9682,0,,0
4671,4671,3,100,0.77,0,0,0.77,3,0,0,0,0,0,327220.4682,333337.9682,0,,0
4672,4672,3,100,0.76,0,0,0.76,3,0,0,0,0,0,327220.4682,333337.9682,0,,0
4673,4673,3,100,0.76,0,0,0.76,3,0,0,0,3.6784,3.6784,327224.1466,333341.6466,3.6784,,4.84
4674,4674,3,100,1.4825,0.75,0.7125,0.77,2.25,0,0.75,3.75,47.1583,43.4083,327267.5549,333388.8049,24.4937,,31.81
4675,4675,2.25,75,2.9075,2.25,2.1375,0.77,0,0,2.25,11.25,92.4876,81.2376,327348.7925,333481.2925,24.4937,,31.81
4676,4676,0,0,0.77,0,0,0.77,0,0,0,0,14.9226,14.9226,327363.7151,333496.2151,14.9226,,19.38
4677,4677,0,0,0.77,0,0,0.77,0,0,0,0,7.4536,7.4536,327371.1687,333503.6687,7.4536,,9.68
4678,4678,0,0,0.78,0,0,0.78,0,0,0,0,1.5132,1.5132,327372.6819,333505.1819,1.5132,,1.94
4679,4679,0,0,0.68,0,0,0.68,0,0,0,0,0.1292,0.1292,327372.8111,333505.3111,0.1292,,0.19
4680,4680,0,0,0.1324,-0.5,-0.5376,0.67,0.5,0,0.5,2.5,0,-2.5,327370.3111,333505.3111,0,,0
4681,4681,0.5,16.67,0.1324,-0.5,-0.5376,0.67,1,0,0.5,2.5,0,-2.5,327367.8111,333505.3111,0,,0
4682,4682,1,33.33,0.1324,-0.5,-0.5376,0.67,1.5,0,0.5,2.5,0,-2.5,327365.3111,333505.3111,0,,0
4683,4683,1.5,50,0.1324,-0.5,-0.5376,0.67,2,0,0.5,2.5,0,-2.5,327362.8111,333505.3111,0,,0
4684,4684,2,66.67,0.1324,-0.5,-0.5376,0.67,2.5,0,0.5,2.5,0,-2.5,327360.3111,333505.3111,0,,0
4685,4685,2.5,83.33,0.1424,-0.5,-0.5376,0.68,3,0,0.5,2.5,0,-2.5,327357.8111,333505.3111,0,,0
4686,4686,3,100,0.68,0,0,0.68,3,0,0,0,2.2372,2.2372,327360.0483,333507.5483,2.2372,,3.29
4687,4687,3,100,0.68,0,0,0.68,3,0,0,0,3.5836,3.5836,327363.6319,333511.1319,3.5836,,5.27
4688,4688,3,100,3,2.5,2.375,0.68,0.5,0.055,2.5,12.5,181.83,169.33,327532.9619,333692.9619,41.2148,,60.61
4689,4689,0.5,16.67,1.145,0.5,0.475,0.67,0,0,0.5,2.5,45.4565,42.9565,327575.9184,333738.4184,26.599,,39.7
4690,4690,0,0,0.1324,-0.5,-0.5376,0.67,0.5,0,0.5,2.5,2.5639,0.0639,327575.9823,333740.9823,12.9779,,19.37
4691,4691,0.5,16.67,0.1324,-0.5,-0.5376,0.67,1,0,0.5,2.5,0.6023,-1.8977,327574.0846,333741.5846,3.0485,,4.55
4692,4692,1,33.33,0.1324,-0.5,-0.5376,0.67,1.5,0,0.5,2.5,0.4355,-2.0645,327572.0201,333742.0201,2.2043,,3.29
4693,4693,1.5,50,0.1224,-0.5,-0.5376,0.66,2,0,0.5,2.5,0.405,-2.095,327569.9251,333742.4251,2.1846,,3.31
4694,4694,2,66.67,0.1424,-0.5,-0.5376,0.68,2.5,0,0.5,2.5,2.1497,-0.3503,327569.5748,333744.5748,10.268,,15.1
4695,4695,2.5,83.33,0.2324,-0.5,-0.5376,0.77,3,0,0.5,2.5,4.8471,2.3471,327571.9219,333749.4219,16.0622,,20.86
4696,4696,3,100,0.77,0,0,0.77,3,0,0,0,26.8422,26.8422,327598.7641,333776.2641,26.8422,,34.86
4697,4697,3,100,2.9075,2.25,2.1375,0.77,0.75,0,2.25,11.25,191.4298,180.1798,327778.9439,333967.6939,50.6968,,65.84
4698,4698,0.75,25,1.4825,0.75,0.7125,0.77,0,0,0.75,3.75,96.748,92.998,327871.9419,334064.4419,50.2502,,65.26
4699,4699,0,0,0.77,0,0,0.77,0,0,0,0,47.4089,47.4089,327919.3508,334111.8508,47.4089,,61.57
4700,4700,0,0,0.78,0,0,0.78,0,0,0,0,43.3134,43.3134,327962.6642,334155.1642,43.3134,,55.53
4701,4701,0,0,0.78,0,0,0.78,0,0,0,0,43.7892,43.7892,328006.4534,334198.9534,43.7892,,56.14
4702,4702,0,0,0.78,0,0,0.78,0,0,0,0,15.1086,15.1086,328021.562,334214.062,15.1086,,19.37
4703,4703,0,0,0.2424,-0.5,-0.5376,0.78,0.5,0,0.5,2.5,1.1028,-1.3972,328020.1648,334215.1648,3.549,,4.55
4704,4704,0.5,16.67,0.78,0,0,0.78,0.5,0,0,0,11.7858,11.7858,328031.9506,334226.9506,11.7858,,15.11
4705,4705,0.5,16.67,0.2324,-0.5,-0.5376,0.77,1,0,0.5,2.5,3.1509,0.6509,328032.6015,334230.1015,10.4412,,13.56
4706,4706,1,33.33,0.2324,-0.5,-0.5376,0.77,1.5,0,0.5,2.5,2.7768,0.2768,328032.8783,334232.8783,9.2015,,11.95
4707,4707,1.5,50,0.2424,-0.5,-0.5376,0.78,2,0,0.5,2.5,1.4639,-1.0361,328031.8422,334234.3422,4.7112,,6.04
4708,4708,2,66.67,0.2424,-0.5,-0.5376,0.78,2.5,0,0.5,2.5,1.2773,-1.2227,328030.6195,334235.6195,4.1106,,5.27
4709,4709,2.5,83.33,0.2424,-0.5,-0.5376,0.78,3,0,0.5,2.5,1.4057,-1.0943,328029.5252,334237.0252,4.524,,5.8
4710,4710,3,100,0.78,0,0,0.78,3,0,0,0,10.5768,10.5768,328040.102,334247.602,10.5768,,13.56
4711,4711,3,100,0.78,0,0,0.78,3,0,0,0,21.9024,21.9024,328062.0044,334269.5044,21.9024,,28.08
4712,4712,3,100,2.9075,2.25,2.1375,0.77,0.75,0,2.25,11.25,174.4209,163.1709,328225.1753,334443.9253,46.1923,,59.99
4713,4713,0.75,25,0.78,0,0,0.78,0.75,0,0,0,30.2094,30.2094,328255.3847,334474.1347,30.2094,,38.73
4714,4714,0.75,25,0.1224,-0.5,-0.5376,0.66,1.25,0,0.5,2.5,2.8756,0.3756,328255.7603,334477.0103,15.51,,23.5
4715,4715,1.25,41.67,0.3912,-0.25,-0.2688,0.66,1.5,0,0.25,1.25,12.4435,11.1935,328266.9538,334489.4538,20.9946,,31.81
4716,4716,1.5,50,0.1324,-0.5,-0.5376,0.67,2,0,0.5,2.5,1.7949,-0.7051,328266.2487,334491.2487,9.0852,,13.56
4717,4717,2,66.67,0.1324,-0.5,-0.5376,0.67,2.5,0,0.5,2.5,2.9623,0.4623,328266.711,334494.211,14.9946,,22.38
4718,4718,2.5,83.33,0.67,0,0,0.67,2.5,0,0,0,21.3127,21.3127,328288.0237,334515.5237,21.3127,,31.81
4719,4719,2.5,83.33,0.1324,-0.5,-0.5376,0.67,3,0,0.5,2.5,3.8333,1.3333,328289.357,334519.357,19.4032,,28.96
4720,4720,3,100,0.67,0,0,0.67,3,0,0,0,21.4065,21.4065,328310.7635,334540.7635,21.4065,,31.95
4721,4721,3,100,0.67,0,0,0.67,3,0,0,0,27.336,27.336,328338.0995,334568.0995,27.336,,40.8
4722,4722,3,100,2.8175,2.25,2.1375,0.68,0.75,0,2.25,11.25,141.8611,130.6111,328468.7106,334709.9606,34.238,,50.35
4723,4723,0.75,25,0.1424,-0.5,-0.5376,0.68,1.25,0,0.5,2.5,4.5486,2.0486,328470.7592,334714.5092,21.726,,31.95
4724,4724,1.25,41.67,0.1424,-0.5,-0.5376,0.68,1.75,0,0.5,2.5,4.5286,2.0286,328472.7878,334719.0378,21.6308,,31.81
4725,4725,1.75,58.33,2.3425,1.75,1.6625,0.68,0,0,1.75,8.75,113.4473,104.6973,328577.4851,334832.4851,32.9324,,48.43
4726,4726,0,0,0.68,0,0,0.68,0,0,0,0,13.1716,13.1716,328590.6567,334845.6567,13.1716,,19.37
4727,4727,0,0,0.1424,-0.5,-0.5376,0.68,0.5,0,0.5,2.5,1.3781,-1.1219,328589.5348,334847.0348,6.5824,,9.68
4728,4728,0.5,16.67,0.67,0,0,0.67,0.5,0,0,0,7.7653,7.7653,328597.3001,334854.8001,7.7653,,11.59
4729,4729,0.5,16.67,0.0924,-0.5,-0.5376,0.63,1,0,0.5,2.5,0.8923,-1.6077,328595.6924,334855.6924,6.0858,,9.66
4730,4730,1,33.33,0.0824,-0.5,-0.5376,0.62,1.5,0,0.5,2.5,0.5255,-1.9745,328593.7179,334856.2179,3.9556,,6.38
4731,4731,1.5,50,0.0924,-0.5,-0.5376,0.63,2,0,0.5,2.5,0.4193,-2.0807,328591.6372,334856.6372,2.8602,,4.54
4732,4732,2,66.67,0.0924,-0.5,-0.5376,0.63,2.5,0,0.5,2.5,0.4193,-2.0807,328589.5565,334857.0565,2.8602,,4.54
4733,4733,2.5,83.33,0.0924,-0.5,-0.5376,0.63,3,0,0.5,2.5,0.4193,-2.0807,328587.4758,334857.4758,2.8602,,4.54
4734,4734,3,100,0.63,0,0,0.63,3,0,0,0,8.5176,8.5176,328595.9934,334865.9934,8.5176,,13.52
4735,4735,3,100,0.63,0,0,0.63,3,0,0,0,17.6463,17.6463,328613.6397,334883.6397,17.6463,,28.01
4736,4736,3,100,0.63,0,0,0.63,3,0,0,0,24.2739,24.2739,328637.9136,334907.9136,24.2739,,38.53
4737,4737,3,100,1.105,0.5,0.475,0.63,2.5,0,0.5,2.5,58.5871,56.0871,328694.0007,334966.5007,33.4026,,53.02
4738,4738,2.5,83.33,0.61,0,0,0.61,2.5,0,0,0,25.9189,25.9189,328719.9196,334992.4196,25.9189,,42.49
4739,4739,2.5,83.33,0.62,0,0,0.62,2.5,0,0,0,26.3438,26.3438,328746.2634,335018.7634,26.3438,,42.49
4740,4740,2.5,83.33,0.0824,-0.5,-0.5376,0.62,3,0,0.5,2.5,2.6135,0.1135,328746.3769,335021.3769,19.6726,,31.73
4741,4741,3,100,0.62,0,0,0.62,3,0,0,0,32.333,32.333,328778.7099,335053.7099,32.333,,52.15
4742,4742,3,100,0.6,0,0,0.6,3,0,0,0,36.264,36.264,328814.9739,335089.9739,36.264,,60.44
4743,4743,3,100,1.085,0.5,0.475,0.61,2.5,0,0.5,2.5,71.2519,68.7519,328883.7258,335161.2258,40.0587,,65.67
4744,4744,2.5,83.33,0.62,0,0,0.62,2.5,0,0,0,40.114,40.114,328923.8398,335201.3398,40.114,,64.7
4745,4745,2.5,83.33,0.62,0,0,0.62,2.5,0,0,0,37.603,37.603,328961.4428,335238.9428,37.603,,60.65
4746,4746,2.5,83.33,0.62,0,0,0.62,2.5,0,0,0,40.4178,40.4178,329001.8606,335279.3606,40.4178,,65.19
4747,4747,2.5,83.33,2.055,1.5,1.425,0.63,1,0,1.5,7.5,134.9518,127.4518,329129.3124,335414.3124,41.3721,,65.67
4748,4748,1,33.33,0.63,0,0,0.63,1,0,0,0,37.6551,37.6551,329166.9675,335451.9675,37.6551,,59.77
4749,4749,1,33.33,0.63,0,0,0.63,1,0,0,0,32.5269,32.5269,329199.4944,335484.4944,32.5269,,51.63
4750,4750,1,33.33,0.62,0,0,0.62,1,0,0,0,32.3082,32.3082,329231.8026,335516.8026,32.3082,,52.11
4751,4751,1,33.33,0.0924,-0.5,-0.5376,0.63,1.5,0,0.5,2.5,3.4609,0.9609,329232.7635,335520.2635,23.6061,,37.47
4752,4752,1.5,50,0.62,0,0,0.62,1.5,0,0,0,34.7882,34.7882,329267.5517,335555.0517,34.7882,,56.11
4753,4753,1.5,50,0.0824,-0.5,-0.5376,0.62,2,0,0.5,2.5,3.7468,1.2468,329268.7985,335558.7985,28.2038,,45.49
4754,4754,2,66.67,0.0824,-0.5,-0.5376,0.62,2.5,0,0.5,2.5,2.8688,0.3688,329269.1673,335561.6673,21.5946,,34.83
4755,4755,2.5,83.33,0.0824,-0.5,-0.5376,0.62,3,0,0.5,2.5,2.6291,0.1291,329269.2964,335564.2964,19.7904,,31.92
4756,4756,3,100,0.62,0,0,0.62,3,0,0,0,32.9282,32.9282,329302.2246,335597.2246,32.9282,,53.11
4757,4757,3,100,0.63,0,0,0.63,3,0,0,0,41.3217,41.3217,329343.5463,335638.5463,41.3217,,65.59
4758,4758,3,100,0.63,0,0,0.63,3,0,0,0,41.4414,41.4414,329384.9877,335679.9877,41.4414,,65.78
4759,4759,3,100,0.63,0,0,0.63,3,0,0,0,41.4414,41.4414,329426.4291,335721.4291,41.4414,,65.78
4760,4760,3,100,1.095,0.5,0.475,0.62,2.5,0,0.5,2.5,72.0291,69.5291,329495.9582,335793.4582,40.7836,,65.78
4761,4761,2.5,83.33,2.995,2.5,2.375,0.62,0,0,2.5,12.5,197.0111,184.5111,329680.4693,335990.4693,40.7836,,65.78
4762,4762,0,0,0.0824,-0.5,-0.5376,0.62,0.5,0,0.5,2.5,2.4108,-0.0892,329680.3801,335992.8801,18.1474,,29.27
4763,4763,0.5,16.67,0.0724,-0.5,-0.5376,0.61,1,0,0.5,2.5,0.6998,-1.8002,329678.5799,335993.5799,5.8987,,9.67
4764,4764,1,33.33,0.0724,-0.5,-0.5376,0.61,1.5,0,0.5,2.5,1.7882,-0.7118,329677.8681,335995.3681,15.0731,,24.71
4765,4765,1.5,50,0.1124,-0.5,-0.5376,0.65,2,0,0.5,2.5,2.1743,-0.3257,329677.5424,335997.5424,12.5775,,19.35
4766,4766,2,66.67,0.1324,-0.5,-0.5376,0.67,2.5,0,0.5,2.5,0.8127,-1.6873,329675.8551,335998.3551,4.1138,,6.14
4767,4767,2.5,83.33,0.1324,-0.5,-0.5376,0.67,3,0,0.5,2.5,1.28,-1.22,329674.6351,335999.6351,6.4789,,9.67
4768,4768,3,100,0.67,0,0,0.67,3,0,0,0,23.3361,23.3361,329697.9712,336022.9712,23.3361,,34.83
4769,4769,3,100,0.67,0,0,0.67,3,0,0,0,44.0726,44.0726,329742.0438,336067.0438,44.0726,,65.78
4770,4770,3,100,1.3825,0.75,0.7125,0.67,2.25,0,0.75,3.75,90.9408,87.1908,329829.2346,336157.9846,44.0726,,65.78
4771,4771,2.25,75,2.8075,2.25,2.1375,0.67,0,0,2.25,11.25,184.6773,173.4273,330002.6619,336342.6619,44.0726,,65.78
4772,4772,0,0,0.68,0,0,0.68,0,0,0,0,43.3772,43.3772,330046.0391,336386.0391,43.3772,,63.79
4773,4773,0,0,0.67,0,0,0.67,0,0,0,0,37.5803,37.5803,330083.6194,336423.6194,37.5803,,56.09
4774,4774,0,0,0.68,0,0,0.68,0,0,0,0,33.4832,33.4832,330117.1026,336457.1026,33.4832,,49.24
4775,4775,0,0,0.68,0,0,0.68,0,0,0,0,21.6104,21.6104,330138.713,336478.713,21.6104,,31.78
4776,4776,0,0,0.67,0,0,0.67,0,0,0,0,22.6795,22.6795,330161.3925,336501.3925,22.6795,,33.85
4777,4777,0,0,0.66,0,0,0.66,0,0,0,0,21.0672,21.0672,330182.4597,336522.4597,21.0672,,31.92
4778,4778,0,0,0.66,0,0,0.66,0,0,0,0,16.5198,16.5198,330198.9795,336538.9795,16.5198,,25.03
4779,4779,0,0,0.67,0,0,0.67,0,0,0,0,16.7701,16.7701,330215.7496,336555.7496,16.7701,,25.03
4780,4780,0,0,0.68,0,0,0.68,0,0,0,0,20.3796,20.3796,330236.1292,336576.1292,20.3796,,29.97
4781,4781,0,0,0.68,0,0,0.68,0,0,0,0,21.7056,21.7056,330257.8348,336597.8348,21.7056,,31.92
4782,4782,0,0,0.68,0,0,0.68,0,0,0,0,21.046,21.046,330278.8808,336618.8808,21.046,,30.95
4783,4783,0,0,0.68,0,0,0.68,0,0,0,0,18.6796,18.6796,330297.5604,336637.5604,18.6796,,27.47
4784,4784,0,0,0.78,0,0,0.78,0,0,0,0,30.1782,30.1782,330327.7386,336667.7386,30.1782,,38.69
4785,4785,0,0,0,0,0,0,0,0,0,0,0,0,330327.7386,336667.7386,0,,25.03
4786,4786,0,0,0,0,0,0,0,0,0,0,0,0,330327.7386,336667.7386,0,,3.33
4787,4787,0,0,0,0,0,0,0,0,0,0,0,0,330327.7386,336667.7386,0,,0.97
4788,4788,0,0,0,0,0,0,0,0,0,0,0,0,330327.7386,336667.7386,0,,0
4789,4789,0,0,0.2435,-0.75,-0.8065,1.05,0.75,0,0.75,3.75,0,-3.75,330323.9886,336667.7386,0,,0
4790,4790,0.75,25,0.1935,-0.75,-0.8065,1,1.5,0,0.75,3.75,0,-3.75,330320.2386,336667.7386,0,,0
4791,4791,1.5,50,0.2635,-0.75,-0.8065,1.07,2.25,0,0.75,3.75,0.8671,-2.8829,330317.3557,336668.6057,3.5203,,3.29
4792,4792,2.25,75,0.2535,-0.75,-0.8065,1.06,3,0,0.75,3.75,0.9863,-2.7637,330314.592,336669.592,4.1234,,3.89
4793,4793,3,100,1.06,0,0,1.06,3,0,0,0,34.8634,34.8634,330349.4554,336704.4554,34.8634,,32.89
4794,4794,3,100,2.96,2,1.9,1.06,1,0,2,10,188.9664,178.9664,330528.4218,336893.4218,67.6704,,63.84
4795,4795,1,33.33,0.2535,-0.75,-0.8065,1.06,1.75,0,0.75,3.75,9.8098,6.0598,330534.4816,336903.2316,41.0114,,38.69
4796,4796,1.75,58.33,0.98,0,0,0.98,1.75,0,0,0,54.978,54.978,330589.4596,336958.2096,54.978,,56.1
4797,4797,1.75,58.33,2.6425,1.75,1.6625,0.98,0,0,1.75,8.75,153.3179,144.5679,330734.0275,337111.5275,56.8596,,58.02
4798,4798,0,0,0.98,0,0,0.98,0,0,0,0,25.5976,25.5976,330759.6251,337137.1251,25.5976,,26.12
4799,4799,0,0,0.1735,-0.75,-0.8065,0.98,0.75,0,0.75,3.75,2.6188,-1.1312,330758.4939,337139.7439,14.7882,,15.09
4800,4800,0.75,25,0.98,0,0,0.98,0.75,0,0,0,28.5278,28.5278,330787.0217,337168.2717,28.5278,,29.11
4801,4801,0.75,25,0.97,0,0,0.97,0.75,0,0,0,27.2279,27.2279,330814.2496,337195.4996,27.2279,,28.07
4802,4802,0.75,25,0.97,0,0,0.97,0.75,0,0,0,27.2279,27.2279,330841.4775,337222.7275,27.2279,,28.07
4803,4803,0.75,25,0.97,0,0,0.97,0.75,0,0,0,23.9105,23.9105,330865.388,337246.638,23.9105,,24.65
4804,4804,0.75,25,0.98,0,0,0.98,0.75,0,0,0,32.3302,32.3302,330897.7182,337278.9682,32.3302,,32.99
4805,4805,0.75,25,0.98,0,0,0.98,0.75,0,0,0,35.9954,35.9954,330933.7136,337314.9636,35.9954,,36.73
4806,4806,0.75,25,1.6825,0.75,0.7125,0.97,0,0,0.75,3.75,61.7982,58.0482,330991.7618,337376.7618,35.6281,,36.73
4807,4807,0,0,0.97,0,0,0.97,0,0,0,0,30.1185,30.1185,331021.8803,337406.8803,30.1185,,31.05
4808,4808,0,0,0.88,0,0,0.88,0,0,0,0,29.0312,29.0312,331050.9115,337435.9115,29.0312,,32.99
4809,4809,0,0,0.88,0,0,0.88,0,0,0,0,24.7016,24.7016,331075.6131,337460.6131,24.7016,,28.07
4810,4810,0,0,0.86,0,0,0.86,0,0,0,0,4.7902,4.7902,331080.4033,337465.4033,4.7902,,5.57
4811,4811,0,0,0.0535,-0.75,-0.8065,0.86,0.75,0,0.75,3.75,0.2078,-3.5422,331076.8611,337465.6111,3.3368,,3.88
4812,4812,0.75,25,0.0535,-0.75,-0.8065,0.86,1.5,0,0.75,3.75,0.1778,-3.5722,331073.2889,337465.7889,2.8552,,3.32
4813,4813,1.5,50,0.0535,-0.75,-0.8065,0.86,2.25,0,0.75,3.75,0.188,-3.562,331069.7269,337465.9769,3.0186,,3.51
4814,4814,2.25,75,0.0535,-0.75,-0.8065,0.86,3,0,0.75,3.75,0.2495,-3.5005,331066.2264,337466.2264,4.0076,,4.66
4815,4815,3,100,0.87,0,0,0.87,3,0,0,0,14.4159,14.4159,331080.6423,337480.6423,14.4159,,16.57
4816,4816,3,100,0.87,0,0,0.87,3,0,0,0,16.8954,16.8954,331097.5377,337497.5377,16.8954,,19.42
4817,4817,3,100,0.87,0,0,0.87,3,0,0,0,39.672,39.672,331137.2097,337537.2097,39.672,,45.6
4818,4818,3,100,3,2.25,2.1375,0.87,0.75,0.0075,2.25,11.25,188.97,177.72,331314.9297,337726.1797,54.8013,,62.99
4819,4819,0.75,25,0.78,0,0,0.78,0.75,0,0,0,45.4038,45.4038,331360.3335,337771.5835,45.4038,,58.21
4820,4820,0.75,25,1.4925,0.75,0.7125,0.78,0,0,0.75,3.75,86.8784,83.1284,331443.4619,337858.4619,45.4038,,58.21
4821,4821,0,0,0.78,0,0,0.78,0,0,0,0,37.8378,37.8378,331481.2997,337896.2997,37.8378,,48.51
4822,4822,0,0,0.78,0,0,0.78,0,0,0,0,25.7322,25.7322,331507.0319,337922.0319,25.7322,,32.99
4823,4823,0,0,0.68,0,0,0.68,0,0,0,0,15.8372,15.8372,331522.8691,337937.8691,15.8372,,23.29
4824,4824,0,0,0.68,0,0,0.68,0,0,0,0,21.1752,21.1752,331544.0443,337959.0443,21.1752,,31.14
4825,4825,0,0,0.67,0,0,0.67,0,0,0,0,18.8605,18.8605,331562.9048,337977.9048,18.8605,,28.15
4826,4826,0,0,0.67,0,0,0.67,0,0,0,0,18.492,18.492,331581.3968,337996.3968,18.492,,27.6
4827,4827,0,0,0.67,0,0,0.67,0,0,0,0,15.6579,15.6579,331597.0547,338012.0547,15.6579,,23.37
4828,4828,0,0,0.68,0,0,0.68,0,0,0,0,21.1752,21.1752,331618.2299,338033.2299,21.1752,,31.14
4829,4829,0,0,0.68,0,0,0.68,0,0,0,0,23.0316,23.0316,331641.2615,338056.2615,23.0316,,33.87
4830,4830,0,0,0.68,0,0,0.68,0,0,0,0,21.1752,21.1752,331662.4367,338077.4367,21.1752,,31.14
4831,4831,0,0,0.68,0,0,0.68,0,0,0,0,9.2616,9.2616,331671.6983,338086.6983,9.2616,,13.62
4832,4832,0,0,0.66,0,0,0.66,0,0,0,0,2.9634,2.9634,331674.6617,338089.6617,2.9634,,4.49
4833,4833,0,0,0.1224,-0.5,-0.5376,0.66,0.5,0,0.5,2.5,0.405,-2.095,331672.5667,338090.0667,2.1846,,3.31
4834,4834,0.5,16.67,0.1224,-0.5,-0.5376,0.66,1,0,0.5,2.5,0.0196,-2.4804,331670.0863,338090.0863,0.1056,,0.16
4835,4835,1,33.33,0.1224,-0.5,-0.5376,0.66,1.5,0,0.5,2.5,0,-2.5,331667.5863,338090.0863,0,,0
4836,4836,1.5,50,0.1324,-0.5,-0.5376,0.67,2,0,0.5,2.5,0,-2.5,331665.0863,338090.0863,0,,0
4837,4837,2,66.67,0.1324,-0.5,-0.5376,0.67,2.5,0,0.5,2.5,0,-2.5,331662.5863,338090.0863,0,,0
4838,4838,2.5,83.33,0.1324,-0.5,-0.5376,0.67,3,0,0.5,2.5,0.0635,-2.4365,331660.1498,338090.1498,0.3216,,0.48
4839,4839,3,100,0.67,0,0,0.67,3,0,0,0,2.2244,2.2244,331662.3742,338092.3742,2.2244,,3.32
4840,4840,3,100,0.67,0,0,0.67,3,0,0,0,3.3902,3.3902,331665.7644,338095.7644,3.3902,,5.06
4841,4841,3,100,0.67,0,0,0.67,3,0,0,0,22.6929,22.6929,331688.4573,338118.4573,22.6929,,33.87
4842,4842,3,100,1.3825,0.75,0.7125,0.67,2.25,0,0.75,3.75,72.6504,68.9004,331757.3577,338191.1077,35.2085,,52.55
4843,4843,2.25,75,0.67,0,0,0.67,2.25,0,0,0,30.6458,30.6458,331788.0035,338221.7535,30.6458,,45.74
4844,4844,2.25,75,0.67,0,0,0.67,2.25,0,0,0,28.6894,28.6894,331816.6929,338250.4429,28.6894,,42.82
4845,4845,2.25,75,2.8075,2.25,2.1375,0.67,0,0,2.25,11.25,157.1358,145.8858,331962.5787,338407.5787,37.4999,,55.97
4846,4846,0,0,0.1324,-0.5,-0.5376,0.67,0.5,0,0.5,2.5,2.7042,0.2042,331962.7829,338410.2829,13.6881,,20.43
4847,4847,0.5,16.67,0.1424,-0.5,-0.5376,0.68,1,0,0.5,2.5,2.1611,-0.3389,331962.444,338412.444,10.3224,,15.18
4848,4848,1,33.33,0.1324,-0.5,-0.5376,0.67,1.5,0,0.5,2.5,4.1219,1.6219,331964.0659,338416.5659,20.8638,,31.14
4849,4849,1.5,50,0.1224,-0.5,-0.5376,0.66,2,0,0.5,2.5,3.8105,1.3105,331965.3764,338420.3764,20.5524,,31.14
4850,4850,2,66.67,0.1424,-0.5,-0.5376,0.68,2.5,0,0.5,2.5,4.0076,1.5076,331966.884,338424.384,19.142,,28.15
4851,4851,2.5,83.33,0.1424,-0.5,-0.5376,0.68,3,0,0.5,2.5,2.7704,0.2704,331967.1544,338427.1544,13.2328,,19.46
4852,4852,3,100,0.67,0,0,0.67,3,0,0,0,22.6929,22.6929,331989.8473,338449.8473,22.6929,,33.87
4853,4853,3,100,0.67,0,0,0.67,3,0,0,0,25.9491,25.9491,332015.7964,338475.7964,25.9491,,38.73
4854,4854,3,100,0.67,0,0,0.67,3,0,0,0,28.5554,28.5554,332044.3518,338504.3518,28.5554,,42.62
4855,4855,3,100,0.67,0,0,0.67,3,0,0,0,22.6929,22.6929,332067.0447,338527.0447,22.6929,,33.87
4856,4856,3,100,3,2.5,2.375,0.68,0.5,0.055,2.5,12.5,197.04,184.54,332251.5847,338724.0847,44.6624,,65.68
4857,4857,0.5,16.67,0.67,0,0,0.67,0.5,0,0,0,28.6894,28.6894,332280.2741,338752.7741,28.6894,,42.82
4858,4858,0.5,16.67,0.1224,-0.5,-0.5376,0.66,1,0,0.5,2.5,4.1445,1.6445,332281.9186,338756.9186,22.3542,,33.87
4859,4859,1,33.33,0.1124,-0.5,-0.5376,0.65,1.5,0,0.5,2.5,3.28,0.78,332282.6986,338760.1986,18.9735,,29.19
4860,4860,1.5,50,0.1224,-0.5,-0.5376,0.66,2,0,0.5,2.5,3.5719,1.0719,332283.7705,338763.7705,19.2654,,29.19
4861,4861,2,66.67,0.3912,-0.25,-0.2688,0.66,2.25,0,0.25,1.25,13.2494,11.9994,332295.7699,338777.0199,22.3542,,33.87
4862,4862,2.25,75,0.2424,-0.5,-0.5376,0.78,2.75,0,0.5,2.5,5.9598,3.4598,332299.2297,338782.9797,19.1802,,24.59
4863,4863,2.75,91.67,0.0612,-0.25,-0.2688,0.33,3,0,0.25,1.25,1.7223,0.4723,332299.702,338784.702,9.2895,,28.15
4864,4864,3,100,0.87,0,0,0.87,3,0,0,0,33.6951,33.6951,332333.3971,338818.3971,33.6951,,38.73
4865,4865,3,100,0.87,0,0,0.87,3,0,0,0,57.0633,57.0633,332390.4604,338875.4604,57.0633,,65.59
4866,4866,3,100,0.87,0,0,0.87,3,0,0,0,57.5679,57.5679,332448.0283,338933.0283,57.5679,,66.17
4867,4867,3,100,1.5825,0.75,0.7125,0.87,2.25,0,0.75,3.75,104.714,100.964,332548.9923,339037.7423,57.5679,,66.17
4868,4868,2.25,75,0.88,0,0,0.88,2.25,0,0,0,57.7192,57.7192,332606.7115,339095.4615,57.7192,,65.59
4869,4869,2.25,75,0.88,0,0,0.88,2.25,0,0,0,52.2544,52.2544,332658.9659,339147.7159,52.2544,,59.38
4870,4870,2.25,75,0.88,0,0,0.88,2.25,0,0,0,51.3656,51.3656,332710.3315,339199.0815,51.3656,,58.37
4871,4871,2.25,75,0.88,0,0,0.88,2.25,0,0,0,47.8984,47.8984,332758.2299,339246.9799,47.8984,,54.43
4872,4872,2.25,75,0.87,0,0,0.87,2.25,0,0,0,50.6949,50.6949,332808.9248,339297.6748,50.6949,,58.27
4873,4873,2.25,75,0.87,0,0,0.87,2.25,0,0,0,50.7906,50.7906,332859.7154,339348.4654,50.7906,,58.38
4874,4874,2.25,75,0.87,0,0,0.87,2.25,0,0,0,44.022,44.022,332903.7374,339392.4874,44.022,,50.6
4875,4875,2.25,75,0.0735,-0.75,-0.8065,0.88,3,0,0.75,3.75,2.8632,-0.8868,332902.8506,339395.3506,34.2584,,38.93
4876,4876,3,100,0.88,0,0,0.88,3,0,0,0,56.4872,56.4872,332959.3378,339451.8378,56.4872,,64.19
4877,4877,3,100,1.83,1,0.95,0.88,2,0,1,5,121.0911,116.0911,333075.4289,339572.9289,58.2296,,66.17
4878,4878,2,66.67,2.78,2,1.9,0.88,0,0,2,10,183.9526,173.9526,333249.3815,339756.8815,58.2296,,66.17
4879,4879,0,0,0.0635,-0.75,-0.8065,0.87,0.75,0,0.75,3.75,2.4612,-1.2888,333248.0927,339759.3427,33.6951,,38.73
4880,4880,0.75,25,1.5825,0.75,0.7125,0.87,0,0,0.75,3.75,96.4059,92.6559,333340.7486,339855.7486,53.0004,,60.92
4881,4881,0,0,0.86,0,0,0.86,0,0,0,0,29.1282,29.1282,333369.8768,339884.8768,29.1282,,33.87
4882,4882,0,0,0.2224,-0.5,-0.5376,0.76,0.5,0,0.5,2.5,4.305,1.805,333371.6818,339889.1818,14.7136,,19.36
4883,4883,0.5,16.67,0.2224,-0.5,-0.5376,0.76,1,0,0.5,2.5,5.9505,3.4505,333375.1323,339895.1323,20.3376,,26.76
4884,4884,1,33.33,0.2224,-0.5,-0.5376,0.76,1.5,0,0.5,2.5,2.1703,-0.3297,333374.8026,339897.3026,7.4176,,9.76
4885,4885,1.5,50,0.2224,-0.5,-0.5376,0.76,2,0,0.5,2.5,3.0286,0.5286,333375.3312,339900.3312,10.3512,,13.62
4886,4886,2,66.67,0.2324,-0.5,-0.5376,0.77,2.5,0,0.5,2.5,4.071,1.571,333376.9022,339904.4022,13.4904,,17.52
4887,4887,2.5,83.33,0.2324,-0.5,-0.5376,0.77,3,0,0.5,2.5,1.0619,-1.4381,333375.4641,339905.4641,3.5189,,4.57
4888,4888,3,100,0.77,0,0,0.77,3,0,0,0,26.0799,26.0799,333401.544,339931.544,26.0799,,33.87
4889,4889,3,100,0.77,0,0,0.77,3,0,0,0,38.5616,38.5616,333440.1056,339970.1056,38.5616,,50.08
4890,4890,3,100,1.4925,0.75,0.7125,0.78,2.25,0,0.75,3.75,98.7587,95.0087,333535.1143,340068.8643,51.6126,,66.17
4891,4891,2.25,75,2.9175,2.25,2.1375,0.78,0,0,2.25,11.25,193.051,181.801,333716.9153,340261.9153,51.6126,,66.17
4892,4892,0,0,0.78,0,0,0.78,0,0,0,0,50.0682,50.0682,333766.9835,340311.9835,50.0682,,64.19
4893,4893,0,0,0.78,0,0,0.78,0,0,0,0,40.989,40.989,333807.9725,340352.9725,40.989,,52.55
4894,4894,0,0,0.78,0,0,0.78,0,0,0,0,40.9578,40.9578,333848.9303,340393.9303,40.9578,,52.51
4895,4895,0,0,0.78,0,0,0.78,0,0,0,0,37.206,37.206,333886.1363,340431.1363,37.206,,47.7
4896,4896,0,0,0.2324,-0.5,-0.5376,0.77,0.5,0,0.5,2.5,8.9949,6.4949,333892.6312,340440.1312,29.8067,,38.71
4897,4897,0.5,16.67,0.76,0,0,0.76,0.5,0,0,0,36.6168,36.6168,333929.248,340476.748,36.6168,,48.18
4898,4898,0.5,16.67,0.2324,-0.5,-0.5376,0.77,1,0,0.5,2.5,7.8261,5.3261,333934.5741,340484.5741,25.9336,,33.68
4899,4899,1,33.33,0.2424,-0.5,-0.5376,0.78,1.5,0,0.5,2.5,7.9763,5.4763,333940.0504,340492.5504,25.6698,,32.91
4900,4900,1.5,50,0.2424,-0.5,-0.5376,0.78,2,0,0.5,2.5,8.1629,5.6629,333945.7133,340500.7133,26.2704,,33.68
4901,4901,2,66.67,0.78,0,0,0.78,2,0,0,0,33.2124,33.2124,333978.9257,340533.9257,33.2124,,42.58
4902,4902,2,66.67,0.2424,-0.5,-0.5376,0.78,2.5,0,0.5,2.5,8.1629,5.6629,333984.5886,340542.0886,26.2704,,33.68
4903,4903,2.5,83.33,0.1424,-0.5,-0.5376,0.68,3,0,0.5,2.5,3.9748,1.4748,333986.0634,340546.0634,18.9856,,27.92
4904,4904,3,100,0.68,0,0,0.68,3,0,0,0,41.2012,41.2012,334027.2646,340587.2646,41.2012,,60.59
4905,4905,3,100,0.66,0,0,0.66,3,0,0,0,35.7456,35.7456,334063.0102,340623.0102,35.7456,,54.16
4906,4906,3,100,0.67,0,0,0.67,3,0,0,0,32.4347,32.4347,334095.4449,340655.4449,32.4347,,48.41
4907,4907,3,100,0.66,0,0,0.66,3,0,0,0,31.9506,31.9506,334127.3955,340687.3955,31.9506,,48.41
4908,4908,3,100,0.66,0,0,0.66,3,0,0,0,37.0458,37.0458,334164.4413,340724.4413,37.0458,,56.13
4909,4909,3,100,0.66,0,0,0.66,3,0,0,0,41.2038,41.2038,334205.6451,340765.6451,41.2038,,62.43
4910,4910,3,100,1.3725,0.75,0.7125,0.66,2.25,0,0.75,3.75,87.3596,83.6096,334289.2547,340853.0047,42.009,,63.65
4911,4911,2.25,75,0.66,0,0,0.66,2.25,0,0,0,38.3262,38.3262,334327.5809,340891.3309,38.3262,,58.07
4912,4912,2.25,75,0.67,0,0,0.67,2.25,0,0,0,42.6455,42.6455,334370.2264,340933.9764,42.6455,,63.65
4913,4913,2.25,75,0.67,0,0,0.67,2.25,0,0,0,38.9069,38.9069,334409.1333,340972.8833,38.9069,,58.07
4914,4914,2.25,75,0.66,0,0,0.66,2.25,0,0,0,41.4678,41.4678,334450.6011,341014.3511,41.4678,,62.83
4915,4915,2.25,75,2.8075,2.25,2.1375,0.67,0,0,2.25,11.25,183.414,172.164,334622.7651,341197.7651,43.7711,,65.33
4916,4916,0,0,0.67,0,0,0.67,0,0,0,0,38.9069,38.9069,334661.672,341236.672,38.9069,,58.07
4917,4917,0,0,0.68,0,0,0.68,0,0,0,0,36.8288,36.8288,334698.5008,341273.5008,36.8288,,54.16
4918,4918,0,0,0.4012,-0.25,-0.2688,0.67,0.25,0,0.25,1.25,15.4536,14.2036,334712.7044,341288.9544,25.8084,,38.52
4919,4919,0.25,8.33,0.1324,-0.5,-0.5376,0.67,0.75,0,0.5,2.5,5.0828,2.5828,334715.2872,341294.0372,25.728,,38.4
4920,4920,0.75,25,0.67,0,0,0.67,0.75,0,0,0,25.9759,25.9759,334741.2631,341320.0131,25.9759,,38.77
4921,4921,0.75,25,0.1224,-0.5,-0.5376,0.66,1.25,0,0.5,2.5,4.6022,2.1022,334743.3653,341324.6153,24.8226,,37.61
4922,4922,1.25,41.67,0.1324,-0.5,-0.5376,0.67,1.75,0,0.5,2.5,4.4647,1.9647,334745.33,341329.08,22.5991,,33.73
4923,4923,1.75,58.33,0.1424,-0.5,-0.5376,0.68,2.25,0,0.5,2.5,4.2752,1.7752,334747.1052,341333.3552,20.4204,,30.03
4924,4924,2.25,75,0.68,0,0,0.68,2.25,0,0,0,26.9892,26.9892,334774.0944,341360.3444,26.9892,,39.69
4925,4925,2.25,75,0.68,0,0,0.68,2.25,0,0,0,32.9324,32.9324,334807.0268,341393.2768,32.9324,,48.43
4926,4926,2.25,75,0.68,0,0,0.68,2.25,0,0,0,32.8168,32.8168,334839.8436,341426.0936,32.8168,,48.26
4927,4927,2.25,75,0.68,0,0,0.68,2.25,0,0,0,26.3636,26.3636,334866.2072,341452.4572,26.3636,,38.77
4928,4928,2.25,75,2.8175,2.25,2.1375,0.68,0,0,2.25,11.25,177.5025,166.2525,335032.4597,341629.9597,42.84,,63
4929,4929,0,0,0.61,0,0,0.61,0,0,0,0,21.2158,21.2158,335053.6755,341651.1755,21.2158,,34.78
4930,4930,0,0,0.1224,-0.5,-0.5376,0.66,0.5,0,0.5,2.5,2.3727,-0.1273,335053.5482,341653.5482,12.7974,,19.39
4931,4931,0.5,16.67,0.65,0,0,0.65,0.5,0,0,0,21.1055,21.1055,335074.6537,341674.6537,21.1055,,32.47
4932,4932,0.5,16.67,0.1224,-0.5,-0.5376,0.66,1,0,0.5,2.5,1.6605,-0.8395,335073.8142,341676.3142,8.9562,,13.57
4933,4933,1,33.33,0.1024,-0.5,-0.5376,0.64,1.5,0,0.5,2.5,1.9849,-0.5151,335073.2991,341678.2991,12.4096,,19.39
4934,4934,1.5,50,0.1124,-0.5,-0.5376,0.65,2,0,0.5,2.5,2.6136,0.1136,335073.4127,341680.9127,15.119,,23.26
4935,4935,2,66.67,0.1124,-0.5,-0.5376,0.65,2.5,0,0.5,2.5,2.1788,-0.3212,335073.0915,341683.0915,12.6035,,19.39
4936,4936,2.5,83.33,0.1224,-0.5,-0.5376,0.66,3,0,0.5,2.5,2.3727,-0.1273,335072.9642,341685.4642,12.7974,,19.39
4937,4937,3,100,0.66,0,0,0.66,3,0,0,0,25.5882,25.5882,335098.5524,341711.0524,25.5882,,38.77
4938,4938,3,100,0.66,0,0,0.66,3,0,0,0,19.8198,19.8198,335118.3722,341730.8722,19.8198,,30.03
4939,4939,3,100,0.67,0,0,0.67,3,0,0,0,22.5991,22.5991,335140.9713,341753.4713,22.5991,,33.73
4940,4940,3,100,0.67,0,0,0.67,3,0,0,0,22.5991,22.5991,335163.5704,341776.0704,22.5991,,33.73
4941,4941,3,100,2.3325,1.75,1.6625,0.67,1.25,0,1.75,8.75,96.9387,88.1887,335251.7591,341873.0091,27.8452,,41.56
4942,4942,1.25,41.67,0.1324,-0.5,-0.5376,0.67,1.75,0,0.5,2.5,3.3356,0.8356,335252.5947,341876.3447,16.884,,25.2
4943,4943,1.75,58.33,0.1324,-0.5,-0.5376,0.67,2.25,0,0.5,2.5,2.3098,-0.1902,335252.4045,341878.6545,11.6915,,17.45
4944,4944,2.25,75,0.67,0,0,0.67,2.25,0,0,0,19.4702,19.4702,335271.8747,341898.1247,19.4702,,29.06
4945,4945,2.25,75,0.67,0,0,0.67,2.25,0,0,0,22.579,22.579,335294.4537,341920.7037,22.579,,33.7
4946,4946,2.25,75,0.67,0,0,0.67,2.25,0,0,0,20.1067,20.1067,335314.5604,341940.8104,20.1067,,30.01
4947,4947,2.25,75,0.67,0,0,0.67,2.25,0,0,0,18.8203,18.8203,335333.3807,341959.6307,18.8203,,28.09
4948,4948,2.25,75,0.67,0,0,0.67,2.25,0,0,0,19.4702,19.4702,335352.8509,341979.1009,19.4702,,29.06
4949,4949,2.25,75,0.67,0,0,0.67,2.25,0,0,0,25.8285,25.8285,335378.6794,342004.9294,25.8285,,38.55
4950,4950,2.25,75,0.67,0,0,0.67,2.25,0,0,0,22.579,22.579,335401.2584,342027.5084,22.579,,33.7
4951,4951,2.25,75,0.1324,-0.5,-0.5376,0.67,2.75,0,0.5,2.5,2.5613,0.0613,335401.3197,342030.0697,12.9645,,19.35
4952,4952,2.75,91.67,2.8075,2.25,2.1375,0.67,0.5,0,2.25,11.25,134.2266,122.9766,335524.2963,342164.2963,32.0327,,47.81
4953,4953,0.5,16.67,0.66,0,0,0.66,0.5,0,0,0,22.242,22.242,335546.5383,342186.5383,22.242,,33.7
4954,4954,0.5,16.67,0.1224,-0.5,-0.5376,0.66,1,0,0.5,2.5,2.9955,0.4955,335547.0338,342189.5338,16.1568,,24.48
4955,4955,1,33.33,0.65,0,0,0.65,1,0,0,0,21.905,21.905,335568.9388,342211.4388,21.905,,33.7
4956,4956,1,33.33,0.1224,-0.5,-0.5376,0.66,1.5,0,0.5,2.5,2.845,0.345,335569.2838,342214.2838,15.345,,23.25
4957,4957,1.5,50,0.1224,-0.5,-0.5376,0.66,2,0,0.5,2.5,2.3678,-0.1322,335569.1516,342216.6516,12.771,,19.35
4958,4958,2,66.67,0.66,0,0,0.66,2,0,0,0,23.6544,23.6544,335592.806,342240.306,23.6544,,35.84
4959,4959,2,66.67,0.1224,-0.5,-0.5376,0.66,2.5,0,0.5,2.5,3.0812,0.5812,335593.3872,342243.3872,16.6188,,25.18
4960,4960,2.5,83.33,0.1224,-0.5,-0.5376,0.66,3,0,0.5,2.5,3.0812,0.5812,335593.9684,342246.4684,16.6188,,25.18
4961,4961,3,100,0.65,0,0,0.65,3,0,0,0,22.5875,22.5875,335616.5559,342269.0559,22.5875,,34.75
4962,4962,3,100,1.135,0.5,0.475,0.66,2.5,0,0.5,2.5,54.2644,51.7644,335668.3203,342323.3203,31.5546,,47.81
4963,4963,2.5,83.33,1.135,0.5,0.475,0.66,2,0,0.5,2.5,54.2644,51.7644,335720.0847,342377.5847,31.5546,,47.81
4964,4964,2,66.67,2.56,2,1.9,0.66,0,0,2,10,122.3936,112.3936,335832.4783,342499.9783,31.5546,,47.81
4965,4965,0,0,0.66,0,0,0.66,0,0,0,0,25.443,25.443,335857.9213,342525.4213,25.443,,38.55
4966,4966,0,0,0.66,0,0,0.66,0,0,0,0,21.0936,21.0936,335879.0149,342546.5149,21.0936,,31.96
4967,4967,0,0,0.67,0,0,0.67,0,0,0,0,19.3898,19.3898,335898.4047,342565.9047,19.3898,,28.94
4968,4968,0,0,0.67,0,0,0.67,0,0,0,0,22.5455,22.5455,335920.9502,342588.4502,22.5455,,33.65
4969,4969,0,0,0.62,0,0,0.62,0,0,0,0,19.6602,19.6602,335940.6104,342608.1104,19.6602,,31.71
4970,4970,0,0,0.61,0,0,0.61,0,0,0,0,17.1044,17.1044,335957.7148,342625.2148,17.1044,,28.04
4971,4971,0,0,0.62,0,0,0.62,0,0,0,0,17.794,17.794,335975.5088,342643.0088,17.794,,28.7
4972,4972,0,0,0.62,0,0,0.62,0,0,0,0,19.1828,19.1828,335994.6916,342662.1916,19.1828,,30.94
4973,4973,0,0,0.62,0,0,0.62,0,0,0,0,20.863,20.863,336015.5546,342683.0546,20.863,,33.65
4974,4974,0,0,0.62,0,0,0.62,0,0,0,0,20.863,20.863,336036.4176,342703.9176,20.863,,33.65
4975,4975,0,0,0.62,0,0,0.62,0,0,0,0,17.3848,17.3848,336053.8024,342721.3024,17.3848,,28.04
4976,4976,0,0,0.63,0,0,0.63,0,0,0,0,17.6652,17.6652,336071.4676,342738.9676,17.6652,,28.04
4977,4977,0,0,0.0924,-0.5,-0.5376,0.63,0.5,0,0.5,2.5,2.1438,-0.3562,336071.1114,342741.1114,14.6223,,23.21
4978,4978,0.5,16.67,0.61,0,0,0.61,0.5,0,0,0,16.958,16.958,336088.0694,342758.0694,16.958,,27.8
4979,4979,0.5,16.67,0.0724,-0.5,-0.5376,0.61,1,0,0.5,2.5,0.9451,-1.5549,336086.5145,342759.0145,7.9666,,13.06
4980,4980,1,33.33,0.0724,-0.5,-0.5376,0.61,1.5,0,0.5,2.5,0.6998,-1.8002,336084.7143,342759.7143,5.8987,,9.67
4981,4981,1.5,50,0.0824,-0.5,-0.5376,0.62,2,0,0.5,2.5,1.0757,-1.4243,336083.29,342760.79,8.0972,,13.06
4982,4982,2,66.67,0.62,0,0,0.62,2,0,0,0,17.3848,17.3848,336100.6748,342778.1748,17.3848,,28.04
4983,4983,2,66.67,0.0724,-0.5,-0.5376,0.61,2.5,0,0.5,2.5,1.2592,-1.2408,336099.434,342779.434,10.614,,17.4
4984,4984,2.5,83.33,0.0824,-0.5,-0.5376,0.62,3,0,0.5,2.5,1.9125,-0.5875,336098.8465,342781.3465,14.3964,,23.22
4985,4985,3,100,0.61,0,0,0.61,3,0,0,0,20.5265,20.5265,336119.373,342801.873,20.5265,,33.65
4986,4986,3,100,0.61,0,0,0.61,3,0,0,0,20.5265,20.5265,336139.8995,342822.3995,20.5265,,33.65
4987,4987,3,100,0.61,0,0,0.61,3,0,0,0,23.5582,23.5582,336163.4577,342845.9577,23.5582,,38.62
4988,4988,3,100,2.985,2.5,2.375,0.61,0.5,0,2.5,12.5,115.4598,102.9598,336266.4175,342961.4175,23.5948,,38.68
4989,4989,0.5,16.67,1.085,0.5,0.475,0.61,0,0,0.5,2.5,41.9027,39.4027,336305.8202,343003.3202,23.5582,,38.62
4990,4990,0,0,0.61,0,0,0.61,0,0,0,0,19.3431,19.3431,336325.1633,343022.6633,19.3431,,31.71
4991,4991,0,0,0.63,0,0,0.63,0,0,0,0,19.4922,19.4922,336344.6555,343042.1555,19.4922,,30.94
4992,4992,0,0,0.62,0,0,0.62,0,0,0,0,19.7842,19.7842,336364.4397,343061.9397,19.7842,,31.91
4993,4993,0,0,0.62,0,0,0.62,0,0,0,0,17.0004,17.0004,336381.4401,343078.9401,17.0004,,27.42
4994,4994,0,0,0.61,0,0,0.61,0,0,0,0,16.7262,16.7262,336398.1663,343095.6663,16.7262,,27.42
4995,4995,0,0,0.62,0,0,0.62,0,0,0,0,16.7896,16.7896,336414.9559,343112.4559,16.7896,,27.08
4996,4996,0,0,0.62,0,0,0.62,0,0,0,0,19.7842,19.7842,336434.7401,343132.2401,19.7842,,31.91
4997,4997,0,0,0.62,0,0,0.62,0,0,0,0,22.785,22.785,336457.5251,343155.0251,22.785,,36.75
4998,4998,0,0,0.63,0,0,0.63,0,0,0,0,24.2487,24.2487,336481.7738,343179.2738,24.2487,,38.49
4999,4999,0,0,0.62,0,0,0.62,0,0,0,0,17.391,17.391,336499.1648,343196.6648,17.391,,28.05
5000,5000,0,0,0.63,0,0,0.63,0,0,0,0,3.0492,3.0492,336502.214,343199.714,3.0492,,4.84
5001,5001,0,0,0.0724,-0.5,-0.5376,0.61,0.5,0,0.5,2.5,0.0702,-2.4298,336499.7842,343199.7842,0.5917,,0.97
5002,5002,0.5,16.67,0.0724,-0.5,-0.5376,0.61,1,0,0.5,2.5,0,-2.5,336497.2842,343199.7842,0,,0
5003,5003,1,33.33,0.0824,-0.5,-0.5376,0.62,1.5,0,0.5,2.5,0,-2.5,336494.7842,343199.7842,0,,0
5004,5004,1.5,50,0.0724,-0.5,-0.5376,0.61,2,0,0.5,2.5,0,-2.5,336492.2842,343199.7842,0,,0
5005,5005,2,66.67,0.0724,-0.5,-0.5376,0.61,2.5,0,0.5,2.5,0,-2.5,336489.7842,343199.7842,0,,0
5006,5006,2.5,83.33,0.2112,-0.25,-0.2688,0.48,2.75,0,0.25,1.25,0,-1.25,336488.5342,343199.7842,0,,0
5007,5007,2.75,91.67,0.3412,-0.25,-0.2688,0.61,3,0,0.25,1.25,1.0884,-0.1616,336488.3726,343200.8726,1.9459,,3.19
5008,5008,3,100,0.61,0,0,0.61,3,0,0,0,3.538,3.538,336491.9106,343204.4106,3.538,,5.8
5009,5009,3,100,0.61,0,0,0.61,3,0,0,0,15.3354,15.3354,336507.246,343219.746,15.3354,,25.14
5010,5010,3,100,0.66,0,0,0.66,3,0,0,0,22.9812,22.9812,336530.2272,343242.7272,22.9812,,34.82
5011,5011,3,100,0.66,0,0,0.66,3,0,0,0,25.4034,25.4034,336555.6306,343268.1306,25.4034,,38.49
5012,5012,3,100,0.62,0,0,0.62,3,0,0,0,23.8638,23.8638,336579.4944,343291.9944,23.8638,,38.49
5013,5013,3,100,0.62,0,0,0.62,3,0,0,0,20.863,20.863,336600.3574,343312.8574,20.863,,33.65
5014,5014,3,100,0.62,0,0,0.62,3,0,0,0,19.6664,19.6664,336620.0238,343332.5238,19.6664,,31.72
5015,5015,3,100,0.62,0,0,0.62,3,0,0,0,19.6664,19.6664,336639.6902,343352.1902,19.6664,,31.72
5016,5016,3,100,0.62,0,0,0.62,3,0,0,0,20.863,20.863,336660.5532,343373.0532,20.863,,33.65
5017,5017,3,100,0.63,0,0,0.63,3,0,0,0,20.1033,20.1033,336680.6565,343393.1565,20.1033,,31.91
5018,5018,3,100,0.64,0,0,0.64,3,0,0,0,18.3808,18.3808,336699.0373,343411.5373,18.3808,,28.72
5019,5019,3,100,0.64,0,0,0.64,3,0,0,0,17.4464,17.4464,336716.4837,343428.9837,17.4464,,27.26
5020,5020,3,100,0.64,0,0,0.64,3,0,0,0,18.5664,18.5664,336735.0501,343447.5501,18.5664,,29.01
5021,5021,3,100,0.64,0,0,0.64,3,0,0,0,23.52,23.52,336758.5701,343471.0701,23.52,,36.75
5022,5022,3,100,0.64,0,0,0.64,3,0,0,0,18.5664,18.5664,336777.1365,343489.6365,18.5664,,29.01
5023,5023,3,100,0.64,0,0,0.64,3,0,0,0,17.3312,17.3312,336794.4677,343506.9677,17.3312,,27.08
5024,5024,3,100,3,2.5,2.375,0.64,0.5,0.015,2.5,12.5,144.45,131.95,336926.4177,343651.4177,30.816,,48.15
5025,5025,0.5,16.67,0.0724,-0.5,-0.5376,0.61,1,0,0.5,2.5,2.0299,-0.4701,336925.9476,343653.4476,17.1105,,28.05
5026,5026,1,33.33,0.0824,-0.5,-0.5376,0.62,1.5,0,0.5,2.5,1.593,-0.907,336925.0406,343655.0406,11.9908,,19.34
5027,5027,1.5,50,0.3512,-0.25,-0.2688,0.62,1.75,0,0.25,1.25,9.8507,8.6007,336933.6413,343664.8913,17.391,,28.05
5028,5028,1.75,58.33,0.0824,-0.5,-0.5376,0.62,2.25,0,0.5,2.5,1.2742,-1.2258,336932.4155,343666.1655,9.5914,,15.47
5029,5029,2.25,75,0.0912,-0.25,-0.2688,0.36,2.5,0,0.25,1.25,2.1182,0.8682,336933.2837,343668.2837,8.3628,,23.23
5030,5030,2.5,83.33,0.62,0,0,0.62,2.5,0,0,0,17.9862,17.9862,336951.2699,343686.2699,17.9862,,29.01
5031,5031,2.5,83.33,0.0824,-0.5,-0.5376,0.62,3,0,0.5,2.5,1.593,-0.907,336950.3629,343687.8629,11.9908,,19.34
5032,5032,3,100,0.62,0,0,0.62,3,0,0,0,17.391,17.391,336967.7539,343705.2539,17.391,,28.05
5033,5033,3,100,0.61,0,0,0.61,3,0,0,0,34.4589,34.4589,337002.2128,343739.7128,34.4589,,56.49
5034,5034,3,100,0.61,0,0,0.61,3,0,0,0,40.1136,40.1136,337042.3264,343779.8264,40.1136,,65.76
5035,5035,3,100,0.8575,0.25,0.2375,0.62,2.75,0,0.25,1.25,56.3892,55.1392,337097.4656,343836.2156,40.7712,,65.76
5036,5036,2.75,91.67,1.7975,1.25,1.1875,0.61,1.5,0,1.25,6.25,118.2036,111.9536,337209.4192,343954.4192,40.1136,,65.76
5037,5037,1.5,50,0.61,0,0,0.61,1.5,0,0,0,38.8021,38.8021,337248.2213,343993.2213,38.8021,,63.61
5038,5038,1.5,50,0.61,0,0,0.61,1.5,0,0,0,34.7334,34.7334,337282.9547,344027.9547,34.7334,,56.94
5039,5039,1.5,50,0.61,0,0,0.61,1.5,0,0,0,35.502,35.502,337318.4567,344063.4567,35.502,,58.2
5040,5040,1.5,50,0.61,0,0,0.61,1.5,0,0,0,30.7196,30.7196,337349.1763,344094.1763,30.7196,,50.36
5041,5041,1.5,50,0.0824,-0.5,-0.5376,0.62,2,0,0.5,2.5,3.3852,0.8852,337350.0615,344097.5615,25.482,,41.1
5042,5042,2,66.67,0.62,0,0,0.62,2,0,0,0,30.5784,30.5784,337380.6399,344128.1399,30.5784,,49.32
5043,5043,2,66.67,0.63,0,0,0.63,2,0,0,0,31.6575,31.6575,337412.2974,344159.7974,31.6575,,50.25
5044,5044,2,66.67,0.63,0,0,0.63,2,0,0,0,38.9907,38.9907,337451.2881,344198.7881,38.9907,,61.89
5045,5045,2,66.67,2.53,2,1.9,0.63,0,0,2,10,166.3728,156.3728,337607.6609,344365.1609,41.4288,,65.76
5046,5046,0,0,0.63,0,0,0.63,0,0,0,0,38.1402,38.1402,337645.8011,344403.3011,38.1402,,60.54
5047,5047,0,0,0.62,0,0,0.62,0,0,0,0,29.9832,29.9832,337675.7843,344433.2843,29.9832,,48.36
5048,5048,0,0,0.63,0,0,0.63,0,0,0,0,31.6701,31.6701,337707.4544,344464.9544,31.6701,,50.27
5049,5049,0,0,0.62,0,0,0.62,0,0,0,0,23.9816,23.9816,337731.436,344488.936,23.9816,,38.68
5050,5050,0,0,0.0824,-0.5,-0.5376,0.62,0.5,0,0.5,2.5,2.2305,-0.2695,337731.1665,344491.1665,16.7896,,27.08
5051,5051,0.5,16.67,0.1224,-0.5,-0.5376,0.66,1,0,0.5,2.5,3.4213,0.9213,337732.0878,344494.5878,18.4536,,27.96
5052,5052,1,33.33,0.1224,-0.5,-0.5376,0.66,1.5,0,0.5,2.5,2.3666,-0.1334,337731.9544,344496.9544,12.7644,,19.34
5053,5053,1.5,50,0.1124,-0.5,-0.5376,0.65,2,0,0.5,2.5,2.3911,-0.1089,337731.8455,344499.3455,13.832,,21.28
5054,5054,2,66.67,0.1224,-0.5,-0.5376,0.66,2.5,0,0.5,2.5,4.1176,1.6176,337733.4631,344503.4631,22.209,,33.65
5055,5055,2.5,83.33,0.1224,-0.5,-0.5376,0.66,3,0,0.5,2.5,3.3137,0.8137,337734.2768,344506.7768,17.8728,,27.08
5056,5056,3,100,0.68,0,0,0.68,3,0,0,0,26.1732,26.1732,337760.45,344532.95,26.1732,,38.49
5057,5057,3,100,0.67,0,0,0.67,3,0,0,0,36.9237,36.9237,337797.3737,344569.8737,36.9237,,55.11
5058,5058,3,100,0.66,0,0,0.66,3,0,0,0,41.7648,41.7648,337839.1385,344611.6385,41.7648,,63.28
5059,5059,3,100,2.7875,2.25,2.1375,0.65,0.75,0,2.25,11.25,177.9261,166.6761,338005.8146,344789.5646,41.4895,,63.83
5060,5060,0.75,25,1.3725,0.75,0.7125,0.66,0,0,0.75,3.75,87.3047,83.5547,338089.3693,344876.8693,41.9826,,63.61
5061,5061,0,0,0.66,0,0,0.66,0,0,0,0,35.7456,35.7456,338125.1149,344912.6149,35.7456,,54.16
5062,5062,0,0,0.67,0,0,0.67,0,0,0,0,31.5436,31.5436,338156.6585,344944.1585,31.5436,,47.08
5063,5063,0,0,0.67,0,0,0.67,0,0,0,0,22.5455,22.5455,338179.204,344966.704,22.5455,,33.65
5064,5064,0,0,0.67,0,0,0.67,0,0,0,0,26.0295,26.0295,338205.2335,344992.7335,26.0295,,38.85
5065,5065,0,0,0.66,0,0,0.66,0,0,0,0,23.0802,23.0802,338228.3137,345015.8137,23.0802,,34.97
5066,5066,0,0,0.67,0,0,0.67,0,0,0,0,19.5372,19.5372,338247.8509,345035.3509,19.5372,,29.16
5067,5067,0,0,0.66,0,0,0.66,0,0,0,0,19.2456,19.2456,338267.0965,345054.5965,19.2456,,29.16
5068,5068,0,0,0.67,0,0,0.67,0,0,0,0,20.5087,20.5087,338287.6052,345075.1052,20.5087,,30.61
5069,5069,0,0,0.73,0,0,0.73,0,0,0,0,26.2362,26.2362,338313.8414,345101.3414,26.2362,,35.94
5070,5070,0,0,0.73,0,0,0.73,0,0,0,0,24.7324,24.7324,338338.5738,345126.0738,24.7324,,33.88
5071,5071,0,0,0.1824,-0.5,-0.5376,0.72,0.5,0,0.5,2.5,3.7203,1.2203,338339.7941,345129.7941,14.688,,20.4
5072,5072,0.5,16.67,0.72,0,0,0.72,0.5,0,0,0,27.972,27.972,338367.7661,345157.7661,27.972,,38.85
5073,5073,0.5,16.67,0.72,0,0,0.72,0.5,0,0,0,20.9952,20.9952,338388.7613,345178.7613,20.9952,,29.16
5074,5074,0.5,16.67,0.72,0,0,0.72,0.5,0,0,0,21.7368,21.7368,338410.4981,345200.4981,21.7368,,30.19
5075,5075,0.5,16.67,0.73,0,0,0.73,0.5,0,0,0,25.5281,25.5281,338436.0262,345226.0262,25.5281,,34.97
5076,5076,0.5,16.67,0.2124,-0.5,-0.5376,0.75,1,0,0.5,2.5,4.9502,2.4502,338438.4764,345230.9764,17.4825,,23.31
5077,5077,1,33.33,0.2224,-0.5,-0.5376,0.76,1.5,0,0.5,2.5,6.373,3.873,338442.3494,345237.3494,21.7816,,28.66
5078,5078,1.5,50,0.2224,-0.5,-0.5376,0.76,2,0,0.5,2.5,5.617,3.117,338445.4664,345242.9664,19.1976,,25.26
5079,5079,2,66.67,0.2224,-0.5,-0.5376,0.76,2.5,0,0.5,2.5,3.0242,0.5242,338445.9906,345245.9906,10.336,,13.6
5080,5080,2.5,83.33,0.2324,-0.5,-0.5376,0.77,3,0,0.5,2.5,3.0486,0.5486,338446.5392,345249.0392,10.1024,,13.12
5081,5081,3,100,0.78,0,0,0.78,3,0,0,0,27.2766,27.2766,338473.8158,345276.3158,27.2766,,34.97
5082,5082,3,100,0.77,0,0,0.77,3,0,0,0,38.8927,38.8927,338512.7085,345315.2085,38.8927,,50.51
5083,5083,3,100,0.77,0,0,0.77,3,0,0,0,38.8927,38.8927,338551.6012,345354.1012,38.8927,,50.51
5084,5084,3,100,2.9075,2.25,2.1375,0.77,0.75,0,2.25,11.25,183.3469,172.0969,338723.6981,345537.4481,48.5562,,63.06
5085,5085,0.75,25,0.77,0,0,0.77,0.75,0,0,0,41.734,41.734,338765.4321,345579.1821,41.734,,54.2
5086,5086,0.75,25,0.77,0,0,0.77,0.75,0,0,0,41.5107,41.5107,338806.9428,345620.6928,41.5107,,53.91
5087,5087,0.75,25,0.77,0,0,0.77,0.75,0,0,0,38.8927,38.8927,338845.8355,345659.5855,38.8927,,50.51
5088,5088,0.75,25,0.2324,-0.5,-0.5376,0.77,1.25,0,0.5,2.5,8.4279,5.9279,338851.7634,345668.0134,27.9279,,36.27
5089,5089,1.25,41.67,0.2224,-0.5,-0.5376,0.76,1.75,0,0.5,2.5,8.4566,5.9566,338857.72,345676.47,28.9028,,38.03
5090,5090,1.75,58.33,0.2324,-0.5,-0.5376,0.77,2.25,0,0.5,2.5,8.4279,5.9279,338863.6479,345684.8979,27.9279,,36.27
5091,5091,2.25,75,0.2424,-0.5,-0.5376,0.78,2.75,0,0.5,2.5,8.2865,5.7865,338869.4344,345693.1844,26.6682,,34.19
5092,5092,2.75,91.67,0.77,0,0,0.77,2.75,0,0,0,42.1113,42.1113,338911.5457,345735.2957,42.1113,,54.69
5093,5093,2.75,91.67,2.9175,2.25,2.1375,0.78,0.5,0,2.25,11.25,185.8739,174.6239,339086.1696,345921.1696,49.6938,,63.71
5094,5094,0.5,16.67,1.255,0.5,0.475,0.78,0,0,0.5,2.5,73.7814,71.2814,339157.451,345994.951,45.8562,,58.79
5095,5095,0,0,0.78,0,0,0.78,0,0,0,0,39.7254,39.7254,339197.1764,346034.6764,39.7254,,50.93
5096,5096,0,0,0.78,0,0,0.78,0,0,0,0,41.2854,41.2854,339238.4618,346075.9618,41.2854,,52.93
5097,5097,0,0,0.2424,-0.5,-0.5376,0.78,0.5,0,0.5,2.5,7.128,4.628,339243.0898,346083.0898,22.9398,,29.41
5098,5098,0.5,16.67,0.2324,-0.5,-0.5376,0.77,1,0,0.5,2.5,3.6435,1.1435,339244.2333,346086.7333,12.0736,,15.68
5099,5099,1,33.33,0.2324,-0.5,-0.5376,0.77,1.5,0,0.5,2.5,6.3784,3.8784,339248.1117,346093.1117,21.1365,,27.45
5100,5100,1.5,50,0.2224,-0.5,-0.5376,0.76,2,0,0.5,2.5,5.4502,2.9502,339251.0619,346098.5619,18.6276,,24.51
5101,5101,2,66.67,0.76,0,0,0.76,2,0,0,0,23.8412,23.8412,339274.9031,346122.4031,23.8412,,31.37
5102,5102,2,66.67,0.2124,-0.5,-0.5376,0.75,2.5,0,0.5,2.5,6.2457,3.7457,339278.6488,346128.6488,22.0575,,29.41
5103,5103,2.5,83.33,0.2224,-0.5,-0.5376,0.76,3,0,0.5,2.5,3.4867,0.9867,339279.6355,346132.1355,11.9168,,15.68
5104,5104,3,100,0.83,0,0,0.83,3,0,0,0,28.3777,28.3777,339308.0132,346160.5132,28.3777,,34.19
5105,5105,3,100,0.83,0,0,0.83,3,0,0,0,43.8821,43.8821,339351.8953,346204.3953,43.8821,,52.87
5106,5106,3,100,0.82,0,0,0.82,3,0,0,0,54.653,54.653,339406.5483,346259.0483,54.653,,66.65
5107,5107,3,100,0.81,0,0,0.81,3,0,0,0,53.9865,53.9865,339460.5348,346313.0348,53.9865,,66.65
5108,5108,3,100,1.5225,0.75,0.7125,0.81,2.25,0,0.75,3.75,101.4746,97.7246,339558.2594,346414.5094,53.9865,,66.65
5109,5109,2.25,75,0.82,0,0,0.82,2.25,0,0,0,49.8314,49.8314,339608.0908,346464.3408,49.8314,,60.77
5110,5110,2.25,75,0.8,0,0,0.8,2.25,0,0,0,47.048,47.048,339655.1388,346511.3888,47.048,,58.81
5111,5111,2.25,75,0.82,0,0,0.82,2.25,0,0,0,44.854,44.854,339699.9928,346556.2428,44.854,,54.7
5112,5112,2.25,75,0.82,0,0,0.82,2.25,0,0,0,44.8622,44.8622,339744.855,346601.105,44.8622,,54.71
5113,5113,2.25,75,0.82,0,0,0.82,2.25,0,0,0,41.8118,41.8118,339786.6668,346642.9168,41.8118,,50.99
5114,5114,2.25,75,0.82,0,0,0.82,2.25,0,0,0,41.779,41.779,339828.4458,346684.6958,41.779,,50.95
5115,5115,2.25,75,0.82,0,0,0.82,2.25,0,0,0,41.779,41.779,339870.2248,346726.4748,41.779,,50.95
5116,5116,2.25,75,0.83,0,0,0.83,2.25,0,0,0,52.0825,52.0825,339922.3073,346778.5573,52.0825,,62.75
5117,5117,2.25,75,0.82,0,0,0.82,2.25,0,0,0,54.2676,54.2676,339976.5749,346832.8249,54.2676,,66.18
5118,5118,2.25,75,0.83,0,0,0.83,2.25,0,0,0,52.0825,52.0825,340028.6574,346884.9074,52.0825,,62.75
5119,5119,2.25,75,0.0235,-0.75,-0.8065,0.83,3,0,0.75,3.75,0.8774,-2.8726,340025.7848,346885.7848,30.9258,,37.26
5120,5120,3,100,2.0075,1.25,1.1875,0.82,1.75,0,1.25,6.25,133.84,127.59,340153.3748,347019.6248,54.6694,,66.67
5121,5121,1.75,58.33,2.4725,1.75,1.6625,0.81,0,0,1.75,8.75,164.8416,156.0916,340309.4664,347184.4664,54.0027,,66.67
5122,5122,0,0,0.81,0,0,0.81,0,0,0,0,52.2369,52.2369,340361.7033,347236.7033,52.2369,,64.49
5123,5123,0,0,0.82,0,0,0.82,0,0,0,0,53.464,53.464,340415.1673,347290.1673,53.464,,65.2
5124,5124,0,0,0.0035,-0.75,-0.8065,0.81,0.75,0,0.75,3.75,0.1214,-3.6286,340411.5387,347290.2887,27.702,,34.2
5125,5125,0.75,25,0.2624,-0.5,-0.5376,0.8,1.25,0,0.5,2.5,7.2019,4.7019,340416.2406,347297.4906,21.96,,27.45
5126,5126,1.25,41.67,0.8,0,0,0.8,1.25,0,0,0,36.832,36.832,340453.0726,347334.3226,36.832,,46.04
5127,5127,1.25,41.67,0.0535,-0.75,-0.8065,0.86,2,0,0.75,3.75,1.8314,-1.9186,340451.154,347336.154,29.412,,34.2
5128,5128,2,66.67,0.0735,-0.75,-0.8065,0.88,2.75,0,0.75,3.75,2.6683,-1.0817,340450.0723,347338.8223,31.9264,,36.28
5129,5129,2.75,91.67,0.6012,-0.25,-0.2688,0.87,3,0,0.25,1.25,23.5784,22.3284,340472.4007,347362.4007,34.1214,,39.22
5130,5130,3,100,2.9675,2.25,2.1375,0.83,0.75,0,2.25,11.25,197.8432,186.5932,340658.9939,347560.2439,55.3361,,66.67
5131,5131,0.75,25,0.82,0,0,0.82,0.75,0,0,0,52.8818,52.8818,340711.8757,347613.1257,52.8818,,64.49
5132,5132,0.75,25,1.5425,0.75,0.7125,0.83,0,0,0.75,3.75,102.7459,98.9959,340810.8716,347715.8716,55.2863,,66.61
5133,5133,0,0,0.83,0,0,0.83,0,0,0,0,48.8289,48.8289,340859.7005,347764.7005,48.8289,,58.83
5134,5134,0,0,0.82,0,0,0.82,0,0,0,0,32.144,32.144,340891.8445,347796.8445,32.144,,39.2
5135,5135,0,0,0.82,0,0,0.82,0,0,0,0,24.1244,24.1244,340915.9689,347820.9689,24.1244,,29.42
5136,5136,0,0,0.82,0,0,0.82,0,0,0,0,32.1686,32.1686,340948.1375,347853.1375,32.1686,,39.23
5137,5137,0,0,0.81,0,0,0.81,0,0,0,0,27.7101,27.7101,340975.8476,347880.8476,27.7101,,34.21
5138,5138,0,0,0.81,0,0,0.81,0,0,0,0,23.5953,23.5953,340999.4429,347904.4429,23.5953,,29.13
5139,5139,0,0,0.81,0,0,0.81,0,0,0,0,23.8302,23.8302,341023.2731,347928.2731,23.8302,,29.42
5140,5140,0,0,0.82,0,0,0.82,0,0,0,0,27.716,27.716,341050.9891,347955.9891,27.716,,33.8
5141,5141,0,0,0.82,0,0,0.82,0,0,0,0,35.383,35.383,341086.3721,347991.3721,35.383,,43.15
5142,5142,0,0,0.83,0,0,0.83,0,0,0,0,34.9015,34.9015,341121.2736,348026.2736,34.9015,,42.05
5143,5143,0,0,0.83,0,0,0.83,0,0,0,0,28.3943,28.3943,341149.6679,348054.6679,28.3943,,34.21
5144,5144,0,0,0.82,0,0,0.82,0,0,0,0,16.0884,16.0884,341165.7563,348070.7563,16.0884,,19.62
5145,5145,0,0,0.81,0,0,0.81,0,0,0,0,3.1752,3.1752,341168.9315,348073.9315,3.1752,,3.92
5146,5146,0,0,0.5412,-0.25,-0.2688,0.81,0.25,0,0.25,1.25,1.8076,0.5576,341169.4891,348075.7391,2.7054,,3.34
5147,5147,0.25,8.33,0.81,0,0,0.81,0.25,0,0,0,2.7054,2.7054,341172.1945,348078.4445,2.7054,,3.34
5148,5148,0.25,8.33,0.0035,-0.75,-0.8065,0.81,1,0,0.75,3.75,0.007,-3.743,341168.4515,348078.4515,1.5876,,1.96
5149,5149,1,33.33,0.2624,-0.5,-0.5376,0.8,1.5,0,0.5,2.5,0.7215,-1.7785,341166.673,348079.173,2.2,,2.75
5150,5150,1.5,50,0.0035,-0.75,-0.8065,0.81,2.25,0,0.75,3.75,0.0115,-3.7385,341162.9345,348079.1845,2.6163,,3.23
5151,5151,2.25,75,0.0235,-0.75,-0.8065,0.83,3,0,0.75,3.75,0.0739,-3.6761,341159.2584,348079.2584,2.6062,,3.14
5152,5152,3,100,0.83,0,0,0.83,3,0,0,0,2.7722,2.7722,341162.0306,348082.0306,2.7722,,3.34
5153,5153,3,100,0.82,0,0,0.82,3,0,0,0,22.9846,22.9846,341185.0152,348105.0152,22.9846,,28.03
5154,5154,3,100,0.82,0,0,0.82,3,0,0,0,35.383,35.383,341220.3982,348140.3982,35.383,,43.15
5155,5155,3,100,0.82,0,0,0.82,3,0,0,0,38.6056,38.6056,341259.0038,348179.0038,38.6056,,47.08
5156,5156,3,100,2.9675,2.25,2.1375,0.83,0.75,0,2.25,11.25,168.7914,157.5414,341416.5452,348347.7952,47.2104,,56.88
5157,5157,0.75,25,0.82,0,0,0.82,0.75,0,0,0,40.3768,40.3768,341456.922,348388.172,40.3768,,49.24
5158,5158,0.75,25,0.82,0,0,0.82,0.75,0,0,0,28.0522,28.0522,341484.9742,348416.2242,28.0522,,34.21
5159,5159,0.75,25,0.0135,-0.75,-0.8065,0.82,1.5,0,0.75,3.75,0.4508,-3.2992,341481.675,348416.675,27.2814,,33.27
5160,5160,1.5,50,0.82,0,0,0.82,1.5,0,0,0,35.4486,35.4486,341517.1236,348452.1236,35.4486,,43.23
5161,5161,1.5,50,0.82,0,0,0.82,1.5,0,0,0,31.5208,31.5208,341548.6444,348483.6444,31.5208,,38.44
5162,5162,1.5,50,0.0135,-0.75,-0.8065,0.82,2.25,0,0.75,3.75,0.3994,-3.3506,341545.2938,348484.0438,24.1736,,29.48
5163,5163,2.25,75,0.0135,-0.75,-0.8065,0.82,3,0,0.75,3.75,0.3994,-3.3506,341541.9432,348484.4432,24.1736,,29.48
5164,5164,3,100,0.82,0,0,0.82,3,0,0,0,35.4486,35.4486,341577.3918,348519.8918,35.4486,,43.23
5165,5165,3,100,1.5425,0.75,0.7125,0.83,2.25,0,0.75,3.75,77.2484,73.4984,341650.8902,348597.1402,41.5664,,50.08
5166,5166,2.25,75,2.9675,2.25,2.1375,0.83,0,0,2.25,11.25,156.0311,144.7811,341795.6713,348753.1713,43.6414,,52.58
5167,5167,0,0,0.83,0,0,0.83,0,0,0,0,31.3657,31.3657,341827.037,348784.537,31.3657,,37.79
5168,5168,0,0,0.83,0,0,0.83,0,0,0,0,4.897,4.897,341831.934,348789.434,4.897,,5.9
5169,5169,0,0,0.0135,-0.75,-0.8065,0.82,0.75,0,0.75,3.75,0,-3.75,341828.184,348789.434,0,,0
5170,5170,0.75,25,0.0135,-0.75,-0.8065,0.82,1.5,0,0.75,3.75,0,-3.75,341824.434,348789.434,0,,0
5171,5171,1.5,50,0.0135,-0.75,-0.8065,0.82,2.25,0,0.75,3.75,0,-3.75,341820.684,348789.434,0,,0
5172,5172,2.25,75,0,0,0,0,2.25,0,0,0,0,0,341820.684,348789.434,0,,0
5173,5173,2.25,75,0,0,0,0,2.25,0,0,0,0,0,341820.684,348789.434,0,,0
5174,5174,2.25,75,0,0,0,0,2.25,0,0,0,0,0,341820.684,348789.434,0,,0
5175,5175,2.25,75,0,0,0,0,2.25,0,0,0,0,0,341820.684,348789.434,0,,0
5176,5176,2.25,75,0.2535,-0.75,-0.8065,1.06,3,0,0.75,3.75,0.8215,-2.9285,341817.7555,348790.2555,3.4344,,3.24
5177,5177,3,100,1.06,0,0,1.06,3,0,0,0,20.829,20.829,341838.5845,348811.0845,20.829,,19.65
5178,5178,3,100,1.06,0,0,1.06,3,0,0,0,41.6368,41.6368,341880.2213,348852.7213,41.6368,,39.28
5179,5179,3,100,1.06,0,0,1.06,3,0,0,0,47.912,47.912,341928.1333,348900.6333,47.912,,45.2
5180,5180,3,100,2.2575,1.25,1.1875,1.07,1.75,0,1.25,6.25,106.4637,100.2137,342028.347,349007.097,50.4612,,47.16
5181,5181,1.75,58.33,2.6425,1.75,1.6625,0.98,0,0,1.75,8.75,124.6203,115.8703,342144.2173,349131.7173,46.2168,,47.16
5182,5182,0,0,0.97,0,0,0.97,0,0,0,0,24.2985,24.2985,342168.5158,349156.0158,24.2985,,25.05
5183,5183,0,0,0.1635,-0.75,-0.8065,0.97,0.75,0,0.75,3.75,3.2137,-0.5363,342167.9795,349159.2295,19.0605,,19.65
5184,5184,0.75,25,0.97,0,0,0.97,0.75,0,0,0,32.4077,32.4077,342200.3872,349191.6372,32.4077,,33.41
5185,5185,0.75,25,0.96,0,0,0.96,0.75,0,0,0,26.3904,26.3904,342226.7776,349218.0276,26.3904,,27.49
5186,5186,0.75,25,0.1535,-0.75,-0.8065,0.96,1.5,0,0.75,3.75,3.0172,-0.7328,342226.0448,349221.0448,18.864,,19.65
5187,5187,1.5,50,0.95,0,0,0.95,1.5,0,0,0,22.401,22.401,342248.4458,349243.4458,22.401,,23.58
5188,5188,1.5,50,0.95,0,0,0.95,1.5,0,0,0,30.799,30.799,342279.2448,349274.2448,30.799,,32.42
5189,5189,1.5,50,0.87,0,0,0.87,1.5,0,0,0,29.4582,29.4582,342308.703,349303.703,29.4582,,33.86
5190,5190,1.5,50,0.87,0,0,0.87,1.5,0,0,0,24.4296,24.4296,342333.1326,349328.1326,24.4296,,28.08
5191,5191,1.5,50,0.0735,-0.75,-0.8065,0.88,2.25,0,0.75,3.75,1.4452,-2.3048,342330.8278,349329.5778,17.292,,19.65
5192,5192,2.25,75,3,2.25,2.1375,0.87,0,0.0075,2.25,11.25,109.05,97.8,342428.6278,349438.6278,31.6245,,36.35
5193,5193,0,0,0.86,0,0,0.86,0,0,0,0,23.6586,23.6586,342452.2864,349462.2864,23.6586,,27.51
5194,5194,0,0,0.86,0,0,0.86,0,0,0,0,4.2226,4.2226,342456.509,349466.509,4.2226,,4.91
5195,5195,0,0,0.86,0,0,0.86,0,0,0,0,3.397,3.397,342459.906,349469.906,3.397,,3.95
5196,5196,0,0,0.0435,-0.75,-0.8065,0.85,0.75,0,0.75,3.75,0.1455,-3.6045,342456.3015,349470.0515,2.839,,3.34
5197,5197,0.75,25,0.0535,-0.75,-0.8065,0.86,1.5,0,0.75,3.75,0.1799,-3.5701,342452.7314,349470.2314,2.8896,,3.36
5198,5198,1.5,50,0.0535,-0.75,-0.8065,0.86,2.25,0,0.75,3.75,0.1885,-3.5615,342449.1699,349470.4199,3.0272,,3.52
5199,5199,2.25,75,0.0635,-0.75,-0.8065,0.87,3,0,0.75,3.75,0.2497,-3.5003,342445.6696,349470.6696,3.4191,,3.93
5200,5200,3,100,0.87,0,0,0.87,3,0,0,0,15.399,15.399,342461.0686,349486.0686,15.399,,17.7
5201,5201,3,100,0.87,0,0,0.87,3,0,0,0,41.0292,41.0292,342502.0978,349527.0978,41.0292,,47.16
5202,5202,3,100,1.345,0.5,0.475,0.87,2.5,0,0.5,2.5,84.5736,82.0736,342584.1714,349611.6714,54.7056,,62.88
5203,5203,2.5,83.33,0.88,0,0,0.88,2.5,0,0,0,50.1512,50.1512,342634.3226,349661.8226,50.1512,,56.99
5204,5204,2.5,83.33,2.78,2,1.9,0.88,0.5,0,2,10,185.7318,175.7318,342810.0544,349847.5544,58.7928,,66.81
5205,5205,0.5,16.67,1.355,0.5,0.475,0.88,0,0,0.5,2.5,85.2024,82.7024,342892.7568,349932.7568,55.3344,,62.88
5206,5206,0,0,0.88,0,0,0.88,0,0,0,0,50.1512,50.1512,342942.908,349982.908,50.1512,,56.99
5207,5207,0,0,0.88,0,0,0.88,0,0,0,0,41.5008,41.5008,342984.4088,350024.4088,41.5008,,47.16
5208,5208,0,0,0.0635,-0.75,-0.8065,0.87,0.75,0,0.75,3.75,2.4847,-1.2653,342983.1435,350026.8935,34.017,,39.1
5209,5209,0.75,25,0.0535,-0.75,-0.8065,0.86,1.5,0,0.75,3.75,1.8131,-1.9369,342981.2066,350028.7066,29.1196,,33.86
5210,5210,1.5,50,0.0535,-0.75,-0.8065,0.86,2.25,0,0.75,3.75,1.8131,-1.9369,342979.2697,350030.5197,29.1196,,33.86
5211,5211,2.25,75,0.0635,-0.75,-0.8065,0.87,3,0,0.75,3.75,2.1517,-1.5983,342977.6714,350032.6714,29.4582,,33.86
5212,5212,3,100,1.5825,0.75,0.7125,0.87,2.25,0,0.75,3.75,90.0284,86.2784,343063.9498,350122.6998,49.4943,,56.89
5213,5213,2.25,75,3,2.25,2.1375,0.88,0,0.0175,2.25,11.25,193.86,182.61,343246.5598,350316.5598,56.8656,,64.62
5214,5214,0,0,0.88,0,0,0.88,0,0,0,0,46.2704,46.2704,343292.8302,350362.8302,46.2704,,52.58
5215,5215,0,0,0.88,0,0,0.88,0,0,0,0,40.5944,40.5944,343333.4246,350403.4246,40.5944,,46.13
5216,5216,0,0,0.87,0,0,0.87,0,0,0,0,47.6934,47.6934,343381.118,350451.118,47.6934,,54.82
5217,5217,0,0,0.86,0,0,0.86,0,0,0,0,28.4574,28.4574,343409.5754,350479.5754,28.4574,,33.09
5218,5218,0,0,0.85,0,0,0.85,0,0,0,0,20.043,20.043,343429.6184,350499.6184,20.043,,23.58
5219,5219,0,0,0.85,0,0,0.85,0,0,0,0,16.7025,16.7025,343446.3209,350516.3209,16.7025,,19.65
5220,5220,0,0,0.0535,-0.75,-0.8065,0.86,0.75,0,0.75,3.75,0.2629,-3.4871,343442.8338,350516.5838,4.2226,,4.91
5221,5221,0.75,25,0.0535,-0.75,-0.8065,0.86,1.5,0,0.75,3.75,0.5269,-3.2231,343439.6107,350517.1107,8.4624,,9.84
5222,5222,1.5,50,0.0535,-0.75,-0.8065,0.86,2.25,0,0.75,3.75,1.0522,-2.6978,343436.9129,350518.1629,16.899,,19.65
5223,5223,2.25,75,0.0535,-0.75,-0.8065,0.86,3,0,0.75,3.75,1.0522,-2.6978,343434.2151,350519.2151,16.899,,19.65
5224,5224,3,100,0.86,0,0,0.86,3,0,0,0,25.3528,25.3528,343459.5679,350544.5679,25.3528,,29.48
5225,5225,3,100,0.88,0,0,0.88,3,0,0,0,51.7704,51.7704,343511.3383,350596.3383,51.7704,,58.83
5226,5226,3,100,0.88,0,0,0.88,3,0,0,0,58.7752,58.7752,343570.1135,350655.1135,58.7752,,66.79
5227,5227,3,100,0.87,0,0,0.87,3,0,0,0,55.4886,55.4886,343625.6021,350710.6021,55.4886,,63.78
5228,5228,3,100,0.88,0,0,0.88,3,0,0,0,58.7928,58.7928,343684.3949,350769.3949,58.7928,,66.81
5229,5229,3,100,0.88,0,0,0.88,3,0,0,0,55.3344,55.3344,343739.7293,350824.7293,55.3344,,62.88
5230,5230,3,100,0.88,0,0,0.88,3,0,0,0,52.5712,52.5712,343792.3005,350877.3005,52.5712,,59.74
5231,5231,3,100,0.88,0,0,0.88,3,0,0,0,48.0304,48.0304,343840.3309,350925.3309,48.0304,,54.58
5232,5232,3,100,0.87,0,0,0.87,3,0,0,0,55.1928,55.1928,343895.5237,350980.5237,55.1928,,63.44
5233,5233,3,100,0.87,0,0,0.87,3,0,0,0,51.2256,51.2256,343946.7493,351031.7493,51.2256,,58.88
5234,5234,3,100,0.85,0,0,0.85,3,0,0,0,48.093,48.093,343994.8423,351079.8423,48.093,,56.58
5235,5235,3,100,0.84,0,0,0.84,3,0,0,0,44.898,44.898,344039.7403,351124.7403,44.898,,53.45
5236,5236,3,100,0.85,0,0,0.85,3,0,0,0,54.145,54.145,344093.8853,351178.8853,54.145,,63.7
5237,5237,3,100,2.0575,1.25,1.1875,0.87,1.75,0,1.25,6.25,137.6056,131.3556,344225.2409,351316.4909,58.1856,,66.88
5238,5238,1.75,58.33,0.87,0,0,0.87,1.75,0,0,0,56.4804,56.4804,344281.7213,351372.9713,56.4804,,64.92
5239,5239,1.75,58.33,0.88,0,0,0.88,1.75,0,0,0,56.9272,56.9272,344338.6485,351429.8985,56.9272,,64.69
5240,5240,1.75,58.33,2.5225,1.75,1.6625,0.86,0,0,1.75,8.75,168.7048,159.9548,344498.6033,351598.6033,57.5168,,66.88
5241,5241,0,0,0.86,0,0,0.86,0,0,0,0,41.4692,41.4692,344540.0725,351640.0725,41.4692,,48.22
5242,5242,0,0,0.0035,-0.75,-0.8065,0.81,0.75,0,0.75,3.75,0.1203,-3.6297,344536.4428,351640.1928,27.459,,33.9
5243,5243,0.75,25,0.2624,-0.5,-0.5376,0.8,1.25,0,0.5,2.5,7.7424,5.2424,344541.6852,351647.9352,23.608,,29.51
5244,5244,1.25,41.67,0.2624,-0.5,-0.5376,0.8,1.75,0,0.5,2.5,5.1607,2.6607,344544.3459,351653.0959,15.736,,19.67
5245,5245,1.75,58.33,0.2624,-0.5,-0.5376,0.8,2.25,0,0.5,2.5,5.1607,2.6607,344547.0066,351658.2566,15.736,,19.67
5246,5246,2.25,75,0.2624,-0.5,-0.5376,0.8,2.75,0,0.5,2.5,8.8942,6.3942,344553.4008,351667.1508,27.12,,33.9
5247,5247,2.75,91.67,0.5212,-0.25,-0.2688,0.79,3,0,0.25,1.25,17.6681,16.4181,344569.8189,351684.8189,26.781,,33.9
5248,5248,3,100,0.83,0,0,0.83,3,0,0,0,40.6534,40.6534,344610.4723,351725.4723,40.6534,,48.98
5249,5249,3,100,0.82,0,0,0.82,3,0,0,0,46.781,46.781,344657.2533,351772.2533,46.781,,57.05
5250,5250,3,100,1.305,0.5,0.475,0.83,2.5,0,0.5,2.5,87.2784,84.7784,344742.0317,351859.5317,55.5104,,66.88
5251,5251,2.5,83.33,0.82,0,0,0.82,2.5,0,0,0,54.8416,54.8416,344796.8733,351914.3733,54.8416,,66.88
5252,5252,2.5,83.33,1.9975,1.25,1.1875,0.81,1.25,0,1.25,6.25,133.5928,127.3428,344924.2161,352047.9661,54.1728,,66.88
5253,5253,1.25,41.67,1.9975,1.25,1.1875,0.81,0,0,1.25,6.25,133.5928,127.3428,345051.5589,352181.5589,54.1728,,66.88
5254,5254,0,0,0.82,0,0,0.82,0,0,0,0,51.7912,51.7912,345103.3501,352233.3501,51.7912,,63.16
5255,5255,0,0,0.83,0,0,0.83,0,0,0,0,50.5636,50.5636,345153.9137,352283.9137,50.5636,,60.92
5256,5256,0,0,0.82,0,0,0.82,0,0,0,0,50.2742,50.2742,345204.1879,352334.1879,50.2742,,61.31
5257,5257,0,0,0.86,0,0,0.86,0,0,0,0,47.0162,47.0162,345251.2041,352381.2041,47.0162,,54.67
5258,5258,0,0,0.86,0,0,0.86,0,0,0,0,43.387,43.387,345294.5911,352424.5911,43.387,,50.45
5259,5259,0,0,0.86,0,0,0.86,0,0,0,0,41.796,41.796,345336.3871,352466.3871,41.796,,48.6
5260,5260,0,0,0.87,0,0,0.87,0,0,0,0,44.1612,44.1612,345380.5483,352510.5483,44.1612,,50.76
5261,5261,0,0,0.87,0,0,0.87,0,0,0,0,53.1657,53.1657,345433.714,352563.714,53.1657,,61.11
5262,5262,0,0,0.87,0,0,0.87,0,0,0,0,37.3665,37.3665,345471.0805,352601.0805,37.3665,,42.95
5263,5263,0,0,0.0635,-0.75,-0.8065,0.87,0.75,0,0.75,3.75,2.6366,-1.1134,345469.9671,352603.7171,36.0963,,41.49
5264,5264,0.75,25,1.5725,0.75,0.7125,0.86,0,0,0.75,3.75,91.7082,87.9582,345557.9253,352695.4253,50.1552,,58.32
5265,5265,0,0,0.86,0,0,0.86,0,0,0,0,29.283,29.283,345587.2083,352724.7083,29.283,,34.05
5266,5266,0,0,0.1435,-0.75,-0.8065,0.95,0.75,0,0.75,3.75,2.9427,-0.8073,345586.401,352727.651,19.475,,20.5
5267,5267,0.75,25,0.93,0,0,0.93,0.75,0,0,0,31.6665,31.6665,345618.0675,352759.3175,31.6665,,34.05
5268,5268,0.75,25,0.1335,-0.75,-0.8065,0.94,1.5,0,0.75,3.75,1.8256,-1.9244,345616.1431,352761.1431,12.8498,,13.67
5269,5269,1.5,50,0.1812,-0.25,-0.2688,0.45,1.75,0,0.25,1.25,3.5367,2.2867,345618.4298,352764.6798,8.784,,19.52
5270,5270,1.75,58.33,0.8512,-0.25,-0.2688,1.12,2,0,0.25,1.25,28.2508,27.0008,345645.4306,352792.9306,37.1728,,33.19
5271,5271,2,66.67,0.0647,-1,-1.0753,1.14,3,0,1,5,1.8384,-3.1616,345642.269,352794.769,32.376,,28.4
5272,5272,3,100,1.17,0,0,1.17,3,0,0,0,39.8385,39.8385,345682.1075,352834.6075,39.8385,,34.05
5273,5273,3,100,1.17,0,0,1.17,3,0,0,0,55.0602,55.0602,345737.1677,352889.6677,55.0602,,47.06
5274,5274,3,100,2.3575,1.25,1.1875,1.17,1.75,0,1.25,6.25,151.8937,145.6437,345882.8114,353041.5614,75.3831,,64.43
5275,5275,1.75,58.33,1.17,0,0,1.17,1.75,0,0,0,75.3597,75.3597,345958.1711,353116.9211,75.3597,,64.41
5276,5276,1.75,58.33,2.8325,1.75,1.6625,1.17,0,0,1.75,8.75,188.0213,179.2713,346137.4424,353304.9424,77.6646,,66.38
5277,5277,0,0,1.16,0,0,1.16,0,0,0,0,71.34,71.34,346208.7824,353376.2824,71.34,,61.5
5278,5278,0,0,1.15,0,0,1.15,0,0,0,0,54.786,54.786,346263.5684,353431.0684,54.786,,47.64
5279,5279,0,0,0.0847,-1,-1.0753,1.16,1,0,1,5,3.2384,-1.7616,346261.8068,353434.3068,44.3352,,38.22
5280,5280,1,33.33,1.16,0,0,1.16,1,0,0,0,71.0732,71.0732,346332.88,353505.38,71.0732,,61.27
5281,5281,1,33.33,1.16,0,0,1.16,1,0,0,0,62.9532,62.9532,346395.8332,353568.3332,62.9532,,54.27
5282,5282,1,33.33,1.16,0,0,1.16,1,0,0,0,59.044,59.044,346454.8772,353627.3772,59.044,,50.9
5283,5283,1,33.33,1.06,0,0,1.06,1,0,0,0,57.8972,57.8972,346512.7744,353685.2744,57.8972,,54.62
5284,5284,1,33.33,1.07,0,0,1.07,1,0,0,0,62.7983,62.7983,346575.5727,353748.0727,62.7983,,58.69
5285,5285,1,33.33,2.02,1,0.95,1.07,0,0,1,5,126.9974,121.9974,346697.5701,353875.0701,67.2709,,62.87
5286,5286,0,0,0.97,0,0,0.97,0,0,0,0,49.373,49.373,346746.9431,353924.4431,49.373,,50.9
5287,5287,0,0,0.96,0,0,0.96,0,0,0,0,45.1104,45.1104,346792.0535,353969.5535,45.1104,,46.99
5288,5288,0,0,0.97,0,0,0.97,0,0,0,0,55.0766,55.0766,346847.1301,354024.6301,55.0766,,56.78
5289,5289,0,0,0.96,0,0,0.96,0,0,0,0,32.7744,32.7744,346879.9045,354057.4045,32.7744,,34.14
5290,5290,0,0,0.1435,-0.75,-0.8065,0.95,0.75,0,0.75,3.75,3.9347,0.1847,346880.0892,354061.3392,26.0395,,27.41
5291,5291,0.75,25,0.5224,-0.5,-0.5376,1.06,1.25,0,0.5,2.5,15.3419,12.8419,346892.9311,354076.6811,31.1322,,29.37
5292,5292,1.25,41.67,0.2435,-0.75,-0.8065,1.05,2,0,0.75,3.75,3.814,0.064,346892.9951,354080.4951,16.443,,15.66
5293,5293,2,66.67,0.0347,-1,-1.0753,1.11,3,0,1,5,0.2379,-4.7621,346888.233,354080.733,7.6035,,6.85
5294,5294,3,100,1.11,0,0,1.11,3,0,0,0,34.7652,34.7652,346922.9982,354115.4982,34.7652,,31.32
5295,5295,3,100,1.12,0,0,1.12,3,0,0,0,37.6992,37.6992,346960.6974,354153.1974,37.6992,,33.66
5296,5296,3,100,1.11,0,0,1.11,3,0,0,0,37.8954,37.8954,346998.5928,354191.0928,37.8954,,34.14
5297,5297,3,100,1.13,0,0,1.13,3,0,0,0,59.099,59.099,347057.6918,354250.1918,59.099,,52.3
5298,5298,3,100,1.11,0,0,1.11,3,0,0,0,68.2428,68.2428,347125.9346,354318.4346,68.2428,,61.48
5299,5299,3,100,0,0,0,0,3,0,0,0,0,0,347125.9346,354318.4346,0,,57.68
5300,5300,3,100,2.7725,1.75,1.6625,1.11,1.25,0,1.75,8.75,179.1312,170.3812,347296.3158,354497.5658,71.7171,,64.61
5301,5301,1.25,41.67,1.11,0,0,1.11,1.25,0,0,0,65.1459,65.1459,347361.4617,354562.7117,65.1459,,58.69
5302,5302,1.25,41.67,1.1,0,0,1.1,1.25,0,0,0,66.649,66.649,347428.1107,354629.3607,66.649,,60.59
5303,5303,1.25,41.67,1.12,0,0,1.12,1.25,0,0,0,63.3472,63.3472,347491.4579,354692.7079,63.3472,,56.56
5304,5304,1.25,41.67,0.96,0,0,0.96,1.25,0,0,0,56.6112,56.6112,347548.0691,354749.3191,56.6112,,58.97
5305,5305,1.25,41.67,0.96,0,0,0.96,1.25,0,0,0,54.6144,54.6144,347602.6835,354803.9335,54.6144,,56.89
5306,5306,1.25,41.67,0.96,0,0,0.96,1.25,0,0,0,52.6464,52.6464,347655.3299,354856.5799,52.6464,,54.84
5307,5307,1.25,41.67,0.96,0,0,0.96,1.25,0,0,0,46.3488,46.3488,347701.6787,354902.9287,46.3488,,48.28
5308,5308,1.25,41.67,0.97,0,0,0.97,1.25,0,0,0,58.9178,58.9178,347760.5965,354961.8465,58.9178,,60.74
5309,5309,1.25,41.67,2.1575,1.25,1.1875,0.97,0,0,1.25,6.25,136.2677,130.0177,347890.6142,355098.1142,61.2652,,63.16
5310,5310,0,0,0.97,0,0,0.97,0,0,0,0,57.0166,57.0166,347947.6308,355155.1308,57.0166,,58.78
5311,5311,0,0,0.96,0,0,0.96,0,0,0,0,40.3296,40.3296,347987.9604,355195.4604,40.3296,,42.01
5312,5312,0,0,1.07,0,0,1.07,0,0,0,0,36.808,36.808,348024.7684,355232.2684,36.808,,34.4
5313,5313,0,0,1.11,0,0,1.11,0,0,0,0,51.2265,51.2265,348075.9949,355283.4949,51.2265,,46.15
5314,5314,0,0,1.11,0,0,1.11,0,0,0,0,36.4413,36.4413,348112.4362,355319.9362,36.4413,,32.83
5315,5315,0,0,0.0347,-1,-1.0753,1.11,1,0,1,5,1.0242,-3.9758,348108.4604,355320.9604,32.7339,,29.49
5316,5316,1,33.33,0.0347,-1,-1.0753,1.11,2,0,1,5,0.82,-4.18,348104.2804,355321.7804,26.2071,,23.61
5317,5317,2,66.67,0.0447,-1,-1.0753,1.12,3,0,1,5,1.2565,-3.7435,348100.5369,355323.0369,31.4608,,28.09
5318,5318,3,100,1.12,0,0,1.12,3,0,0,0,50.6352,50.6352,348151.1721,355373.6721,50.6352,,45.21
5319,5319,3,100,1.11,0,0,1.11,3,0,0,0,47.9631,47.9631,348199.1352,355421.6352,47.9631,,43.21
5320,5320,3,100,1.12,0,0,1.12,3,0,0,0,50.6352,50.6352,348249.7704,355472.2704,50.6352,,45.21
5321,5321,3,100,1.13,0,0,1.13,3,0,0,0,66.4214,66.4214,348316.1918,355538.6918,66.4214,,58.78
5322,5322,3,100,1.12,0,0,1.12,3,0,0,0,65.8336,65.8336,348382.0254,355604.5254,65.8336,,58.78
5323,5323,3,100,2.3075,1.25,1.1875,1.12,1.75,0,1.25,6.25,145.1187,138.8687,348520.8941,355749.6441,70.4368,,62.89
5324,5324,1.75,58.33,2.7825,1.75,1.6625,1.12,0,0,1.75,8.75,180.5008,171.7508,348692.6449,355930.1449,72.6544,,64.87
5325,5325,0,0,1.1,0,0,1.1,0,0,0,0,62.711,62.711,348755.3559,355992.8559,62.711,,57.01
5326,5326,0,0,1.11,0,0,1.11,0,0,0,0,65.6676,65.6676,348821.0235,356058.5235,65.6676,,59.16
5327,5327,0,0,1.12,0,0,1.12,0,0,0,0,64.008,64.008,348885.0315,356122.5315,64.008,,57.15
5328,5328,0,0,1.12,0,0,1.12,0,0,0,0,62.16,62.16,348947.1915,356184.6915,62.16,,55.5
5329,5329,0,0,1.11,0,0,1.11,0,0,0,0,52.8027,52.8027,348999.9942,356237.4942,52.8027,,47.57
5330,5330,0,0,1.12,0,0,1.12,0,0,0,0,33.2976,33.2976,349033.2918,356270.7918,33.2976,,29.73
5331,5331,0,0,1.11,0,0,1.11,0,0,0,0,28.6047,28.6047,349061.8965,356299.3965,28.6047,,25.77
5332,5332,0,0,1.12,0,0,1.12,0,0,0,0,37.9456,37.9456,349099.8421,356337.3421,37.9456,,33.88
5333,5333,0,0,1.11,0,0,1.11,0,0,0,0,38.3727,38.3727,349138.2148,356375.7148,38.3727,,34.57
5334,5334,0,0,1.12,0,0,1.12,0,0,0,0,42.1792,42.1792,349180.394,356417.894,42.1792,,37.66
5335,5335,0,0,1.11,0,0,1.11,0,0,0,0,34.9872,34.9872,349215.3812,356452.8812,34.9872,,31.52
5336,5336,0,0,1.13,0,0,1.13,0,0,0,0,35.8323,35.8323,349251.2135,356488.7135,35.8323,,31.71
5337,5337,0,0,1.12,0,0,1.12,0,0,0,0,35.5152,35.5152,349286.7287,356524.2287,35.5152,,31.71
5338,5338,0,0,0.0447,-1,-1.0753,1.12,1,0,1,5,1.0646,-3.9354,349282.7933,356525.2933,26.656,,23.8
5339,5339,1,33.33,0.0447,-1,-1.0753,1.12,2,0,1,5,0.8866,-4.1134,349278.6799,356526.1799,22.1984,,19.82
5340,5340,2,66.67,0.0447,-1,-1.0753,1.12,3,0,1,5,0.8866,-4.1134,349274.5665,356527.0665,22.1984,,19.82
5341,5341,3,100,1.12,0,0,1.12,3,0,0,0,28.8624,28.8624,349303.4289,356555.9289,28.8624,,25.77
5342,5342,3,100,0,0,0,0,3,0,0,0,0,0,349303.4289,356555.9289,0,,34.57
5343,5343,3,100,1.23,0,0,1.23,3,0,0,0,37.884,37.884,349341.3129,356593.8129,37.884,,30.8
5344,5344,3,100,1.23,0,0,1.23,3,0,0,0,30.3318,30.3318,349371.6447,356624.1447,30.3318,,24.66
5345,5345,3,100,1.2,0,0,1.2,3,0,0,0,41.484,41.484,349413.1287,356665.6287,41.484,,34.57
5346,5346,3,100,1.2,0,0,1.2,3,0,0,0,58.716,58.716,349471.8447,356724.3447,58.716,,48.93
5347,5347,3,100,2.3875,1.25,1.1875,1.2,1.75,0,1.25,6.25,151.4153,145.1653,349617.01,356875.76,76.104,,63.42
5348,5348,1.75,58.33,2.8825,1.75,1.6625,1.22,0,0,1.75,8.75,194.2517,185.5017,349802.5117,357070.0117,82.2158,,67.39
5349,5349,0,0,1.22,0,0,1.22,0,0,0,0,71.2358,71.2358,349873.7475,357141.2475,71.2358,,58.39
5350,5350,0,0,1.22,0,0,1.22,0,0,0,0,60.451,60.451,349934.1985,357201.6985,60.451,,49.55
5351,5351,0,0,1.22,0,0,1.22,0,0,0,0,42.3218,42.3218,349976.5203,357244.0203,42.3218,,34.69
5352,5352,0,0,1.22,0,0,1.22,0,0,0,0,42.1754,42.1754,350018.6957,357286.1957,42.1754,,34.57
5353,5353,0,0,0.1447,-1,-1.0753,1.22,1,0,1,5,4.931,-0.069,350018.6267,357291.1267,41.5654,,34.07
5354,5354,1,33.33,0.1447,-1,-1.0753,1.22,2,0,1,5,4.2971,-0.7029,350017.9238,357295.4238,36.2218,,29.69
5355,5355,2,66.67,0.1447,-1,-1.0753,1.22,3,0,1,5,4.0684,-0.9316,350016.9922,357299.4922,34.2942,,28.11
5356,5356,3,100,1.22,0,0,1.22,3,0,0,0,42.1754,42.1754,350059.1676,357341.6676,42.1754,,34.57
5357,5357,3,100,1.23,0,0,1.23,3,0,0,0,42.5211,42.5211,350101.6887,357384.1887,42.5211,,34.57
5358,5358,3,100,1.23,0,0,1.23,3,0,0,0,42.5211,42.5211,350144.2098,357426.7098,42.5211,,34.57
5359,5359,3,100,1.22,0,0,1.22,3,0,0,0,58.0354,58.0354,350202.2452,357484.7452,58.0354,,47.57
5360,5360,3,100,1.705,0.5,0.475,1.23,2.5,0,0.5,2.5,114.9,112.4,350314.6452,357599.6452,82.8897,,67.39
5361,5361,2.5,83.33,1.22,0,0,1.22,2.5,0,0,0,82.2158,82.2158,350396.861,357681.861,82.2158,,67.39
5362,5362,2.5,83.33,1.4475,0.25,0.2375,1.21,2.25,0,0.25,1.25,97.547,96.297,350493.158,357779.408,81.5419,,67.39
5363,5363,2.25,75,2.17,1,0.95,1.22,1.25,0,1,5,146.2363,141.2363,350634.3943,357925.6443,82.2158,,67.39
5364,5364,1.25,41.67,0.1447,-1,-1.0753,1.22,2.25,0,1,5,6.5983,1.5983,350635.9926,357932.2426,55.6198,,45.59
5365,5365,2.25,75,1.22,0,0,1.22,2.25,0,0,0,67.6612,67.6612,350703.6538,357999.9038,67.6612,,55.46
5366,5366,2.25,75,1.23,0,0,1.23,2.25,0,0,0,78.4863,78.4863,350782.1401,358078.3901,78.4863,,63.81
5367,5367,2.25,75,1.23,0,0,1.23,2.25,0,0,0,78.0189,78.0189,350860.159,358156.409,78.0189,,63.43
5368,5368,2.25,75,1.22,0,0,1.22,2.25,0,0,0,70.1256,70.1256,350930.2846,358226.5346,70.1256,,57.48
5369,5369,2.25,75,1.23,0,0,1.23,2.25,0,0,0,75.2883,75.2883,351005.5729,358301.8229,75.2883,,61.21
5370,5370,2.25,75,1.22,0,0,1.22,2.25,0,0,0,82.2158,82.2158,351087.7887,358384.0387,82.2158,,67.39
5371,5371,2.25,75,1.705,0.5,0.475,1.23,1.75,0,0.5,2.5,114.9,112.4,351200.1887,358498.9387,82.8897,,67.39
5372,5372,1.75,58.33,2.8825,1.75,1.6625,1.22,0,0,1.75,8.75,194.2517,185.5017,351385.6904,358693.1904,82.2158,,67.39
5373,5373,0,0,1.22,0,0,1.22,0,0,0,0,72.5412,72.5412,351458.2316,358765.7316,72.5412,,59.46
5374,5374,0,0,1.22,0,0,1.22,0,0,0,0,69.5156,69.5156,351527.7472,358835.2472,69.5156,,56.98
5375,5375,0,0,1.22,0,0,1.22,0,0,0,0,53.2042,53.2042,351580.9514,358888.4514,53.2042,,43.61
5376,5376,0,0,1.22,0,0,1.22,0,0,0,0,72.2728,72.2728,351653.2242,358960.7242,72.2728,,59.24
5377,5377,0,0,1.21,0,0,1.21,0,0,0,0,69.5508,69.5508,351722.775,359030.275,69.5508,,57.48
5378,5378,0,0,1.22,0,0,1.22,0,0,0,0,45.75,45.75,351768.525,359076.025,45.75,,37.5
5379,5379,0,0,1.22,0,0,1.22,0,0,0,0,42.1754,42.1754,351810.7004,359118.2004,42.1754,,34.57
5380,5380,0,0,1.22,0,0,1.22,0,0,0,0,53.2042,53.2042,351863.9046,359171.4046,53.2042,,43.61
5381,5381,0,0,1.23,0,0,1.23,0,0,0,0,53.6403,53.6403,351917.5449,359225.0449,53.6403,,43.61
5382,5382,0,0,1.22,0,0,1.22,0,0,0,0,42.1754,42.1754,351959.7203,359267.2203,42.1754,,34.57
5383,5383,0,0,1.22,0,0,1.22,0,0,0,0,42.1754,42.1754,352001.8957,359309.3957,42.1754,,34.57
5384,5384,0,0,1.22,0,0,1.22,0,0,0,0,45.75,45.75,352047.6457,359355.1457,45.75,,37.5
5385,5385,0,0,1.23,0,0,1.23,0,0,0,0,42.5211,42.5211,352090.1668,359397.6668,42.5211,,34.57
5386,5386,0,0,1.22,0,0,1.22,0,0,0,0,25.3882,25.3882,352115.555,359423.055,25.3882,,20.81
5387,5387,0,0,0.1547,-1,-1.0753,1.23,1,0,1,5,3.0668,-1.9332,352113.6218,359426.1218,24.3786,,19.82
5388,5388,1,33.33,0.1447,-1,-1.0753,1.22,2,0,1,5,0.6918,-4.3082,352109.3136,359426.8136,5.8316,,4.78
5389,5389,2,66.67,0.1347,-1,-1.0753,1.21,3,0,1,5,0.8017,-4.1983,352105.1153,359427.6153,7.1995,,5.95
5390,5390,3,100,1.2,0,0,1.2,3,0,0,0,23.784,23.784,352128.8993,359451.3993,23.784,,19.82
5391,5391,3,100,1.21,0,0,1.21,3,0,0,0,23.9822,23.9822,352152.8815,359475.3815,23.9822,,19.82
5392,5392,3,100,1.21,0,0,1.21,3,0,0,0,41.8297,41.8297,352194.7112,359517.2112,41.8297,,34.57
5393,5393,3,100,1.22,0,0,1.22,3,0,0,0,67.4538,67.4538,352262.165,359584.665,67.4538,,55.29
5394,5394,3,100,1.21,0,0,1.21,3,0,0,0,71.6804,71.6804,352333.8454,359656.3454,71.6804,,59.24
5395,5395,3,100,2.3975,1.25,1.1875,1.21,1.75,0,1.25,6.25,142.5554,136.3054,352470.1508,359798.9008,71.9466,,59.46
5396,5396,1.75,58.33,2.8825,1.75,1.6625,1.22,0,0,1.75,8.75,184.3647,175.6147,352645.7655,359983.2655,78.0312,,63.96
5397,5397,0,0,1.22,0,0,1.22,0,0,0,0,70.1256,70.1256,352715.8911,360053.3911,70.1256,,57.48
5398,5398,0,0,1.22,0,0,1.22,0,0,0,0,67.3196,67.3196,352783.2107,360120.7107,67.3196,,55.18
5399,5399,0,0,1.22,0,0,1.22,0,0,0,0,44.347,44.347,352827.5577,360165.0577,44.347,,36.35
5400,5400,0,0,1.22,0,0,1.22,0,0,0,0,49.4588,49.4588,352877.0165,360214.5165,49.4588,,40.54
5401,5401,0,0,1.22,0,0,1.22,0,0,0,0,42.1266,42.1266,352919.1431,360256.6431,42.1266,,34.53
5402,5402,0,0,1.22,0,0,1.22,0,0,0,0,41.0652,41.0652,352960.2083,360297.7083,41.0652,,33.66
5403,5403,0,0,1.21,0,0,1.21,0,0,0,0,38.3328,38.3328,352998.5411,360336.0411,38.3328,,31.68
5404,5404,0,0,1.22,0,0,1.22,0,0,0,0,43.4808,43.4808,353042.0219,360379.5219,43.4808,,35.64
5405,5405,0,0,1.22,0,0,1.22,0,0,0,0,53.1432,53.1432,353095.1651,360432.6651,53.1432,,43.56
5406,5406,0,0,1.22,0,0,1.22,0,0,0,0,42.1266,42.1266,353137.2917,360474.7917,42.1266,,34.53
5407,5407,0,0,1.21,0,0,1.21,0,0,0,0,31.1454,31.1454,353168.4371,360505.9371,31.1454,,25.74
5408,5408,0,0,1.22,0,0,1.22,0,0,0,0,42.1266,42.1266,353210.5637,360548.0637,42.1266,,34.53
5409,5409,0,0,1.21,0,0,1.21,0,0,0,0,41.1884,41.1884,353251.7521,360589.2521,41.1884,,34.04
5410,5410,0,0,1.2,0,0,1.2,0,0,0,0,41.436,41.436,353293.1881,360630.6881,41.436,,34.53
5411,5411,0,0,1.21,0,0,1.21,0,0,0,0,34.2309,34.2309,353327.419,360664.919,34.2309,,28.29
5412,5412,0,0,0.1347,-1,-1.0753,1.21,1,0,1,5,2.4009,-2.5991,353324.8199,360667.3199,21.5622,,17.82
5413,5413,1,33.33,0.1447,-1,-1.0753,1.22,2,0,1,5,2.8657,-2.1343,353322.6856,360670.1856,24.156,,19.8
5414,5414,2,66.67,1.22,0,0,1.22,2,0,0,0,42.1266,42.1266,353364.8122,360712.3122,42.1266,,34.53
5415,5415,2,66.67,1.23,0,0,1.23,2,0,0,0,36.531,36.531,353401.3432,360748.8432,36.531,,29.7
5416,5416,2,66.67,1.21,0,0,1.21,2,0,0,0,41.7813,41.7813,353443.1245,360790.6245,41.7813,,34.53
5417,5417,2,66.67,1.21,0,0,1.21,2,0,0,0,41.7813,41.7813,353484.9058,360832.4058,41.7813,,34.53
5418,5418,2,66.67,1.4475,0.25,0.2375,1.21,1.75,0,0.25,1.25,57.321,56.071,353540.9768,360889.7268,47.916,,39.6
5419,5419,1.75,58.33,1.22,0,0,1.22,1.75,0,0,0,45.7012,45.7012,353586.678,360935.428,45.7012,,37.46
5420,5420,1.75,58.33,1.22,0,0,1.22,1.75,0,0,0,42.1266,42.1266,353628.8046,360977.5546,42.1266,,34.53
5421,5421,1.75,58.33,2.8825,1.75,1.6625,1.22,0,0,1.75,8.75,125.5617,116.8117,353745.6163,361103.1163,53.1432,,43.56
5422,5422,0,0,1.22,0,0,1.22,0,0,0,0,34.5138,34.5138,353780.1301,361137.6301,34.5138,,28.29
5423,5423,0,0,1.22,0,0,1.22,0,0,0,0,16.9092,16.9092,353797.0393,361154.5393,16.9092,,13.86
5424,5424,0,0,1.22,0,0,1.22,0,0,0,0,20.6546,20.6546,353817.6939,361175.1939,20.6546,,16.93
5425,5425,0,0,1.22,0,0,1.22,0,0,0,0,8.5522,8.5522,353826.2461,361183.7461,8.5522,,7.01
5426,5426,0,0,1.22,0,0,1.22,0,0,0,0,6.3196,6.3196,353832.5657,361190.0657,6.3196,,5.18
5427,5427,0,0,1.22,0,0,1.22,0,0,0,0,5.6974,5.6974,353838.2631,361195.7631,5.6974,,4.67
5428,5428,0,0,1.22,0,0,1.22,0,0,0,0,5.7706,5.7706,353844.0337,361201.5337,5.7706,,4.73
5429,5429,0,0,1.21,0,0,1.21,0,0,0,0,5.6023,5.6023,353849.636,361207.136,5.6023,,4.63
5430,5430,0,0,1.22,0,0,1.22,0,0,0,0,5.5266,5.5266,353855.1626,361212.6626,5.5266,,4.53
5431,5431,0,0,0.6724,-0.5,-0.5376,1.21,0.5,0,0.5,2.5,2.2726,-0.2274,353854.9352,361214.9352,4.0898,,3.38
5432,5432,0.5,16.67,1.22,0,0,1.22,0.5,0,0,0,4.5628,4.5628,353859.498,361219.498,4.5628,,3.74
5433,5433,0.5,16.67,1.22,0,0,1.22,0.5,0,0,0,4.5628,4.5628,353864.0608,361224.0608,4.5628,,3.74
5434,5434,0.5,16.67,1.22,0,0,1.22,0.5,0,0,0,4.1236,4.1236,353868.1844,361228.1844,4.1236,,3.38
5435,5435,0.5,16.67,0.6724,-0.5,-0.5376,1.21,1,0,0.5,2.5,2.2726,-0.2274,353867.957,361230.457,4.0898,,3.38
5436,5436,1,33.33,0.1347,-1,-1.0753,1.21,2,0,1,5,0.454,-4.546,353863.411,361230.911,4.0777,,3.37
5437,5437,2,66.67,0.0347,-1,-1.0753,1.11,3,0,1,5,0.117,-4.883,353858.528,361231.028,3.7407,,3.37
5438,5438,3,100,1.07,0,0,1.07,3,0,0,0,3.6166,3.6166,353862.1446,361234.6446,3.6166,,3.38
5439,5439,3,100,1.06,0,0,1.06,3,0,0,0,4.0598,4.0598,353866.2044,361238.7044,4.0598,,3.83
5440,5440,3,100,1.06,0,0,1.06,3,0,0,0,4.9078,4.9078,353871.1122,361243.6122,4.9078,,4.63
5441,5441,3,100,1.07,0,0,1.07,3,0,0,0,12.6474,12.6474,353883.7596,361256.2596,12.6474,,11.82
5442,5442,3,100,1.07,0,0,1.07,3,0,0,0,26.8784,26.8784,353910.638,361283.138,26.8784,,25.12
5443,5443,3,100,2.03,1,0.95,1.08,2,0,1,5,64.0059,59.0059,353969.6439,361347.1439,34.0524,,31.53
5444,5444,2,66.67,2.98,2,1.9,1.08,0,0,2,10,102.3928,92.3928,354062.0367,361449.5367,37.1088,,34.36
5445,5445,0,0,1.07,0,0,1.07,0,0,0,0,31.3938,31.3938,354093.4305,361480.9305,31.3938,,29.34
5446,5446,0,0,1.08,0,0,1.08,0,0,0,0,4.8924,4.8924,354098.3229,361485.8229,4.8924,,4.53
5447,5447,0,0,1.08,0,0,1.08,0,0,0,0,3.726,3.726,354102.0489,361489.5489,3.726,,3.45
5448,5448,0,0,1.07,0,0,1.07,0,0,0,0,3.5952,3.5952,354105.6441,361493.1441,3.5952,,3.36
5449,5449,0,0,1.07,0,0,1.07,0,0,0,0,2.9425,2.9425,354108.5866,361496.0866,2.9425,,2.75
5450,5450,0,0,0.0047,-1,-1.0753,1.08,1,0,1,5,0,-5,354103.5866,361496.0866,0,,0
5451,5451,1,33.33,0.2635,-0.75,-0.8065,1.07,1.75,0,0.75,3.75,0,-3.75,354099.8366,361496.0866,0,,0
5452,5452,1.75,58.33,0.0047,-1,-1.0753,1.08,2.75,0,1,5,0,-5,354094.8366,361496.0866,0,,0
5453,5453,2.75,91.67,0.8112,-0.25,-0.2688,1.08,3,0,0.25,1.25,0,-1.25,354093.5866,361496.0866,0,,0
5454,5454,3,100,1.08,0,0,1.08,3,0,0,0,3.4992,3.4992,354097.0858,361499.5858,3.4992,,3.24
5455,5455,3,100,1.08,0,0,1.08,3,0,0,0,3.3912,3.3912,354100.477,361502.977,3.3912,,3.14
5456,5456,3,100,1.08,0,0,1.08,3,0,0,0,3.294,3.294,354103.771,361506.271,3.294,,3.05
5457,5457,3,100,1.07,0,0,1.07,3,0,0,0,3.4347,3.4347,354107.2057,361509.7057,3.4347,,3.21
5458,5458,3,100,1.06,0,0,1.06,3,0,0,0,2.0776,2.0776,354109.2833,361511.7833,2.0776,,1.96
5459,5459,3,100,1.04,0,0,1.04,3,0,0,0,0,0,354109.2833,361511.7833,0,,0
5460,5460,3,100,1.05,0,0,1.05,3,0,0,0,0,0,354109.2833,361511.7833,0,,0
5461,5461,3,100,1.05,0,0,1.05,3,0,0,0,0,0,354109.2833,361511.7833,0,,0
5462,5462,3,100,1.06,0,0,1.06,3,0,0,0,0,0,354109.2833,361511.7833,0,,0
5463,5463,3,100,1.06,0,0,1.06,3,0,0,0,0,0,354109.2833,361511.7833,0,,0
5464,5464,3,100,1.08,0,0,1.08,3,0,0,0,3.4992,3.4992,354112.7825,361515.2825,3.4992,,3.24
5465,5465,3,100,0.98,0,0,0.98,3,0,0,0,3.6554,3.6554,354116.4379,361518.9379,3.6554,,3.73
5466,5466,3,100,0.98,0,0,0.98,3,0,0,0,4.6158,4.6158,354121.0537,361523.5537,4.6158,,4.71
5467,5467,3,100,0.97,0,0,0.97,3,0,0,0,4.7627,4.7627,354125.8164,361528.3164,4.7627,,4.91
5468,5468,3,100,0.88,0,0,0.88,3,0,0,0,5.1832,5.1832,354130.9996,361533.4996,5.1832,,5.89
5469,5469,3,100,0.88,0,0,0.88,3,0,0,0,4.3208,4.3208,354135.3204,361537.8204,4.3208,,4.91
5470,5470,3,100,0.88,0,0,0.88,3,0,0,0,3.0272,3.0272,354138.3476,361540.8476,3.0272,,3.44
5471,5471,3,100,0.88,0,0,0.88,3,0,0,0,2.9392,2.9392,354141.2868,361543.7868,2.9392,,3.34
5472,5472,3,100,0.88,0,0,0.88,3,0,0,0,4.1448,4.1448,354145.4316,361547.9316,4.1448,,4.71
5473,5473,3,100,0.88,0,0,0.88,3,0,0,0,3.4584,3.4584,354148.89,361551.39,3.4584,,3.93
5474,5474,3,100,0.87,0,0,0.87,3,0,0,0,2.9232,2.9232,354151.8132,361554.3132,2.9232,,3.36
5475,5475,3,100,0.86,0,0,0.86,3,0,0,0,2.8724,2.8724,354154.6856,361557.1856,2.8724,,3.34
5476,5476,3,100,0.88,0,0,0.88,3,0,0,0,2.8512,2.8512,354157.5368,361560.0368,2.8512,,3.24
5477,5477,3,100,0.88,0,0,0.88,3,0,0,0,2.9392,2.9392,354160.476,361562.976,2.9392,,3.34
5478,5478,3,100,0.88,0,0,0.88,3,0,0,0,2.9568,2.9568,354163.4328,361565.9328,2.9568,,3.36
5479,5479,3,100,0.88,0,0,0.88,3,0,0,0,2.9568,2.9568,354166.3896,361568.8896,2.9568,,3.36
5480,5480,3,100,0.88,0,0,0.88,3,0,0,0,2.9568,2.9568,354169.3464,361571.8464,2.9568,,3.36
5481,5481,3,100,0.87,0,0,0.87,3,0,0,0,2.9058,2.9058,354172.2522,361574.7522,2.9058,,3.34
5482,5482,3,100,0.84,0,0,0.84,3,0,0,0,2.8056,2.8056,354175.0578,361577.5578,2.8056,,3.34
5483,5483,3,100,0.84,0,0,0.84,3,0,0,0,2.8056,2.8056,354177.8634,361580.3634,2.8056,,3.34
5484,5484,3,100,0.84,0,0,0.84,3,0,0,0,2.7216,2.7216,354180.585,361583.085,2.7216,,3.24
5485,5485,3,100,0.86,0,0,0.86,3,0,0,0,2.8724,2.8724,354183.4574,361585.9574,2.8724,,3.34
5486,5486,3,100,0.86,0,0,0.86,3,0,0,0,2.7864,2.7864,354186.2438,361588.7438,2.7864,,3.24
5487,5487,3,100,0.86,0,0,0.86,3,0,0,0,2.8896,2.8896,354189.1334,361591.6334,2.8896,,3.36
5488,5488,3,100,0.88,0,0,0.88,3,0,0,0,3.4584,3.4584,354192.5918,361595.0918,3.4584,,3.93
5489,5489,3,100,0.88,0,0,0.88,3,0,0,0,5.1832,5.1832,354197.775,361600.275,5.1832,,5.89
5490,5490,3,100,0.88,0,0,0.88,3,0,0,0,15.5584,15.5584,354213.3334,361615.8334,15.5584,,17.68
5491,5491,3,100,0.87,0,0,0.87,3,0,0,0,17.0868,17.0868,354230.4202,361632.9202,17.0868,,19.64
5492,5492,3,100,2.9175,2.25,2.1375,0.78,0.75,0,2.25,11.25,108.4143,97.1643,354327.5845,361741.3345,28.9848,,37.16
5493,5493,0.75,25,1.4825,0.75,0.7125,0.77,0,0,0.75,3.75,43.6745,39.9245,354367.509,361785.009,22.6842,,29.46
5494,5494,0,0,0.78,0,0,0.78,0,0,0,0,4.1496,4.1496,354371.6586,361789.1586,4.1496,,5.32
5495,5495,0,0,0.78,0,0,0.78,0,0,0,0,3.8298,3.8298,354375.4884,361792.9884,3.8298,,4.91
5496,5496,0,0,0.78,0,0,0.78,0,0,0,0,5.4522,5.4522,354380.9406,361798.4406,5.4522,,6.99
5497,5497,0,0,0.77,0,0,0.77,0,0,0,0,3.7807,3.7807,354384.7213,361802.2213,3.7807,,4.91
5498,5498,0,0,0.78,0,0,0.78,0,0,0,0,3.0654,3.0654,354387.7867,361805.2867,3.0654,,3.93
5499,5499,0,0,0.78,0,0,0.78,0,0,0,0,2.9094,2.9094,354390.6961,361808.1961,2.9094,,3.73
5500,5500,0,0,0.2324,-0.5,-0.5376,0.77,0.5,0,0.5,2.5,0.7993,-1.7007,354388.9954,361808.9954,2.6488,,3.44
5501,5501,0.5,16.67,0.78,0,0,0.78,0.5,0,0,0,2.9094,2.9094,354391.9048,361811.9048,2.9094,,3.73
5502,5502,0.5,16.67,0.78,0,0,0.78,0.5,0,0,0,3.6738,3.6738,354395.5786,361815.5786,3.6738,,4.71
5503,5503,0.5,16.67,0.78,0,0,0.78,0.5,0,0,0,3.4788,3.4788,354399.0574,361819.0574,3.4788,,4.46
5504,5504,0.5,16.67,0.2424,-0.5,-0.5376,0.78,1,0,0.5,2.5,0.858,-1.642,354397.4154,361819.9154,2.7612,,3.54
5505,5505,1,33.33,0.2224,-0.5,-0.5376,0.76,1.5,0,0.5,2.5,0.7471,-1.7529,354395.6625,361820.6625,2.5536,,3.36
5506,5506,1.5,50,0.2424,-0.5,-0.5376,0.78,2,0,0.5,2.5,0.8143,-1.6857,354393.9768,361821.4768,2.6208,,3.36
5507,5507,2,66.67,0.2424,-0.5,-0.5376,0.78,2.5,0,0.5,2.5,0.8143,-1.6857,354392.2911,361822.2911,2.6208,,3.36
5508,5508,2.5,83.33,0.2324,-0.5,-0.5376,0.77,3,0,0.5,2.5,0.7993,-1.7007,354390.5904,361823.0904,2.6488,,3.44
5509,5509,3,100,0.76,0,0,0.76,3,0,0,0,2.8348,2.8348,354393.4252,361825.9252,2.8348,,3.73
5510,5510,3,100,0.77,0,0,0.77,3,0,0,0,3.0261,3.0261,354396.4513,361828.9513,3.0261,,3.93
5511,5511,3,100,0.77,0,0,0.77,3,0,0,0,3.7961,3.7961,354400.2474,361832.7474,3.7961,,4.93
5512,5512,3,100,0.78,0,0,0.78,3,0,0,0,15.3192,15.3192,354415.5666,361848.0666,15.3192,,19.64
5513,5513,3,100,0.78,0,0,0.78,3,0,0,0,36.6132,36.6132,354452.1798,361884.6798,36.6132,,46.94
5514,5514,3,100,2.9075,2.25,2.1375,0.77,0.75,0,2.25,11.25,148.1662,136.9162,354589.096,362032.846,39.2392,,50.96
5515,5515,0.75,25,1.4925,0.75,0.7125,0.78,0,0,0.75,3.75,70.3415,66.5915,354655.6875,362103.1875,36.7614,,47.13
5516,5516,0,0,0.77,0,0,0.77,0,0,0,0,22.6842,22.6842,354678.3717,362125.8717,22.6842,,29.46
5517,5517,0,0,0.77,0,0,0.77,0,0,0,0,22.6842,22.6842,354701.0559,362148.5559,22.6842,,29.46
5518,5518,0,0,0.76,0,0,0.76,0,0,0,0,25.3764,25.3764,354726.4323,362173.9323,25.3764,,33.39
5519,5519,0,0,0.76,0,0,0.76,0,0,0,0,17.9132,17.9132,354744.3455,362191.8455,17.9132,,23.57
5520,5520,0,0,0.78,0,0,0.78,0,0,0,0,4.5942,4.5942,354748.9397,362196.4397,4.5942,,5.89
5521,5521,0,0,0.2324,-0.5,-0.5376,0.77,0.5,0,0.5,2.5,1.1456,-1.3544,354747.5853,362197.5853,3.7961,,4.93
5522,5522,0.5,16.67,0.2424,-0.5,-0.5376,0.78,1,0,0.5,2.5,1.127,-1.373,354746.2123,362198.7123,3.627,,4.65
5523,5523,1,33.33,0.2424,-0.5,-0.5376,0.78,1.5,0,0.5,2.5,1.1003,-1.3997,354744.8126,362199.8126,3.5412,,4.54
5524,5524,1.5,50,0.2424,-0.5,-0.5376,0.78,2,0,0.5,2.5,1.1173,-1.3827,354743.4299,362200.9299,3.5958,,4.61
5525,5525,2,66.67,0.2424,-0.5,-0.5376,0.78,2.5,0,0.5,2.5,1.19,-1.31,354742.1199,362202.1199,3.8298,,4.91
5526,5526,2.5,83.33,0.2524,-0.5,-0.5376,0.79,3,0,0.5,2.5,1.2442,-1.2558,354740.8641,362203.3641,3.8947,,4.93
5527,5527,3,100,0.78,0,0,0.78,3,0,0,0,5.6862,5.6862,354746.5503,362209.0503,5.6862,,7.29
5528,5528,3,100,0.79,0,0,0.79,3,0,0,0,35.6843,35.6843,354782.2346,362244.7346,35.6843,,45.17
5529,5529,3,100,0.77,0,0,0.77,3,0,0,0,28.6132,28.6132,354810.8478,362273.3478,28.6132,,37.16
5530,5530,3,100,0.4,0,0,0.4,3,0,0,0,19.556,19.556,354830.4038,362292.9038,19.556,,48.89
5531,5531,3,100,1.5725,0.75,0.7125,0.86,2.25,0,0.75,3.75,96.6616,92.9116,354923.3154,362389.5654,52.8642,,61.47
5532,5532,2.25,75,0.86,0,0,0.86,2.25,0,0,0,42.0454,42.0454,354965.3608,362431.6108,42.0454,,48.89
5533,5533,2.25,75,0.86,0,0,0.86,2.25,0,0,0,50.6712,50.6712,355016.032,362482.282,50.6712,,58.92
5534,5534,2.25,75,0.87,0,0,0.87,2.25,0,0,0,51.069,51.069,355067.101,362533.351,51.069,,58.7
5535,5535,2.25,75,0.0535,-0.75,-0.8065,0.86,3,0,0.75,3.75,2.3138,-1.4362,355065.6648,362535.6648,37.1606,,43.21
5536,5536,3,100,1.08,0,0,1.08,3,0,0,0,54.918,54.918,355120.5828,362590.5828,54.918,,50.85
5537,5537,3,100,1.08,0,0,1.08,3,0,0,0,66.0096,66.0096,355186.5924,362656.5924,66.0096,,61.12
5538,5538,3,100,1.08,0,0,1.08,3,0,0,0,67.8564,67.8564,355254.4488,362724.4488,67.8564,,62.83
5539,5539,3,100,2.7425,1.75,1.6625,1.08,1.25,0,1.75,8.75,183.1167,174.3667,355428.8155,362907.5655,72.1116,,66.77
5540,5540,1.25,41.67,2.2575,1.25,1.1875,1.07,0,0,1.25,6.25,150.7333,144.4833,355573.2988,363058.2988,71.4439,,66.77
5541,5541,0,0,1.08,0,0,1.08,0,0,0,0,55.1448,55.1448,355628.4436,363113.4436,55.1448,,51.06
5542,5542,0,0,1.08,0,0,1.08,0,0,0,0,38.1564,38.1564,355666.6,363151.6,38.1564,,35.33
5543,5543,0,0,0,0,0,0,0,0,0,0,0,0,355666.6,363151.6,0,,34.25
5544,5544,0,0,1.08,0,0,1.08,0,0,0,0,39.2364,39.2364,355705.8364,363190.8364,39.2364,,36.33
5545,5545,0,0,1.06,0,0,1.06,0,0,0,0,35.7856,35.7856,355741.622,363226.622,35.7856,,33.76
5546,5546,0,0,1.08,0,0,1.08,0,0,0,0,31.8168,31.8168,355773.4388,363258.4388,31.8168,,29.46
5547,5547,0,0,0.98,0,0,0.98,0,0,0,0,33.0848,33.0848,355806.5236,363291.5236,33.0848,,33.76
5548,5548,0,0,0.1735,-0.75,-0.8065,0.98,0.75,0,0.75,3.75,4.7708,1.0208,355807.5444,363296.2944,26.9402,,27.49
5549,5549,0.75,25,0.98,0,0,0.98,0.75,0,0,0,28.8708,28.8708,355836.4152,363325.1652,28.8708,,29.46
5550,5550,0.75,25,0.98,0,0,0.98,0.75,0,0,0,28.8708,28.8708,355865.286,363354.036,28.8708,,29.46
5551,5551,0.75,25,0.1835,-0.75,-0.8065,0.99,1.5,0,0.75,3.75,3.6049,-0.1451,355865.1409,363357.6409,19.4436,,19.64
5552,5552,1.5,50,1.6925,0.75,0.7125,0.98,0.75,0,0.75,3.75,73.0144,69.2644,355934.4053,363430.6553,42.2772,,43.14
5553,5553,0.75,25,0.97,0,0,0.97,0.75,0,0,0,41.0116,41.0116,355975.4169,363471.6669,41.0116,,42.28
5554,5554,0.75,25,0.97,0,0,0.97,0.75,0,0,0,32.7472,32.7472,356008.1641,363504.4141,32.7472,,33.76
5555,5555,0.75,25,0.97,0,0,0.97,0.75,0,0,0,32.7472,32.7472,356040.9113,363537.1613,32.7472,,33.76
5556,5556,0.75,25,0.1635,-0.75,-0.8065,0.97,1.5,0,0.75,3.75,3.8581,0.1081,356041.0194,363541.0194,22.8823,,23.59
5557,5557,1.5,50,0.1635,-0.75,-0.8065,0.97,2.25,0,0.75,3.75,4.5892,0.8392,356041.8586,363545.6086,27.2182,,28.06
5558,5558,2.25,75,0.97,0,0,0.97,2.25,0,0,0,32.7472,32.7472,356074.6058,363578.3558,32.7472,,33.76
5559,5559,2.25,75,0.1635,-0.75,-0.8065,0.97,3,0,0.75,3.75,2.5693,-1.1807,356073.4251,363580.9251,15.2387,,15.71
5560,5560,3,100,0.79,0,0,0.79,3,0,0,0,26.6704,26.6704,356100.0955,363607.5955,26.6704,,33.76
5561,5561,3,100,2.9075,2.25,2.1375,0.77,0.75,0,2.25,11.25,144.59,133.34,356233.4355,363752.1855,38.2921,,49.73
5562,5562,0.75,25,0.79,0,0,0.79,0.75,0,0,0,26.6704,26.6704,356260.1059,363778.8559,26.6704,,33.76
5563,5563,0.75,25,1.4925,0.75,0.7125,0.78,0,0,0.75,3.75,64.4909,60.7409,356320.8468,363843.3468,33.7038,,43.21
5564,5564,0,0,0.78,0,0,0.78,0,0,0,0,26.3328,26.3328,356347.1796,363869.6796,26.3328,,33.76
5565,5565,0,0,0.86,0,0,0.86,0,0,0,0,35.8878,35.8878,356383.0674,363905.5674,35.8878,,41.73
5566,5566,0,0,0.86,0,0,0.86,0,0,0,0,24.1316,24.1316,356407.199,363929.699,24.1316,,28.06
5567,5567,0,0,0.2224,-0.5,-0.5376,0.76,0.5,0,0.5,2.5,1.919,-0.581,356406.618,363931.618,6.5588,,8.63
5568,5568,0.5,16.67,0.77,0,0,0.77,0.5,0,0,0,18.4569,18.4569,356425.0749,363950.0749,18.4569,,23.97
5569,5569,0.5,16.67,0.2324,-0.5,-0.5376,0.77,1,0,0.5,2.5,3.6481,1.1481,356426.223,363953.723,12.089,,15.7
5570,5570,1,33.33,0.5012,-0.25,-0.2688,0.77,1.25,0,0.25,1.25,9.8332,8.5832,356434.8062,363963.5562,15.1074,,19.62
5571,5571,1.25,41.67,0.2424,-0.5,-0.5376,0.78,1.75,0,0.5,2.5,2.3776,-0.1224,356434.6838,363965.9338,7.6518,,9.81
5572,5572,1.75,58.33,0.2424,-0.5,-0.5376,0.78,2.25,0,0.5,2.5,2.3049,-0.1951,356434.4887,363968.2387,7.4178,,9.51
5573,5573,2.25,75,0.2424,-0.5,-0.5376,0.78,2.75,0,0.5,2.5,2.3049,-0.1951,356434.2936,363970.5436,7.4178,,9.51
5574,5574,2.75,91.67,0.5112,-0.25,-0.2688,0.78,3,0,0.25,1.25,10.0294,8.7794,356443.073,363980.573,15.3036,,19.62
5575,5575,3,100,0.79,0,0,0.79,3,0,0,0,18.5966,18.5966,356461.6696,363999.1696,18.5966,,23.54
5576,5576,3,100,2.9175,2.25,2.1375,0.78,0.75,0,2.25,11.25,117.196,105.946,356567.6156,364116.3656,31.3326,,40.17
5577,5577,0.75,25,1.4725,0.75,0.7125,0.76,0,0,0.75,3.75,49.1079,45.3579,356612.9735,364165.4735,25.346,,33.35
5578,5578,0,0,0.77,0,0,0.77,0,0,0,0,15.1074,15.1074,356628.0809,364180.5809,15.1074,,19.62
5579,5579,0,0,0.77,0,0,0.77,0,0,0,0,12.0813,12.0813,356640.1622,364192.6622,12.0813,,15.69
5580,5580,0,0,0.0635,-0.75,-0.8065,0.87,0.75,0,0.75,3.75,0.6043,-3.1457,356637.0165,364193.2665,8.2737,,9.51
5581,5581,0.75,25,0.87,0,0,0.87,0.75,0,0,0,13.3806,13.3806,356650.3971,364206.6471,13.3806,,15.38
5582,5582,0.75,25,0.0635,-0.75,-0.8065,0.87,1.5,0,0.75,3.75,0.3127,-3.4373,356646.9598,364206.9598,4.2804,,4.92
5583,5583,1.5,50,0.0535,-0.75,-0.8065,0.86,2.25,0,0.75,3.75,0.6313,-3.1187,356643.8411,364207.5911,10.1394,,11.79
5584,5584,2.25,75,0.0735,-0.75,-0.8065,0.88,3,0,0.75,3.75,0.7215,-3.0285,356640.8126,364208.3126,8.6328,,9.81
5585,5585,3,100,0.87,0,0,0.87,3,0,0,0,24.3948,24.3948,356665.2074,364232.7074,24.3948,,28.04
5586,5586,3,100,0.88,0,0,0.88,3,0,0,0,25.8984,25.8984,356691.1058,364258.6058,25.8984,,29.43
5587,5587,3,100,3,2.25,2.1375,0.87,0.75,0.0075,2.25,11.25,175.98,164.73,356855.8358,364434.5858,51.0342,,58.66
5588,5588,0.75,25,1.5925,0.75,0.7125,0.88,0,0,0.75,3.75,89.2915,85.5415,356941.3773,364523.8773,49.3416,,56.07
5589,5589,0,0,0.87,0,0,0.87,0,0,0,0,34.1214,34.1214,356975.4987,364557.9987,34.1214,,39.22
5590,5590,0,0,0.87,0,0,0.87,0,0,0,0,27.2397,27.2397,357002.7384,364585.2384,27.2397,,31.31
5591,5591,0,0,0.86,0,0,0.86,0,0,0,0,20.2444,20.2444,357022.9828,364605.4828,20.2444,,23.54
5592,5592,0,0,0.0635,-0.75,-0.8065,0.87,0.75,0,0.75,3.75,1.4858,-2.2642,357020.7186,364606.9686,20.3406,,23.38
5593,5593,0.75,25,0.0735,-0.75,-0.8065,0.88,1.5,0,0.75,3.75,1.4335,-2.3165,357018.4021,364608.4021,17.1512,,19.49
5594,5594,1.5,50,0.0635,-0.75,-0.8065,0.87,2.25,0,0.75,3.75,1.2386,-2.5114,357015.8907,364609.6407,16.9563,,19.49
5595,5595,2.25,75,0.0635,-0.75,-0.8065,0.87,3,0,0.75,3.75,1.4858,-2.2642,357013.6265,364611.1265,20.3406,,23.38
5596,5596,3,100,0.87,0,0,0.87,3,0,0,0,20.3406,20.3406,357033.9671,364631.4671,20.3406,,23.38
5597,5597,3,100,0.88,0,0,0.88,3,0,0,0,23.144,23.144,357057.1111,364654.6111,23.144,,26.3
5598,5598,3,100,0.88,0,0,0.88,3,0,0,0,25.7224,25.7224,357082.8335,364680.3335,25.7224,,29.23
5599,5599,3,100,0.88,0,0,0.88,3,0,0,0,25.7224,25.7224,357108.5559,364706.0559,25.7224,,29.23
5600,5600,3,100,0.87,0,0,0.87,3,0,0,0,29.1537,29.1537,357137.7096,364735.2096,29.1537,,33.51
5601,5601,3,100,2.9975,2.25,2.1375,0.86,0.75,0,2.25,11.25,128.5028,117.2528,357254.9624,364863.7124,36.8682,,42.87
5602,5602,0.75,25,0.0535,-0.75,-0.8065,0.86,1.5,0,0.75,3.75,0.9392,-2.8108,357252.1516,364864.6516,15.0844,,17.54
5603,5603,1.5,50,0.85,0,0,0.85,1.5,0,0,0,19.873,19.873,357272.0246,364884.5246,19.873,,23.38
5604,5604,1.5,50,0.0535,-0.75,-0.8065,0.86,2.25,0,0.75,3.75,1.252,-2.498,357269.5266,364885.7766,20.1068,,23.38
5605,5605,2.25,75,0.85,0,0,0.85,2.25,0,0,0,21.4965,21.4965,357291.0231,364907.2731,21.4965,,25.29
5606,5606,2.25,75,0.86,0,0,0.86,2.25,0,0,0,20.1068,20.1068,357311.1299,364927.3799,20.1068,,23.38
5607,5607,2.25,75,0.0535,-0.75,-0.8065,0.86,3,0,0.75,3.75,0.415,-3.335,357307.7949,364927.7949,6.665,,7.75
5608,5608,3,100,0.88,0,0,0.88,3,0,0,0,25.7224,25.7224,357333.5173,364953.5173,25.7224,,29.23
5609,5609,3,100,0.88,0,0,0.88,3,0,0,0,53.152,53.152,357386.6693,365006.6693,53.152,,60.4
5610,5610,3,100,0.87,0,0,0.87,3,0,0,0,57.6375,57.6375,357444.3068,365064.3068,57.6375,,66.25
5611,5611,3,100,0.88,0,0,0.88,3,0,0,0,58.3,58.3,357502.6068,365122.6068,58.3,,66.25
5612,5612,3,100,1.83,1,0.95,0.88,2,0,1,5,121.2375,116.2375,357618.8443,365243.8443,58.3,,66.25
5613,5613,2,66.67,2.77,2,1.9,0.87,0,0,2,10,183.5125,173.5125,357792.3568,365427.3568,57.6375,,66.25
5614,5614,0,0,0.88,0,0,0.88,0,0,0,0,51.0488,51.0488,357843.4056,365478.4056,51.0488,,58.01
5615,5615,0,0,0.87,0,0,0.87,0,0,0,0,27.9705,27.9705,357871.3761,365506.3761,27.9705,,32.15
5616,5616,0,0,0.86,0,0,0.86,0,0,0,0,36.8338,36.8338,357908.2099,365543.2099,36.8338,,42.83
5617,5617,0,0,0.86,0,0,0.86,0,0,0,0,20.0896,20.0896,357928.2995,365563.2995,20.0896,,23.36
5618,5618,0,0,0.86,0,0,0.86,0,0,0,0,8.3764,8.3764,357936.6759,365571.6759,8.3764,,9.74
5619,5619,0,0,0.87,0,0,0.87,0,0,0,0,8.4738,8.4738,357945.1497,365580.1497,8.4738,,9.74
5620,5620,0,0,0.0635,-0.75,-0.8065,0.87,0.75,0,0.75,3.75,0.3108,-3.4392,357941.7105,365580.4605,4.2543,,4.89
5621,5621,0.75,25,0.0635,-0.75,-0.8065,0.87,1.5,0,0.75,3.75,0.3711,-3.3789,357938.3316,365580.8316,5.0808,,5.84
5622,5622,1.5,50,0.87,0,0,0.87,1.5,0,0,0,8.2998,8.2998,357946.6314,365589.1314,8.2998,,9.54
5623,5623,1.5,50,0.0635,-0.75,-0.8065,0.87,2.25,0,0.75,3.75,0.4404,-3.3096,357943.3218,365589.5718,6.0291,,6.93
5624,5624,2.25,75,3,2.25,2.1375,0.88,0,0.0175,2.25,11.25,87.6,76.35,358019.6718,365677.1718,25.696,,29.2
5625,5625,0,0,0.86,0,0,0.86,0,0,0,0,4.0162,4.0162,358023.688,365681.188,4.0162,,4.67
5626,5626,0,0,0.98,0,0,0.98,0,0,0,0,3.2634,3.2634,358026.9514,365684.4514,3.2634,,3.33
5627,5627,0,0,0.1435,-0.75,-0.8065,0.95,0.75,0,0.75,3.75,0.4608,-3.2892,358023.6622,365684.9122,3.0495,,3.21
5628,5628,0.75,25,0.1535,-0.75,-0.8065,0.96,1.5,0,0.75,3.75,0,-3.75,358019.9122,365684.9122,0,,0
5629,5629,1.5,50,0.1535,-0.75,-0.8065,0.96,2.25,0,0.75,3.75,0,-3.75,358016.1622,365684.9122,0,,0
5630,5630,2.25,75,0.2535,-0.75,-0.8065,1.06,3,0,0.75,3.75,0.4944,-3.2556,358012.9066,365685.4066,2.067,,1.95
5631,5631,3,100,1.06,0,0,1.06,3,0,0,0,3.4026,3.4026,358016.3092,365688.8092,3.4026,,3.21
5632,5632,3,100,0,0,0,0,3,0,0,0,0,0,358016.3092,365688.8092,0,,4.87
5633,5633,3,100,0.5,0,0,0.5,3,0,0,0,6.815,6.815,358023.1242,365695.6242,6.815,,13.63
5634,5634,3,100,1.08,0,0,1.08,3,0,0,0,25.2288,25.2288,358048.353,365720.853,25.2288,,23.36
5635,5635,3,100,2.98,2,1.9,1.08,1,0,2,10,185.6242,175.6242,358223.9772,365906.4772,67.2732,,62.29
5636,5636,1,33.33,1.07,0,0,1.07,1,0,0,0,52.0769,52.0769,358276.0541,365958.5541,52.0769,,48.67
5637,5637,1,33.33,2.02,1,0.95,1.07,0,0,1,5,113.9684,108.9684,358385.0225,366072.5225,60.3694,,56.42
5638,5638,0,0,1.08,0,0,1.08,0,0,0,0,30.0456,30.0456,358415.0681,366102.5681,30.0456,,27.82
5639,5639,0,0,0.0047,-1,-1.0753,1.08,1,0,1,5,0.0554,-4.9446,358410.1235,366102.6235,12.636,,11.7
5640,5640,1,33.33,2.02,1,0.95,1.07,0,0,1,5,59.2264,54.2264,358464.3499,366161.8499,31.3724,,29.32
5641,5641,0,0,0.96,0,0,0.96,0,0,0,0,18.768,18.768,358483.1179,366180.6179,18.768,,19.55
5642,5642,0,0,0.97,0,0,0.97,0,0,0,0,13.2696,13.2696,358496.3875,366193.8875,13.2696,,13.68
5643,5643,0,0,0.1635,-0.75,-0.8065,0.97,0.75,0,0.75,3.75,1.3264,-2.4236,358493.9639,366195.2139,7.8667,,8.11
5644,5644,0.75,25,0.1635,-0.75,-0.8065,0.97,1.5,0,0.75,3.75,0.9584,-2.7916,358491.1723,366196.1723,5.6842,,5.86
5645,5645,1.5,50,0.97,0,0,0.97,1.5,0,0,0,15.1708,15.1708,358506.3431,366211.3431,15.1708,,15.64
5646,5646,1.5,50,2.205,1.5,1.425,0.78,0,0,1.5,7.5,51.7293,44.2293,358550.5724,366263.0724,18.2988,,23.46
5647,5647,0,0,0.2424,-0.5,-0.5376,0.78,0.5,0,0.5,2.5,0.8095,-1.6905,358548.8819,366263.8819,2.6052,,3.34
5648,5648,0.5,16.67,0.2324,-0.5,-0.5376,0.77,1,0,0.5,2.5,0.7715,-1.7285,358547.1534,366264.6534,2.5564,,3.32
5649,5649,1,33.33,0.2424,-0.5,-0.5376,0.78,1.5,0,0.5,2.5,0.8047,-1.6953,358545.4581,366265.4581,2.5896,,3.32
5650,5650,1.5,50,0.2324,-0.5,-0.5376,0.77,2,0,0.5,2.5,0.7482,-1.7518,358543.7063,366266.2063,2.4794,,3.22
5651,5651,2,66.67,0.2224,-0.5,-0.5376,0.76,2.5,0,0.5,2.5,0.7427,-1.7573,358541.949,366266.949,2.5384,,3.34
5652,5652,2.5,83.33,0.2224,-0.5,-0.5376,0.76,3,0,0.5,2.5,0.7427,-1.7573,358540.1917,366267.6917,2.5384,,3.34
5653,5653,3,100,0.77,0,0,0.77,3,0,0,0,2.8567,2.8567,358543.0484,366270.5484,2.8567,,3.71
5654,5654,3,100,0.77,0,0,0.77,3,0,0,0,3.6652,3.6652,358546.7136,366274.2136,3.6652,,4.76
5655,5655,3,100,0.76,0,0,0.76,3,0,0,0,3.4352,3.4352,358550.1488,366277.6488,3.4352,,4.52
5656,5656,3,100,0.78,0,0,0.78,3,0,0,0,7.6206,7.6206,358557.7694,366285.2694,7.6206,,9.77
5657,5657,3,100,0.79,0,0,0.79,3,0,0,0,18.5334,18.5334,358576.3028,366303.8028,18.5334,,23.46
5658,5658,3,100,0.78,0,0,0.78,3,0,0,0,41.1606,41.1606,358617.4634,366344.9634,41.1606,,52.77
5659,5659,3,100,1.4925,0.75,0.7125,0.78,2.25,0,0.75,3.75,99.1915,95.4415,358712.9049,366444.1549,51.8388,,66.46
5660,5660,2.25,75,2.9175,2.25,2.1375,0.78,0,0,2.25,11.25,193.897,182.647,358895.5519,366638.0519,51.8388,,66.46
5661,5661,0,0,0.68,0,0,0.68,0,0,0,0,37.0804,37.0804,358932.6323,366675.1323,37.0804,,54.53
5662,5662,0,0,0.1424,-0.5,-0.5376,0.68,0.5,0,0.5,2.5,4.1742,1.6742,358934.3065,366679.3065,19.9376,,29.32
5663,5663,0.5,16.67,0.1424,-0.5,-0.5376,0.68,1,0,0.5,2.5,1.9476,-0.5524,358933.7541,366681.2541,9.3024,,13.68
5664,5664,1,33.33,1.63,1,0.95,0.68,0,0,1,5,78.3052,73.3052,359007.0593,366759.5593,32.6672,,48.04
5665,5665,0,0,0.67,0,0,0.67,0,0,0,0,19.0414,19.0414,359026.1007,366778.6007,19.0414,,28.42
5666,5666,0,0,0.67,0,0,0.67,0,0,0,0,6.566,6.566,359032.6667,366785.1667,6.566,,9.8
5667,5667,0,0,0.68,0,0,0.68,0,0,0,0,6.664,6.664,359039.3307,366791.8307,6.664,,9.8
5668,5668,0,0,0.87,0,0,0.87,0,0,0,0,5.1156,5.1156,359044.4463,366796.9463,5.1156,,5.88
5669,5669,0,0,0.87,0,0,0.87,0,0,0,0,8.526,8.526,359052.9723,366805.4723,8.526,,9.8
5670,5670,0,0,0.87,0,0,0.87,0,0,0,0,8.3607,8.3607,359061.333,366813.833,8.3607,,9.61
5671,5671,0,0,0.88,0,0,0.88,0,0,0,0,4.3296,4.3296,359065.6626,366818.1626,4.3296,,4.92
5672,5672,0,0,0.88,0,0,0.88,0,0,0,0,4.092,4.092,359069.7546,366822.2546,4.092,,4.65
5673,5673,0,0,0.87,0,0,0.87,0,0,0,0,3.4104,3.4104,359073.165,366825.665,3.4104,,3.92
5674,5674,0,0,0.87,0,0,0.87,0,0,0,0,3.1755,3.1755,359076.3405,366828.8405,3.1755,,3.65
5675,5675,0,0,0.0635,-0.75,-0.8065,0.87,0.75,0,0.75,3.75,0.218,-3.532,359072.8085,366829.0585,2.9841,,3.43
5676,5676,0.75,25,0.0535,-0.75,-0.8065,0.86,1.5,0,0.75,3.75,0.105,-3.645,359069.1635,366829.1635,1.6856,,1.96
5677,5677,1.5,50,0.0535,-0.75,-0.8065,0.86,2.25,0,0.75,3.75,0.0841,-3.6659,359065.4976,366829.2476,1.3502,,1.57
5678,5678,2.25,75,0.0535,-0.75,-0.8065,0.86,3,0,0.75,3.75,0.1697,-3.5803,359061.9173,366829.4173,2.7262,,3.17
5679,5679,3,100,0.87,0,0,0.87,3,0,0,0,3.4104,3.4104,359065.3277,366832.8277,3.4104,,3.92
5680,5680,3,100,0.88,0,0,0.88,3,0,0,0,4.3296,4.3296,359069.6573,366837.1573,4.3296,,4.92
5681,5681,3,100,0.88,0,0,0.88,3,0,0,0,20.6976,20.6976,359090.3549,366857.8549,20.6976,,23.52
5682,5682,3,100,0.87,0,0,0.87,3,0,0,0,25.578,25.578,359115.9329,366883.4329,25.578,,29.4
5683,5683,3,100,2.78,2,1.9,0.88,1,0,2,10,179.8382,169.8382,359285.7711,367063.2711,56.9272,,64.69
5684,5684,1,33.33,1.83,1,0.95,0.88,0,0,1,5,114.7959,109.7959,359395.567,367178.067,55.2024,,62.73
5685,5685,0,0,0.88,0,0,0.88,0,0,0,0,43.1288,43.1288,359438.6958,367221.1958,43.1288,,49.01
5686,5686,0,0,0.78,0,0,0.78,0,0,0,0,22.9164,22.9164,359461.6122,367244.1122,22.9164,,29.38
5687,5687,0,0,0.77,0,0,0.77,0,0,0,0,12.0736,12.0736,359473.6858,367256.1858,12.0736,,15.68
5688,5688,0,0,0.77,0,0,0.77,0,0,0,0,9.0552,9.0552,359482.741,367265.241,9.0552,,11.76
5689,5689,0,0,0.2224,-0.5,-0.5376,0.76,0.5,0,0.5,2.5,1.5521,-0.9479,359481.7931,367266.7931,5.3048,,6.98
5690,5690,0.5,16.67,0.2324,-0.5,-0.5376,0.77,1,0,0.5,2.5,1.1432,-1.3568,359480.4363,367267.9363,3.7884,,4.92
5691,5691,1,33.33,0.2424,-0.5,-0.5376,0.78,1.5,0,0.5,2.5,1.1924,-1.3076,359479.1287,367269.1287,3.8376,,4.92
5692,5692,1.5,50,0.2424,-0.5,-0.5376,0.78,2,0,0.5,2.5,1.1876,-1.3124,359477.8163,367270.3163,3.822,,4.9
5693,5693,2,66.67,0.2424,-0.5,-0.5376,0.78,2.5,0,0.5,2.5,1.1924,-1.3076,359476.5087,367271.5087,3.8376,,4.92
5694,5694,2.5,83.33,0.2424,-0.5,-0.5376,0.78,3,0,0.5,2.5,2.3752,-0.1248,359476.3839,367273.8839,7.644,,9.8
5695,5695,3,100,0.77,0,0,0.77,3,0,0,0,18.1104,18.1104,359494.4943,367291.9943,18.1104,,23.52
5696,5696,3,100,0.78,0,0,0.78,3,0,0,0,26.6058,26.6058,359521.1001,367318.6001,26.6058,,34.11
5697,5697,3,100,1.72,1,0.95,0.77,2,0,1,5,61.3696,56.3696,359577.4697,367379.9697,27.4736,,35.68
5698,5698,2,66.67,0.76,0,0,0.76,2,0,0,0,17.8752,17.8752,359595.3449,367397.8449,17.8752,,23.52
5699,5699,2,66.67,0.76,0,0,0.76,2,0,0,0,18.62,18.62,359613.9649,367416.4649,18.62,,24.5
5700,5700,2,66.67,0.2224,-0.5,-0.5376,0.76,2.5,0,0.5,2.5,3.4867,0.9867,359614.9516,367419.9516,11.9168,,15.68
5701,5701,2.5,83.33,0.76,0,0,0.76,2.5,0,0,0,17.8752,17.8752,359632.8268,367437.8268,17.8752,,23.52
5702,5702,2.5,83.33,0.78,0,0,0.78,2.5,0,0,0,22.932,22.932,359655.7588,367460.7588,22.932,,29.4
5703,5703,2.5,83.33,0.2424,-0.5,-0.5376,0.78,3,0,0.5,2.5,5.0364,2.5364,359658.2952,367465.7952,16.2084,,20.78
5704,5704,3,100,0.78,0,0,0.78,3,0,0,0,30.576,30.576,359688.8712,367496.3712,30.576,,39.2
5705,5705,3,100,0.78,0,0,0.78,3,0,0,0,47.307,47.307,359736.1782,367543.6782,47.307,,60.65
5706,5706,3,100,0.77,0,0,0.77,3,0,0,0,50.1886,50.1886,359786.3668,367593.8668,50.1886,,65.18
5707,5707,3,100,2.205,1.5,1.425,0.78,1.5,0,1.5,7.5,146.9633,139.4633,359925.8301,367740.8301,51.987,,66.65
5708,5708,1.5,50,2.105,1.5,1.425,0.68,0,0,1.5,7.5,140.2983,132.7983,360058.6284,367881.1284,45.322,,66.65
5709,5709,0,0,0.68,0,0,0.68,0,0,0,0,44.3224,44.3224,360102.9508,367925.4508,44.3224,,65.18
5710,5710,0,0,0.68,0,0,0.68,0,0,0,0,39.9908,39.9908,360142.9416,367965.4416,39.9908,,58.81
5711,5711,0,0,0.67,0,0,0.67,0,0,0,0,26.264,26.264,360169.2056,367991.7056,26.264,,39.2
5712,5712,0,0,0.68,0,0,0.68,0,0,0,0,31.858,31.858,360201.0636,368023.5636,31.858,,46.85
5713,5713,0,0,0.66,0,0,0.66,0,0,0,0,17.4636,17.4636,360218.5272,368041.0272,17.4636,,26.46
5714,5714,0,0,0.1324,-0.5,-0.5376,0.67,0.5,0,0.5,2.5,1.8161,-0.6839,360217.8433,368042.8433,9.1924,,13.72
5715,5715,0.5,16.67,0.1324,-0.5,-0.5376,0.67,1,0,0.5,2.5,2.3349,-0.1651,360217.6782,368045.1782,11.8188,,17.64
5716,5716,1,33.33,0.1424,-0.5,-0.5376,0.68,1.5,0,0.5,2.5,1.3952,-1.1048,360216.5734,368046.5734,6.664,,9.8
5717,5717,1.5,50,0.1424,-0.5,-0.5376,0.68,2,0,0.5,2.5,2.5113,0.0113,360216.5847,368049.0847,11.9952,,17.64
5718,5718,2,66.67,0.68,0,0,0.68,2,0,0,0,15.9936,15.9936,360232.5783,368065.0783,15.9936,,23.52
5719,5719,2,66.67,0.67,0,0,0.67,2,0,0,0,15.7584,15.7584,360248.3367,368080.8367,15.7584,,23.52
5720,5720,2,66.67,2.58,2,1.9,0.68,0,0,2,10,83.205,73.205,360321.5417,368164.0417,21.93,,32.25
5721,5721,0,0,0.67,0,0,0.67,0,0,0,0,15.7584,15.7584,360337.3001,368179.8001,15.7584,,23.52
5722,5722,0,0,0.1224,-0.5,-0.5376,0.66,0.5,0,0.5,2.5,1.1992,-1.3008,360335.9993,368180.9993,6.468,,9.8
5723,5723,0.5,16.67,0.1224,-0.5,-0.5376,0.66,1,0,0.5,2.5,0.9593,-1.5407,360334.4586,368181.9586,5.1744,,7.84
5724,5724,1,33.33,0.1324,-0.5,-0.5376,0.67,1.5,0,0.5,2.5,0.5996,-1.9004,360332.5582,368182.5582,3.0351,,4.53
5725,5725,1.5,50,0.0435,-0.75,-0.8065,0.85,2.25,0,0.75,3.75,0.2134,-3.5366,360329.0216,368182.7716,4.165,,4.9
5726,5726,2.25,75,0.85,0,0,0.85,2.25,0,0,0,8.33,8.33,360337.3516,368191.1016,8.33,,9.8
5727,5727,2.25,75,0.0435,-0.75,-0.8065,0.85,3,0,0.75,3.75,0.2561,-3.4939,360333.8577,368191.3577,4.998,,5.88
5728,5728,3,100,0.85,0,0,0.85,3,0,0,0,15.81,15.81,360349.6677,368207.1677,15.81,,18.6
5729,5729,3,100,0.87,0,0,0.87,3,0,0,0,37.5144,37.5144,360387.1821,368244.6821,37.5144,,43.12
5730,5730,3,100,0.88,0,0,0.88,3,0,0,0,51.7528,51.7528,360438.9349,368296.4349,51.7528,,58.81
5731,5731,3,100,1.83,1,0.95,0.88,2,0,1,5,121.9695,116.9695,360555.9044,368418.4044,58.652,,66.65
5732,5732,2,66.67,2.77,2,1.9,0.87,0,0,2,10,184.6205,174.6205,360730.5249,368603.0249,57.9855,,66.65
5733,5733,0,0,0.88,0,0,0.88,0,0,0,0,50.7496,50.7496,360781.2745,368653.7745,50.7496,,57.67
5734,5734,0,0,0.88,0,0,0.88,0,0,0,0,30.0872,30.0872,360811.3617,368683.8617,30.0872,,34.19
5735,5735,0,0,0.87,0,0,0.87,0,0,0,0,17.052,17.052,360828.4137,368700.9137,17.052,,19.6
5736,5736,0,0,0.87,0,0,0.87,0,0,0,0,25.578,25.578,360853.9917,368726.4917,25.578,,29.4
5737,5737,0,0,0.86,0,0,0.86,0,0,0,0,13.4848,13.4848,360867.4765,368739.9765,13.4848,,15.68
5738,5738,0,0,0.0635,-0.75,-0.8065,0.87,0.75,0,0.75,3.75,0.6228,-3.1272,360864.3493,368740.5993,8.526,,9.8
5739,5739,0.75,25,0.0635,-0.75,-0.8065,0.87,1.5,0,0.75,3.75,0.6234,-3.1266,360861.2227,368741.2227,8.5347,,9.81
5740,5740,1.5,50,0.87,0,0,0.87,1.5,0,0,0,14.2419,14.2419,360875.4646,368755.4646,14.2419,,16.37
5741,5741,1.5,50,0.88,0,0,0.88,1.5,0,0,0,20.6976,20.6976,360896.1622,368776.1622,20.6976,,23.52
5742,5742,1.5,50,2.295,1.5,1.425,0.87,0,0,1.5,7.5,53.9784,46.4784,360942.6406,368830.1406,20.4624,,23.52
5743,5743,0,0,0.88,0,0,0.88,0,0,0,0,8.624,8.624,360951.2646,368838.7646,8.624,,9.8
5744,5744,0,0,0.88,0,0,0.88,0,0,0,0,17.2304,17.2304,360968.495,368855.995,17.2304,,19.58
5745,5745,0,0,0.87,0,0,0.87,0,0,0,0,6.8991,6.8991,360975.3941,368862.8941,6.8991,,7.93
5746,5746,0,0,0.87,0,0,0.87,0,0,0,0,5.1156,5.1156,360980.5097,368868.0097,5.1156,,5.88
5747,5747,0,0,0.87,0,0,0.87,0,0,0,0,5.1156,5.1156,360985.6253,368873.1253,5.1156,,5.88
5748,5748,0,0,0.0635,-0.75,-0.8065,0.87,0.75,0,0.75,3.75,0.2256,-3.5244,360982.1009,368873.3509,3.0885,,3.55
5749,5749,0.75,25,0.0635,-0.75,-0.8065,0.87,1.5,0,0.75,3.75,0.2491,-3.5009,360978.6,368873.6,3.4104,,3.92
5750,5750,1.5,50,0.0735,-0.75,-0.8065,0.88,2.25,0,0.75,3.75,0.3604,-3.3896,360975.2104,368873.9604,4.312,,4.9
5751,5751,2.25,75,0.0635,-0.75,-0.8065,0.87,3,0,0.75,3.75,0.3114,-3.4386,360971.7718,368874.2718,4.263,,4.9
5752,5752,3,100,0.88,0,0,0.88,3,0,0,0,8.624,8.624,360980.3958,368882.8958,8.624,,9.8
5753,5753,3,100,0.89,0,0,0.89,3,0,0,0,20.9328,20.9328,361001.3286,368903.8286,20.9328,,23.52
5754,5754,3,100,0.88,0,0,0.88,3,0,0,0,22.4224,22.4224,361023.751,368926.251,22.4224,,25.48
5755,5755,3,100,3,2.25,2.1375,0.88,0.75,0.0175,2.25,11.25,123.39,112.14,361135.891,369049.641,36.1944,,41.13
5756,5756,0.75,25,1.5925,0.75,0.7125,0.88,0,0,0.75,3.75,53.0302,49.2802,361185.1712,369102.6712,29.304,,33.3
5757,5757,0,0,0.87,0,0,0.87,0,0,0,0,25.578,25.578,361210.7492,369128.2492,25.578,,29.4
5758,5758,0,0,0.88,0,0,0.88,0,0,0,0,10.3488,10.3488,361221.098,369138.598,10.3488,,11.76
5759,5759,0,0,0.88,0,0,0.88,0,0,0,0,4.312,4.312,361225.41,369142.91,4.312,,4.9
5760,5760,0,0,0.87,0,0,0.87,0,0,0,0,4.2717,4.2717,361229.6817,369147.1817,4.2717,,4.91
5761,5761,0,0,0.86,0,0,0.86,0,0,0,0,4.0506,4.0506,361233.7323,369151.2323,4.0506,,4.71
5762,5762,0,0,0.0535,-0.75,-0.8065,0.86,0.75,0,0.75,3.75,0.2115,-3.5385,361230.1938,369151.4438,3.397,,3.95
5763,5763,0.75,25,0.0635,-0.75,-0.8065,0.87,1.5,0,0.75,3.75,0.2497,-3.5003,361226.6935,369151.6935,3.4191,,3.93
5764,5764,1.5,50,0.0535,-0.75,-0.8065,0.86,2.25,0,0.75,3.75,0.2104,-3.5396,361223.1539,369151.9039,3.3798,,3.93
5765,5765,2.25,75,0.0635,-0.75,-0.8065,0.87,3,0,0.75,3.75,0.251,-3.499,361219.6549,369152.1549,3.4365,,3.95
5766,5766,3,100,0.87,0,0,0.87,3,0,0,0,3.4365,3.4365,361223.0914,369155.5914,3.4365,,3.95
5767,5767,3,100,0.87,0,0,0.87,3,0,0,0,4.2717,4.2717,361227.3631,369159.8631,4.2717,,4.91
5768,5768,3,100,0.88,0,0,0.88,3,0,0,0,17.2832,17.2832,361244.6463,369177.1463,17.2832,,19.64
5769,5769,3,100,0.86,0,0,0.86,3,0,0,0,20.2616,20.2616,361264.9079,369197.4079,20.2616,,23.56
5770,5770,3,100,2.9975,2.25,2.1375,0.86,0.75,0,2.25,11.25,73.5586,62.3086,361327.2165,369270.9665,21.1044,,24.54
5771,5771,0.75,25,1.5725,0.75,0.7125,0.86,0,0,0.75,3.75,37.0481,33.2981,361360.5146,369308.0146,20.2616,,23.56
5772,5772,0,0,0.0535,-0.75,-0.8065,0.86,0.75,0,0.75,3.75,0.5258,-3.2242,361357.2904,369308.5404,8.4452,,9.82
5773,5773,0.75,25,0.78,0,0,0.78,0.75,0,0,0,7.6596,7.6596,361364.95,369316.2,7.6596,,9.82
5774,5774,0.75,25,0.88,0,0,0.88,0.75,0,0,0,8.6416,8.6416,361373.5916,369324.8416,8.6416,,9.82
5775,5775,0.75,25,0.0735,-0.75,-0.8065,0.88,1.5,0,0.75,3.75,0.3758,-3.3742,361370.2174,369325.2174,4.4968,,5.11
5776,5776,1.5,50,0.0735,-0.75,-0.8065,0.88,2.25,0,0.75,3.75,0.4332,-3.3168,361366.9006,369325.6506,5.1832,,5.89
5777,5777,2.25,75,0.0635,-0.75,-0.8065,0.87,3,0,0.75,3.75,0.624,-3.126,361363.7746,369326.2746,8.5434,,9.82
5778,5778,3,100,0.88,0,0,0.88,3,0,0,0,15.532,15.532,361379.3066,369341.8066,15.532,,17.65
5779,5779,3,100,3,2.25,2.1375,0.88,0.75,0.0175,2.25,11.25,144.33,133.08,361512.3866,369486.1366,42.3368,,48.11
5780,5780,0.75,25,1.5925,0.75,0.7125,0.88,0,0,0.75,3.75,64.0185,60.2685,361572.6551,369550.1551,35.376,,40.2
5781,5781,0,0,0.88,0,0,0.88,0,0,0,0,34.5576,34.5576,361607.2127,369584.7127,34.5576,,39.27
5782,5782,0,0,0.88,0,0,0.88,0,0,0,0,17.2832,17.2832,361624.4959,369601.9959,17.2832,,19.64
5783,5783,0,0,0.77,0,0,0.77,0,0,0,0,5.3823,5.3823,361629.8782,369607.3782,5.3823,,6.99
5784,5784,0,0,0.77,0,0,0.77,0,0,0,0,3.542,3.542,361633.4202,369610.9202,3.542,,4.6
5785,5785,0,0,0.76,0,0,0.76,0,0,0,0,2.964,2.964,361636.3842,369613.8842,2.964,,3.9
5786,5786,0,0,0.77,0,0,0.77,0,0,0,0,2.9953,2.9953,361639.3795,369616.8795,2.9953,,3.89
5787,5787,0,0,0.2324,-0.5,-0.5376,0.77,0.5,0,0.5,2.5,0.79,-1.71,361637.6695,369617.6695,2.618,,3.4
5788,5788,0.5,16.67,0.2324,-0.5,-0.5376,0.77,1,0,0.5,2.5,0.7715,-1.7285,361635.941,369618.441,2.5564,,3.32
5789,5789,1,33.33,0.78,0,0,0.78,1,0,0,0,2.8782,2.8782,361638.8192,369621.3192,2.8782,,3.69
5790,5790,1,33.33,0.77,0,0,0.77,1,0,0,0,2.8413,2.8413,361641.6605,369624.1605,2.8413,,3.69
5791,5791,1,33.33,0.2424,-0.5,-0.5376,0.78,1.5,0,0.5,2.5,0.824,-1.676,361639.9845,369624.9845,2.652,,3.4
5792,5792,1.5,50,0.77,0,0,0.77,1.5,0,0,0,3.8885,3.8885,361643.873,369628.873,3.8885,,5.05
5793,5793,1.5,50,0.76,0,0,0.76,1.5,0,0,0,3.6936,3.6936,361647.5666,369632.5666,3.6936,,4.86
5794,5794,1.5,50,0.76,0,0,0.76,1.5,0,0,0,2.9564,2.9564,361650.523,369635.523,2.9564,,3.89
5795,5795,1.5,50,0.2224,-0.5,-0.5376,0.76,2,0,0.5,2.5,0.756,-1.744,361648.779,369636.279,2.584,,3.4
5796,5796,2,66.67,0.2324,-0.5,-0.5376,0.77,2.5,0,0.5,2.5,0.7668,-1.7332,361647.0458,369637.0458,2.541,,3.3
5797,5797,2.5,83.33,0.2124,-0.5,-0.5376,0.75,3,0,0.5,2.5,0.6902,-1.8098,361645.236,369637.736,2.4375,,3.25
5798,5798,3,100,0.78,0,0,0.78,3,0,0,0,2.7144,2.7144,361647.9504,369640.4504,2.7144,,3.48
5799,5799,3,100,0.78,0,0,0.78,3,0,0,0,2.652,2.652,361650.6024,369643.1024,2.652,,3.4
5800,5800,3,100,0.78,0,0,0.78,3,0,0,0,3.6348,3.6348,361654.2372,369646.7372,3.6348,,4.66
5801,5801,3,100,0.78,0,0,0.78,3,0,0,0,15.1398,15.1398,361669.377,369661.877,15.1398,,19.41
5802,5802,3,100,0.78,0,0,0.78,3,0,0,0,18.1818,18.1818,361687.5588,369680.0588,18.1818,,23.31
5803,5803,3,100,1.4825,0.75,0.7125,0.77,2.25,0,0.75,3.75,86.4001,82.6501,361770.2089,369766.4589,44.8756,,58.28
5804,5804,2.25,75,2.9175,2.25,2.1375,0.78,0,0,2.25,11.25,170.0319,158.7819,361928.9908,369936.4908,45.4584,,58.28
5805,5805,0,0,0.78,0,0,0.78,0,0,0,0,39.195,39.195,361968.1858,369975.6858,39.195,,50.25
5806,5806,0,0,0.78,0,0,0.78,0,0,0,0,22.7292,22.7292,361990.915,369998.415,22.7292,,29.14
5807,5807,0,0,0.77,0,0,0.77,0,0,0,0,14.9457,14.9457,362005.8607,370013.3607,14.9457,,19.41
5808,5808,0,0,0.78,0,0,0.78,0,0,0,0,18.2832,18.2832,362024.1439,370031.6439,18.2832,,23.44
5809,5809,0,0,0.76,0,0,0.76,0,0,0,0,14.8352,14.8352,362038.9791,370046.4791,14.8352,,19.52
5810,5810,0,0,0.77,0,0,0.77,0,0,0,0,13.1747,13.1747,362052.1538,370059.6538,13.1747,,17.11
5811,5811,0,0,0.77,0,0,0.77,0,0,0,0,9.1784,9.1784,362061.3322,370068.8322,9.1784,,11.92
5812,5812,0,0,0.87,0,0,0.87,0,0,0,0,11.8929,11.8929,362073.2251,370080.7251,11.8929,,13.67
5813,5813,0,0,0.86,0,0,0.86,0,0,0,0,16.8044,16.8044,362090.0295,370097.5295,16.8044,,19.54
5814,5814,0,0,0.87,0,0,0.87,0,0,0,0,15.2946,15.2946,362105.3241,370112.8241,15.2946,,17.58
5815,5815,0,0,0.87,0,0,0.87,0,0,0,0,4.2456,4.2456,362109.5697,370117.0697,4.2456,,4.88
5816,5816,0,0,0.97,0,0,0.97,0,0,0,0,3.9188,3.9188,362113.4885,370120.9885,3.9188,,4.04
5817,5817,0,0,0.1535,-0.75,-0.8065,0.96,0.75,0,0.75,3.75,0.5973,-3.1527,362110.3358,370121.5858,3.7344,,3.89
5818,5818,0.75,25,0.1535,-0.75,-0.8065,0.96,1.5,0,0.75,3.75,0.5973,-3.1527,362107.1831,370122.1831,3.7344,,3.89
5819,5819,1.5,50,0.1535,-0.75,-0.8065,0.96,2.25,0,0.75,3.75,0.6004,-3.1496,362104.0335,370122.7835,3.7536,,3.91
5820,5820,2.25,75,0.1435,-0.75,-0.8065,0.95,3,0,0.75,3.75,0.4909,-3.2591,362100.7744,370123.2744,3.249,,3.42
5821,5821,3,100,0,0,0,0,3,0,0,0,0,0,362100.7744,370123.2744,0,,3.91
5822,5822,3,100,0,0,0,0,3,0,0,0,0,0,362100.7744,370123.2744,0,,3.91
5823,5823,3,100,0,0,0,0,3,0,0,0,0,0,362100.7744,370123.2744,0,,4.88
5824,5824,3,100,0,0,0,0,3,0,0,0,0,0,362100.7744,370123.2744,0,,8.91
5825,5825,3,100,0.9,0,0,0.9,3,0,0,0,26.37,26.37,362127.1444,370149.6444,26.37,,29.3
5826,5826,3,100,1.13,0,0,1.13,3,0,0,0,87.0891,87.0891,362214.2335,370236.7335,87.0891,,77.07
5827,5827,3,100,2.3175,1.25,1.1875,1.13,1.75,0,1.25,6.25,203.7314,197.4814,362411.7149,370440.4649,99.3383,,87.91
5828,5828,1.75,58.33,2.7425,1.75,1.6625,1.08,0,0,1.75,8.75,241.0932,232.3432,362644.0581,370681.5581,94.9428,,87.91
5829,5829,0,0,1.07,0,0,1.07,0,0,0,0,75.2531,75.2531,362719.3112,370756.8112,75.2531,,70.33
5830,5830,0,0,1.06,0,0,1.06,0,0,0,0,35.722,35.722,362755.0332,370792.5332,35.722,,33.7
5831,5831,0,0,1.06,0,0,1.06,0,0,0,0,22.578,22.578,362777.6112,370815.1112,22.578,,21.3
5832,5832,0,0,1.07,0,0,1.07,0,0,0,0,28.1624,28.1624,362805.7736,370843.2736,28.1624,,26.32
5833,5833,0,0,1.06,0,0,1.06,0,0,0,0,20.67,20.67,362826.4436,370863.9436,20.67,,19.5
5834,5834,0,0,1.06,0,0,1.06,0,0,0,0,10.335,10.335,362836.7786,370874.2786,10.335,,9.75
5835,5835,0,0,1.07,0,0,1.07,0,0,0,0,6.2595,6.2595,362843.0381,370880.5381,6.2595,,5.85
5836,5836,0,0,1.07,0,0,1.07,0,0,0,0,6.2595,6.2595,362849.2976,370886.7976,6.2595,,5.85
5837,5837,0,0,1.07,0,0,1.07,0,0,0,0,6.2381,6.2381,362855.5357,370893.0357,6.2381,,5.83
5838,5838,0,0,1.07,0,0,1.07,0,0,0,0,4.8792,4.8792,362860.4149,370897.9149,4.8792,,4.56
5839,5839,0,0,1.07,0,0,1.07,0,0,0,0,2.5038,2.5038,362862.9187,370900.4187,2.5038,,2.34
5840,5840,0,0,0.2635,-0.75,-0.8065,1.07,0.75,0,0.75,3.75,0,-3.75,362859.1687,370900.4187,0,,0
5841,5841,0.75,25,0.2535,-0.75,-0.8065,1.06,1.5,0,0.75,3.75,0,-3.75,362855.4187,370900.4187,0,,0
5842,5842,1.5,50,0.2535,-0.75,-0.8065,1.06,2.25,0,0.75,3.75,0,-3.75,362851.6687,370900.4187,0,,0
5843,5843,2.25,75,0.2535,-0.75,-0.8065,1.06,3,0,0.75,3.75,0,-3.75,362847.9187,370900.4187,0,,0
5844,5844,3,100,1.06,0,0,1.06,3,0,0,0,0,0,362847.9187,370900.4187,0,,0
5845,5845,3,100,1.06,0,0,1.06,3,0,0,0,0,0,362847.9187,370900.4187,0,,0
5846,5846,3,100,1.06,0,0,1.06,3,0,0,0,0,0,362847.9187,370900.4187,0,,0
5847,5847,3,100,1.07,0,0,1.07,3,0,0,0,0,0,362847.9187,370900.4187,0,,0
5848,5848,3,100,1.07,0,0,1.07,3,0,0,0,0,0,362847.9187,370900.4187,0,,0
5849,5849,3,100,1.07,0,0,1.07,3,0,0,0,3.5631,3.5631,362851.4818,370903.9818,3.5631,,3.33
5850,5850,3,100,1.07,0,0,1.07,3,0,0,0,14.6055,14.6055,362866.0873,370918.5873,14.6055,,13.65
5851,5851,3,100,0.97,0,0,0.97,3,0,0,0,35.9191,35.9191,362902.0064,370954.5064,35.9191,,37.03
5852,5852,3,100,2.85,2,1.9,0.95,1,0,2,10,111.15,101.15,363003.1564,371065.6564,37.05,,39
5853,5853,1,33.33,1.9,1,0.95,0.95,0,0,1,5,70.357,65.357,363068.5134,371136.0134,35.1785,,37.03
5854,5854,0,0,0.77,0,0,0.77,0,0,0,0,16.3702,16.3702,363084.8836,371152.3836,16.3702,,21.26
5855,5855,0,0,0.77,0,0,0.77,0,0,0,0,7.5075,7.5075,363092.3911,371159.8911,7.5075,,9.75
5856,5856,0,0,0.76,0,0,0.76,0,0,0,0,4.2788,4.2788,363096.6699,371164.1699,4.2788,,5.63
5857,5857,0,0,0.77,0,0,0.77,0,0,0,0,3.7499,3.7499,363100.4198,371167.9198,3.7499,,4.87
5858,5858,0,0,0.77,0,0,0.77,0,0,0,0,3.7499,3.7499,363104.1697,371171.6697,3.7499,,4.87
5859,5859,0,0,0.77,0,0,0.77,0,0,0,0,3.7499,3.7499,363107.9196,371175.4196,3.7499,,4.87
5860,5860,0,0,0.77,0,0,0.77,0,0,0,0,3.7499,3.7499,363111.6695,371179.1695,3.7499,,4.87
5861,5861,0,0,0.77,0,0,0.77,0,0,0,0,4.5045,4.5045,363116.174,371183.674,4.5045,,5.85
5862,5862,0,0,0.77,0,0,0.77,0,0,0,0,4.6662,4.6662,363120.8402,371188.3402,4.6662,,6.06
5863,5863,0,0,0.76,0,0,0.76,0,0,0,0,3.7316,3.7316,363124.5718,371192.0718,3.7316,,4.91
5864,5864,0,0,0.77,0,0,0.77,0,0,0,0,3.7807,3.7807,363128.3525,371195.8525,3.7807,,4.91
5865,5865,0,0,0.77,0,0,0.77,0,0,0,0,3.003,3.003,363131.3555,371198.8555,3.003,,3.9
5866,5866,0,0,0.2424,-0.5,-0.5376,0.78,0.5,0,0.5,2.5,0.7077,-1.7923,363129.5632,371199.5632,2.2776,,2.92
5867,5867,0.5,16.67,0.2424,-0.5,-0.5376,0.78,1,0,0.5,2.5,0,-2.5,363127.0632,371199.5632,0,,0
5868,5868,1,33.33,0.2424,-0.5,-0.5376,0.78,1.5,0,0.5,2.5,0,-2.5,363124.5632,371199.5632,0,,0
5869,5869,1.5,50,0.2324,-0.5,-0.5376,0.77,2,0,0.5,2.5,0,-2.5,363122.0632,371199.5632,0,,0
5870,5870,2,66.67,0.2324,-0.5,-0.5376,0.77,2.5,0,0.5,2.5,0.6646,-1.8354,363120.2278,371200.2278,2.2022,,2.86
5871,5871,2.5,83.33,0.2324,-0.5,-0.5376,0.77,3,0,0.5,2.5,0.7738,-1.7262,363118.5016,371201.0016,2.5641,,3.33
5872,5872,3,100,0.77,0,0,0.77,3,0,0,0,7.5075,7.5075,363126.0091,371208.5091,7.5075,,9.75
5873,5873,3,100,0.78,0,0,0.78,3,0,0,0,30.264,30.264,363156.2731,371238.7731,30.264,,38.8
5874,5874,3,100,0.77,0,0,0.77,3,0,0,0,48.7949,48.7949,363205.068,371287.568,48.7949,,63.37
5875,5875,3,100,1.4925,0.75,0.7125,0.78,2.25,0,0.75,3.75,128.0416,124.2916,363329.3596,371415.6096,66.9162,,85.79
5876,5876,2.25,75,2.9175,2.25,2.1375,0.78,0,0,2.25,11.25,253.1515,241.9015,363571.2611,371668.7611,67.6806,,86.77
5877,5877,0,0,0.76,0,0,0.76,0,0,0,0,58.4592,58.4592,363629.7203,371727.2203,58.4592,,76.92
5878,5878,0,0,0.76,0,0,0.76,0,0,0,0,49.2556,49.2556,363678.9759,371776.4759,49.2556,,64.81
5879,5879,0,0,0.76,0,0,0.76,0,0,0,0,40.7512,40.7512,363719.7271,371817.2271,40.7512,,53.62
5880,5880,0,0,0.77,0,0,0.77,0,0,0,0,25.9721,25.9721,363745.6992,371843.1992,25.9721,,33.73
5881,5881,0,0,0.77,0,0,0.77,0,0,0,0,16.8707,16.8707,363762.5699,371860.0699,16.8707,,21.91
5882,5882,0,0,0.76,0,0,0.76,0,0,0,0,14.668,14.668,363777.2379,371874.7379,14.668,,19.3
5883,5883,0,0,0.87,0,0,0.87,0,0,0,0,16.965,16.965,363794.2029,371891.7029,16.965,,19.5
5884,5884,0,0,0.86,0,0,0.86,0,0,0,0,16.77,16.77,363810.9729,371908.4729,16.77,,19.5
5885,5885,0,0,0.87,0,0,0.87,0,0,0,0,20.358,20.358,363831.3309,371928.8309,20.358,,23.4
5886,5886,0,0,0.87,0,0,0.87,0,0,0,0,20.358,20.358,363851.6889,371949.1889,20.358,,23.4
5887,5887,0,0,0.87,0,0,0.87,0,0,0,0,10.179,10.179,363861.8679,371959.3679,10.179,,11.7
5888,5888,0,0,0.88,0,0,0.88,0,0,0,0,9.988,9.988,363871.8559,371969.3559,9.988,,11.35
5889,5889,0,0,0.86,0,0,0.86,0,0,0,0,3.9388,3.9388,363875.7947,371973.2947,3.9388,,4.58
5890,5890,0,0,0.86,0,0,0.86,0,0,0,0,2.8208,2.8208,363878.6155,371976.1155,2.8208,,3.28
5891,5891,0,0,0.87,0,0,0.87,0,0,0,0,2.8797,2.8797,363881.4952,371978.9952,2.8797,,3.31
5892,5892,0,0,0.1635,-0.75,-0.8065,0.97,0.75,0,0.75,3.75,0,-3.75,363877.7452,371978.9952,0,,0
5893,5893,0.75,25,0.1635,-0.75,-0.8065,0.97,1.5,0,0.75,3.75,0,-3.75,363873.9952,371978.9952,0,,0
5894,5894,1.5,50,0.1635,-0.75,-0.8065,0.97,2.25,0,0.75,3.75,0.4399,-3.3101,363870.6851,371979.4351,2.6093,,2.69
5895,5895,2.25,75,0.1635,-0.75,-0.8065,0.97,3,0,0.75,3.75,0,-3.75,363866.9351,371979.4351,0,,0
5896,5896,3,100,0.98,0,0,0.98,3,0,0,0,3.2634,3.2634,363870.1985,371982.6985,3.2634,,3.33
5897,5897,3,100,0.98,0,0,0.98,3,0,0,0,14.3178,14.3178,363884.5163,371997.0163,14.3178,,14.61
5898,5898,3,100,0.87,0,0,0.87,3,0,0,0,45.8055,45.8055,363930.3218,372042.8218,45.8055,,52.65
5899,5899,3,100,3,2.25,2.1375,0.87,0.75,0.0075,2.25,11.25,263.22,251.97,364182.2918,372306.0418,76.3338,,87.74
5900,5900,0.75,25,1.5725,0.75,0.7125,0.86,0,0,0.75,3.75,133.3794,129.6294,364311.9212,372439.4212,72.9452,,84.82
5901,5901,0,0,0.87,0,0,0.87,0,0,0,0,66.9204,66.9204,364378.8416,372506.3416,66.9204,,76.92
5902,5902,0,0,0.87,0,0,0.87,0,0,0,0,21.6282,21.6282,364400.4698,372527.9698,21.6282,,24.86
5903,5903,0,0,0.88,0,0,0.88,0,0,0,0,9.02,9.02,364409.4898,372536.9898,9.02,,10.25
5904,5904,0,0,0.87,0,0,0.87,0,0,0,0,16.8867,16.8867,364426.3765,372553.8765,16.8867,,19.41
5905,5905,0,0,0.86,0,0,0.86,0,0,0,0,6.6478,6.6478,364433.0243,372560.5243,6.6478,,7.73
5906,5906,0,0,0.87,0,0,0.87,0,0,0,0,5.1243,5.1243,364438.1486,372565.6486,5.1243,,5.89
5907,5907,0,0,0.87,0,0,0.87,0,0,0,0,4.5675,4.5675,364442.7161,372570.2161,4.5675,,5.25
5908,5908,0,0,0.87,0,0,0.87,0,0,0,0,4.2282,4.2282,364446.9443,372574.4443,4.2282,,4.86
5909,5909,0,0,0.88,0,0,0.88,0,0,0,0,4.4528,4.4528,364451.3971,372578.8971,4.4528,,5.06
5910,5910,0,0,0.88,0,0,0.88,0,0,0,0,4.62,4.62,364456.0171,372583.5171,4.62,,5.25
5911,5911,0,0,0.88,0,0,0.88,0,0,0,0,4.2768,4.2768,364460.2939,372587.7939,4.2768,,4.86
5912,5912,0,0,0.88,0,0,0.88,0,0,0,0,12.8304,12.8304,364473.1243,372600.6243,12.8304,,14.58
5913,5913,0,0,0.86,0,0,0.86,0,0,0,0,5.3578,5.3578,364478.4821,372605.9821,5.3578,,6.23
5914,5914,0,0,0.86,0,0,0.86,0,0,0,0,4.3516,4.3516,364482.8337,372610.3337,4.3516,,5.06
5915,5915,0,0,0.85,0,0,0.85,0,0,0,0,3.706,3.706,364486.5397,372614.0397,3.706,,4.36
5916,5916,0,0,0.0535,-0.75,-0.8065,0.86,0.75,0,0.75,3.75,0.1772,-3.5728,364482.9669,372614.2169,2.8466,,3.31
5917,5917,0.75,25,0.0535,-0.75,-0.8065,0.86,1.5,0,0.75,3.75,0.1783,-3.5717,364479.3952,372614.3952,2.8638,,3.33
5918,5918,1.5,50,0.0535,-0.75,-0.8065,0.86,2.25,0,0.75,3.75,0.2083,-3.5417,364475.8535,372614.6035,3.3454,,3.89
5919,5919,2.25,75,0.0635,-0.75,-0.8065,0.87,3,0,0.75,3.75,0.2459,-3.5041,364472.3494,372614.8494,3.3669,,3.87
5920,5920,3,100,0.88,0,0,0.88,3,0,0,0,4.0216,4.0216,364476.371,372618.871,4.0216,,4.57
5921,5921,3,100,0.88,0,0,0.88,3,0,0,0,12.8304,12.8304,364489.2014,372631.7014,12.8304,,14.58
5922,5922,3,100,0.87,0,0,0.87,3,0,0,0,15.2337,15.2337,364504.4351,372646.9351,15.2337,,17.51
5923,5923,3,100,0.86,0,0,0.86,3,0,0,0,34.0818,34.0818,364538.5169,372681.0169,34.0818,,39.63
5924,5924,3,100,1.5825,0.75,0.7125,0.87,2.25,0,0.75,3.75,67.731,63.981,364602.4979,372748.7479,37.236,,42.8
5925,5925,2.25,75,3,2.25,2.1375,0.88,0,0.0175,2.25,11.25,160.5,149.25,364751.7479,372909.2479,47.08,,53.5
5926,5926,0,0,0.87,0,0,0.87,0,0,0,0,21.402,21.402,364773.1499,372930.6499,21.402,,24.6
5927,5927,0,0,0.0735,-0.75,-0.8065,0.88,0.75,0,0.75,3.75,1.0017,-2.7483,364770.4016,372931.6516,11.9856,,13.62
5928,5928,0.75,25,0.0635,-0.75,-0.8065,0.87,1.5,0,0.75,3.75,0.6075,-3.1425,364767.2591,372932.2591,8.3172,,9.56
5929,5929,1.5,50,0.2224,-0.5,-0.5376,0.76,2,0,0.5,2.5,3.0242,0.5242,364767.7833,372935.2833,10.336,,13.6
5930,5930,2,66.67,0.76,0,0,0.76,2,0,0,0,12.996,12.996,364780.7793,372948.2793,12.996,,17.1
5931,5931,2,66.67,0.77,0,0,0.77,2,0,0,0,13.1054,13.1054,364793.8847,372961.3847,13.1054,,17.02
5932,5932,2,66.67,0.77,0,0,0.77,2,0,0,0,14.9611,14.9611,364808.8458,372976.3458,14.9611,,19.43
5933,5933,2,66.67,0.78,0,0,0.78,2,0,0,0,18.1896,18.1896,364827.0354,372994.5354,18.1896,,23.32
5934,5934,2,66.67,2.68,2,1.9,0.78,0,0,2,10,78.122,68.122,364895.1574,373072.6574,22.737,,29.15
5935,5935,0,0,0.78,0,0,0.78,0,0,0,0,15.9198,15.9198,364911.0772,373088.5772,15.9198,,20.41
5936,5936,0,0,0.78,0,0,0.78,0,0,0,0,15.1554,15.1554,364926.2326,373103.7326,15.1554,,19.43
5937,5937,0,0,0.78,0,0,0.78,0,0,0,0,7.5816,7.5816,364933.8142,373111.3142,7.5816,,9.72
5938,5938,0,0,0.0735,-0.75,-0.8065,0.88,0.75,0,0.75,3.75,0.4288,-3.3212,364930.493,373111.743,5.1304,,5.83
5939,5939,0.75,25,0,0,0,0,0.75,0,0,0,0,0,364930.493,373111.743,0,,4.86
5940,5940,0.75,25,0.0312,-0.25,-0.2688,0.3,1,0,0.25,1.25,0.1151,-1.1349,364929.3581,373111.8581,1.107,,3.69
5941,5941,1,33.33,0.1735,-0.75,-0.8065,0.98,1.75,0,0.75,3.75,0.6751,-3.0749,364926.2832,373112.5332,3.8122,,3.89
5942,5942,1.75,58.33,0.4224,-0.5,-0.5376,0.96,2.25,0,0.5,2.5,4.1054,1.6054,364927.8886,373116.6386,9.3312,,9.72
5943,5943,2.25,75,0.1535,-0.75,-0.8065,0.96,3,0,0.75,3.75,1.0441,-2.7059,364925.1827,373117.6827,6.528,,6.8
5944,5944,3,100,0.96,0,0,0.96,3,0,0,0,18.6528,18.6528,364943.8355,373136.3355,18.6528,,19.43
5945,5945,3,100,0.97,0,0,0.97,3,0,0,0,62.6523,62.6523,365006.4878,373198.9878,62.6523,,64.59
5946,5946,3,100,0.97,0,0,0.97,3,0,0,0,69.6751,69.6751,365076.1629,373268.6629,69.6751,,71.83
5947,5947,3,100,1.92,1,0.95,0.97,2,0,1,5,167.904,162.904,365239.0669,373436.5669,84.8265,,87.45
5948,5948,2,66.67,2.86,2,1.9,0.96,0,0,2,10,250.107,240.107,365479.1739,373686.6739,83.952,,87.45
5949,5949,0,0,0.97,0,0,0.97,0,0,0,0,82.9447,82.9447,365562.1186,373769.6186,82.9447,,85.51
5950,5950,0,0,0.97,0,0,0.97,0,0,0,0,64.0976,64.0976,365626.2162,373833.7162,64.0976,,66.08
5951,5951,0,0,0.96,0,0,0.96,0,0,0,0,51.9744,51.9744,365678.1906,373885.6906,51.9744,,54.14
5952,5952,0,0,1.1,0,0,1.1,0,0,0,0,57.156,57.156,365735.3466,373942.8466,57.156,,51.96
5953,5953,0,0,0.1535,-0.75,-0.8065,0.96,0.75,0,0.75,3.75,3.5454,-0.2046,365735.142,373946.392,22.1664,,23.09
5954,5954,0.75,25,0.1535,-0.75,-0.8065,0.96,1.5,0,0.75,3.75,3.5454,-0.2046,365734.9374,373949.9374,22.1664,,23.09
5955,5955,1.5,50,0.6612,-0.25,-0.2688,0.93,1.75,0,0.25,1.25,15.2667,14.0167,365748.9541,373965.2041,21.4737,,23.09
5956,5956,1.75,58.33,0.6012,-0.25,-0.2688,0.87,2,0,0.25,1.25,13.8813,12.6313,365761.5854,373979.0854,20.0883,,23.09
5957,5957,2,66.67,0.87,0,0,0.87,2,0,0,0,28.3794,28.3794,365789.9648,374007.4648,28.3794,,32.62
5958,5958,2,66.67,0.6112,-0.25,-0.2688,0.88,2.25,0,0.25,1.25,14.1122,12.8622,365802.827,374021.577,20.3192,,23.09
5959,5959,2.25,75,0.0735,-0.75,-0.8065,0.88,3,0,0.75,3.75,1.0613,-2.6887,365800.1383,374022.6383,12.6984,,14.43
5960,5960,3,100,3,2.25,2.1375,0.88,0.75,0.0175,2.25,11.25,207.81,196.56,365996.6983,374230.4483,60.9576,,69.27
5961,5961,0.75,25,1.5925,0.75,0.7125,0.88,0,0,0.75,3.75,64.3529,60.6029,366057.3012,374294.8012,35.5608,,40.41
5962,5962,0,0,0.0635,-0.75,-0.8065,0.87,0.75,0,0.75,3.75,1.2227,-2.5273,366054.7739,374296.0239,16.7388,,19.24
5963,5963,0.75,25,0.86,0,0,0.86,0.75,0,0,0,19.8574,19.8574,366074.6313,374315.8813,19.8574,,23.09
5964,5964,0.75,25,0.0535,-0.75,-0.8065,0.86,1.5,0,0.75,3.75,0.4562,-3.2938,366071.3375,374316.3375,7.3272,,8.52
5965,5965,1.5,50,0.0535,-0.75,-0.8065,0.86,2.25,0,0.75,3.75,0.309,-3.441,366067.8965,374316.6465,4.9622,,5.77
5966,5966,2.25,75,0.87,0,0,0.87,2.25,0,0,0,18.1221,18.1221,366086.0186,374334.7686,18.1221,,20.83
5967,5967,2.25,75,0.0735,-0.75,-0.8065,0.88,3,0,0.75,3.75,1.0547,-2.6953,366083.3233,374335.8233,12.6192,,14.34
5968,5968,3,100,0.88,0,0,0.88,3,0,0,0,16.9312,16.9312,366100.2545,374352.7545,16.9312,,19.24
5969,5969,3,100,0.88,0,0,0.88,3,0,0,0,35.2352,35.2352,366135.4897,374387.9897,35.2352,,40.04
5970,5970,3,100,0.87,0,0,0.87,3,0,0,0,41.0292,41.0292,366176.5189,374429.0189,41.0292,,47.16
5971,5971,3,100,1.5825,0.75,0.7125,0.87,2.25,0,0.75,3.75,135.5095,131.7595,366308.2784,374564.5284,74.4981,,85.63
5972,5972,2.25,75,2.9975,2.25,2.1375,0.86,0,0,2.25,11.25,259.5535,248.3035,366556.5819,374824.0819,74.4674,,86.59
5973,5973,0,0,0.86,0,0,0.86,0,0,0,0,59.5722,59.5722,366616.1541,374883.6541,59.5722,,69.27
5974,5974,0,0,0.76,0,0,0.76,0,0,0,0,38.9044,38.9044,366655.0585,374922.5585,38.9044,,51.19
5975,5975,0,0,0.2224,-0.5,-0.5376,0.76,0.5,0,0.5,2.5,7.0601,4.5601,366659.6186,374929.6186,24.13,,31.75
5976,5976,0.5,16.67,1.245,0.5,0.475,0.77,0,0,0.5,2.5,59.9094,57.4094,366717.028,374989.528,37.0524,,48.12
5977,5977,0,0,0.76,0,0,0.76,0,0,0,0,17.556,17.556,366734.584,375007.084,17.556,,23.1
5978,5978,0,0,0.76,0,0,0.76,0,0,0,0,16.53,16.53,366751.114,375023.614,16.53,,21.75
5979,5979,0,0,0.77,0,0,0.77,0,0,0,0,17.787,17.787,366768.901,375041.401,17.787,,23.1
5980,5980,0,0,0.77,0,0,0.77,0,0,0,0,17.787,17.787,366786.688,375059.188,17.787,,23.1
5981,5981,0,0,0.77,0,0,0.77,0,0,0,0,17.787,17.787,366804.475,375076.975,17.787,,23.1
5982,5982,0,0,0.78,0,0,0.78,0,0,0,0,17.2692,17.2692,366821.7442,375094.2442,17.2692,,22.14
5983,5983,0,0,0.77,0,0,0.77,0,0,0,0,7.4074,7.4074,366829.1516,375101.6516,7.4074,,9.62
5984,5984,0,0,0.78,0,0,0.78,0,0,0,0,15.015,15.015,366844.1666,375116.6666,15.015,,19.25
5985,5985,0,0,0.77,0,0,0.77,0,0,0,0,6.6605,6.6605,366850.8271,375123.3271,6.6605,,8.65
5986,5986,0,0,0.2324,-0.5,-0.5376,0.77,0.5,0,0.5,2.5,1.1177,-1.3823,366849.4448,375124.4448,3.7037,,4.81
5987,5987,0.5,16.67,0.2224,-0.5,-0.5376,0.76,1,0,0.5,2.5,0.9628,-1.5372,366847.9076,375125.4076,3.2908,,4.33
5988,5988,1,33.33,0.2324,-0.5,-0.5376,0.77,1.5,0,0.5,2.5,0.7645,-1.7355,366846.1721,375126.1721,2.5333,,3.29
5989,5989,1.5,50,0.2324,-0.5,-0.5376,0.77,2,0,0.5,2.5,0.8505,-1.6495,366844.5226,375127.0226,2.8182,,3.66
5990,5990,2,66.67,0.2224,-0.5,-0.5376,0.76,2.5,0,0.5,2.5,1.0696,-1.4304,366843.0922,375128.0922,3.6556,,4.81
5991,5991,2.5,83.33,0.2224,-0.5,-0.5376,0.76,3,0,0.5,2.5,1.2875,-1.2125,366841.8797,375129.3797,4.4004,,5.79
5992,5992,3,100,0.77,0,0,0.77,3,0,0,0,5.9598,5.9598,366847.8395,375135.3395,5.9598,,7.74
5993,5993,3,100,0.77,0,0,0.77,3,0,0,0,28.3514,28.3514,366876.1909,375163.6909,28.3514,,36.82
5994,5994,3,100,0.76,0,0,0.76,3,0,0,0,47.5456,47.5456,366923.7365,375211.2365,47.5456,,62.56
5995,5995,3,100,1.4725,0.75,0.7125,0.76,2.25,0,0.75,3.75,127.548,123.798,367047.5345,375338.7845,65.8312,,86.62
5996,5996,2.25,75,2.8975,2.25,2.1375,0.76,0,0,2.25,11.25,250.9815,239.7315,367287.266,375589.766,65.8312,,86.62
5997,5997,0,0,0.77,0,0,0.77,0,0,0,0,60.7684,60.7684,367348.0344,375650.5344,60.7684,,78.92
5998,5998,0,0,0.78,0,0,0.78,0,0,0,0,46.5426,46.5426,367394.577,375697.077,46.5426,,59.67
5999,5999,0,0,0.78,0,0,0.78,0,0,0,0,52.5486,52.5486,367447.1256,375749.6256,52.5486,,67.37
6000,6000,0,0,0.77,0,0,0.77,0,0,0,0,39.9245,39.9245,367487.0501,375789.5501,39.9245,,51.85
6001,6001,0,0,0.77,0,0,0.77,0,0,0,0,22.176,22.176,367509.2261,375811.7261,22.176,,28.8
6002,6002,0,0,0.77,0,0,0.77,0,0,0,0,17.7408,17.7408,367526.9669,375829.4669,17.7408,,23.04
6003,6003,0,0,0.77,0,0,0.77,0,0,0,0,17.7408,17.7408,367544.7077,375847.2077,17.7408,,23.04
6004,6004,0,0,0.77,0,0,0.77,0,0,0,0,14.784,14.784,367559.4917,375861.9917,14.784,,19.2
6005,6005,0,0,0.77,0,0,0.77,0,0,0,0,17.7408,17.7408,367577.2325,375879.7325,17.7408,,23.04
6006,6006,0,0,0.78,0,0,0.78,0,0,0,0,14.976,14.976,367592.2085,375894.7085,14.976,,19.2
6007,6007,0,0,0.78,0,0,0.78,0,0,0,0,2.9952,2.9952,367595.2037,375897.7037,2.9952,,3.84
6008,6008,0,0,0.2424,-0.5,-0.5376,0.78,0.5,0,0.5,2.5,0,-2.5,367592.7037,375897.7037,0,,0
6009,6009,0.5,16.67,0.2224,-0.5,-0.5376,0.76,1,0,0.5,2.5,0,-2.5,367590.2037,375897.7037,0,,0
6010,6010,1,33.33,0.2324,-0.5,-0.5376,0.77,1.5,0,0.5,2.5,0,-2.5,367587.7037,375897.7037,0,,0
6011,6011,1.5,50,0.2224,-0.5,-0.5376,0.76,2,0,0.5,2.5,0,-2.5,367585.2037,375897.7037,0,,0
6012,6012,2,66.67,0.2224,-0.5,-0.5376,0.76,2.5,0,0.5,2.5,0,-2.5,367582.7037,375897.7037,0,,0
6013,6013,2.5,83.33,0.2224,-0.5,-0.5376,0.76,3,0,0.5,2.5,0,-2.5,367580.2037,375897.7037,0,,0
6014,6014,3,100,0.76,0,0,0.76,3,0,0,0,0,0,367580.2037,375897.7037,0,,0
6015,6015,3,100,0.76,0,0,0.76,3,0,0,0,0,0,367580.2037,375897.7037,0,,0
6016,6016,3,100,0.78,0,0,0.78,3,0,0,0,0,0,367580.2037,375897.7037,0,,0
6017,6017,3,100,0.78,0,0,0.78,3,0,0,0,2.847,2.847,367583.0507,375900.5507,2.847,,3.65
6018,6018,3,100,0.78,0,0,0.78,3,0,0,0,8.2368,8.2368,367591.2875,375908.7875,8.2368,,10.56
6019,6019,3,100,1.4925,0.75,0.7125,0.78,2.25,0,0.75,3.75,98.9229,95.1729,367686.4604,376007.7104,51.6984,,66.28
6020,6020,2.25,75,2.9175,2.25,2.1375,0.78,0,0,2.25,11.25,229.6948,218.4448,367904.9052,376237.4052,61.4094,,78.73
6021,6021,0,0,0.78,0,0,0.78,0,0,0,0,41.925,41.925,367946.8302,376279.3302,41.925,,53.75
6022,6022,0,0,0.77,0,0,0.77,0,0,0,0,18.48,18.48,367965.3102,376297.8102,18.48,,24
6023,6023,0,0,0.77,0,0,0.77,0,0,0,0,11.0187,11.0187,367976.3289,376308.8289,11.0187,,14.31
6024,6024,0,0,0.77,0,0,0.77,0,0,0,0,7.392,7.392,367983.7209,376316.2209,7.392,,9.6
6025,6025,0,0,0.77,0,0,0.77,0,0,0,0,4.4352,4.4352,367988.1561,376320.6561,4.4352,,5.76
6026,6026,0,0,0.77,0,0,0.77,0,0,0,0,3.696,3.696,367991.8521,376324.3521,3.696,,4.8
6027,6027,0,0,0.77,0,0,0.77,0,0,0,0,3.696,3.696,367995.5481,376328.0481,3.696,,4.8
6028,6028,0,0,0.77,0,0,0.77,0,0,0,0,3.3264,3.3264,367998.8745,376331.3745,3.3264,,4.32
6029,6029,0,0,0.78,0,0,0.78,0,0,0,0,4.4928,4.4928,368003.3673,376335.8673,4.4928,,5.76
6030,6030,0,0,0.78,0,0,0.78,0,0,0,0,4.9218,4.9218,368008.2891,376340.7891,4.9218,,6.31
6031,6031,0,0,0.78,0,0,0.78,0,0,0,0,3.744,3.744,368012.0331,376344.5331,3.744,,4.8
6032,6032,0,0,0.78,0,0,0.78,0,0,0,0,6.8016,6.8016,368018.8347,376351.3347,6.8016,,8.72
6033,6033,0,0,0.76,0,0,0.76,0,0,0,0,3.2832,3.2832,368022.1179,376354.6179,3.2832,,4.32
6034,6034,0,0,0.2324,-0.5,-0.5376,0.77,0.5,0,0.5,2.5,0.7622,-1.7378,368020.3801,376355.3801,2.5256,,3.28
6035,6035,0.5,16.67,0.2224,-0.5,-0.5376,0.76,1,0,0.5,2.5,0.7294,-1.7706,368018.6095,376356.1095,2.4928,,3.28
6036,6036,1,33.33,0.2324,-0.5,-0.5376,0.77,1.5,0,0.5,2.5,0,-2.5,368016.1095,376356.1095,0,,0
6037,6037,1.5,50,0.2424,-0.5,-0.5376,0.78,2,0,0.5,2.5,0.2327,-2.2673,368013.8422,376356.3422,0.7488,,0.96
6038,6038,2,66.67,0.2324,-0.5,-0.5376,0.77,2.5,0,0.5,2.5,0.7575,-1.7425,368012.0997,376357.0997,2.5102,,3.26
6039,6039,2.5,83.33,0.2324,-0.5,-0.5376,0.77,3,0,0.5,2.5,0.7459,-1.7541,368010.3456,376357.8456,2.4717,,3.21
6040,6040,3,100,0.77,0,0,0.77,3,0,0,0,2.9414,2.9414,368013.287,376360.787,2.9414,,3.82
6041,6041,3,100,0.77,0,0,0.77,3,0,0,0,14.784,14.784,368028.071,376375.571,14.784,,19.2
6042,6042,3,100,0.77,0,0,0.77,3,0,0,0,51.6824,51.6824,368079.7534,376427.2534,51.6824,,67.12
6043,6043,3,100,0.67,0,0,0.67,3,0,0,0,57.8947,57.8947,368137.6481,376485.1481,57.8947,,86.41
6044,6044,3,100,1.3225,0.75,0.7125,0.61,2.25,0,0.75,3.75,114.2772,110.5272,368248.1753,376599.4253,52.7101,,86.41
6045,6045,2.25,75,2.7675,2.25,2.1375,0.63,0,0,2.25,11.25,239.1397,227.8897,368476.065,376838.565,54.4383,,86.41
6046,6046,0,0,0.63,0,0,0.63,0,0,0,0,44.0244,44.0244,368520.0894,376882.5894,44.0244,,69.88
6047,6047,0,0,0.63,0,0,0.63,0,0,0,0,36.5778,36.5778,368556.6672,376919.1672,36.5778,,58.06
6048,6048,0,0,0.63,0,0,0.63,0,0,0,0,36.2691,36.2691,368592.9363,376955.4363,36.2691,,57.57
6049,6049,0,0,0.63,0,0,0.63,0,0,0,0,16.9344,16.9344,368609.8707,376972.3707,16.9344,,26.88
6050,6050,0,0,0.63,0,0,0.63,0,0,0,0,13.9104,13.9104,368623.7811,376986.2811,13.9104,,22.08
6051,6051,0,0,0.63,0,0,0.63,0,0,0,0,18.144,18.144,368641.9251,377004.4251,18.144,,28.8
6052,6052,0,0,0.63,0,0,0.63,0,0,0,0,14.5152,14.5152,368656.4403,377018.9403,14.5152,,23.04
6053,6053,0,0,0.63,0,0,0.63,0,0,0,0,18.7551,18.7551,368675.1954,377037.6954,18.7551,,29.77
6054,6054,0,0,0.63,0,0,0.63,0,0,0,0,18.7551,18.7551,368693.9505,377056.4505,18.7551,,29.77
6055,6055,0,0,0.63,0,0,0.63,0,0,0,0,9.6768,9.6768,368703.6273,377066.1273,9.6768,,15.36
6056,6056,0,0,0.63,0,0,0.63,0,0,0,0,10.2816,10.2816,368713.9089,377076.4089,10.2816,,16.32
6057,6057,0,0,0.62,0,0,0.62,0,0,0,0,3.5712,3.5712,368717.4801,377079.9801,3.5712,,5.76
6058,6058,0,0,0.0824,-0.5,-0.5376,0.62,0.5,0,0.5,2.5,0.3163,-2.1837,368715.2964,377080.2964,2.3808,,3.84
6059,6059,0.5,16.67,0.0824,-0.5,-0.5376,0.62,1,0,0.5,2.5,0.3163,-2.1837,368713.1127,377080.6127,2.3808,,3.84
6060,6060,1,33.33,0.0824,-0.5,-0.5376,0.62,1.5,0,0.5,2.5,0.2372,-2.2628,368710.8499,377080.8499,1.7856,,2.88
6061,6061,1.5,50,0.0924,-0.5,-0.5376,0.63,2,0,0.5,2.5,0.303,-2.197,368708.6529,377081.1529,2.0664,,3.28
6062,6062,2,66.67,0.1024,-0.5,-0.5376,0.64,2.5,0,0.5,2.5,0.5036,-1.9964,368706.6565,377081.6565,3.1488,,4.92
6063,6063,2.5,83.33,0.0924,-0.5,-0.5376,0.63,3,0,0.5,2.5,0.4203,-2.0797,368704.5768,377082.0768,2.8665,,4.55
6064,6064,3,100,0.62,0,0,0.62,3,0,0,0,5.952,5.952,368710.5288,377088.0288,5.952,,9.6
6065,6065,3,100,0.62,0,0,0.62,3,0,0,0,34.5278,34.5278,368745.0566,377122.5566,34.5278,,55.69
6066,6066,3,100,0.62,0,0,0.62,3,0,0,0,24.7752,24.7752,368769.8318,377147.3318,24.7752,,39.96
6067,6067,3,100,1.3325,0.75,0.7125,0.62,2.25,0,0.75,3.75,115.1413,111.3913,368881.2231,377262.4731,53.5742,,86.41
6068,6068,2.25,75,2.7575,2.25,2.1375,0.62,0,0,2.25,11.25,238.2756,227.0256,369108.2487,377500.7487,53.5742,,86.41
6069,6069,0,0,0.62,0,0,0.62,0,0,0,0,52.266,52.266,369160.5147,377553.0147,52.266,,84.3
6070,6070,0,0,0.63,0,0,0.63,0,0,0,0,39.3183,39.3183,369199.833,377592.333,39.3183,,62.41
6071,6071,0,0,0.63,0,0,0.63,0,0,0,0,39.1293,39.1293,369238.9623,377631.4623,39.1293,,62.11
6072,6072,0,0,0.63,0,0,0.63,0,0,0,0,25.3575,25.3575,369264.3198,377656.8198,25.3575,,40.25
6073,6073,0,0,0.63,0,0,0.63,0,0,0,0,22.9194,22.9194,369287.2392,377679.7392,22.9194,,36.38
6074,6074,0,0,0.1024,-0.5,-0.5376,0.64,0.5,0,0.5,2.5,2.943,0.443,369287.6822,377682.6822,18.4,,28.75
6075,6075,0.5,16.67,0.3712,-0.25,-0.2688,0.64,0.75,0,0.25,1.25,10.6715,9.4215,369297.1037,377693.3537,18.4,,28.75
6076,6076,0.75,25,0.1024,-0.5,-0.5376,0.64,1.25,0,0.5,2.5,2.5407,0.0407,369297.1444,377695.8944,15.8848,,24.82
6077,6077,1.25,41.67,0.3712,-0.25,-0.2688,0.64,1.5,0,0.25,1.25,10.6715,9.4215,369306.5659,377706.5659,18.4,,28.75
6078,6078,1.5,50,0.1024,-0.5,-0.5376,0.64,2,0,0.5,2.5,2.8447,0.3447,369306.9106,377709.4106,17.7856,,27.79
6079,6079,2,66.67,0.1024,-0.5,-0.5376,0.64,2.5,0,0.5,2.5,1.9623,-0.5377,369306.3729,377711.3729,12.2688,,19.17
6080,6080,2.5,83.33,3,2.5,2.375,0.63,0,0.005,2.5,12.5,143.7,131.2,369437.5729,377855.0729,30.177,,47.9
6081,6081,0,0,0.61,0,0,0.61,0,0,0,0,16.9519,16.9519,369454.5248,377872.0248,16.9519,,27.79
6082,6082,0,0,0.0824,-0.5,-0.5376,0.62,0.5,0,0.5,2.5,1.3895,-1.1105,369453.4143,377873.4143,10.4594,,16.87
6083,6083,0.5,16.67,0.0824,-0.5,-0.5376,0.62,1,0,0.5,2.5,1.261,-1.239,369452.1753,377874.6753,9.4922,,15.31
6084,6084,1,33.33,0.0824,-0.5,-0.5376,0.62,1.5,0,0.5,2.5,0.3435,-2.1565,369450.0188,377875.0188,2.5854,,4.17
6085,6085,1.5,50,0.0824,-0.5,-0.5376,0.62,2,0,0.5,2.5,0.3945,-2.1055,369447.9133,377875.4133,2.9698,,4.79
6086,6086,2,66.67,0.0724,-0.5,-0.5376,0.61,2.5,0,0.5,2.5,0.9711,-1.5289,369446.3844,377876.3844,8.1862,,13.42
6087,6087,2.5,83.33,0.0824,-0.5,-0.5376,0.62,3,0,0.5,2.5,0.7166,-1.7834,369444.601,377877.101,5.394,,8.7
6088,6088,3,100,0.62,0,0,0.62,3,0,0,0,14.57,14.57,369459.171,377891.671,14.57,,23.5
6089,6089,3,100,0.62,0,0,0.62,3,0,0,0,30.8946,30.8946,369490.0656,377922.5656,30.8946,,49.83
6090,6090,3,100,0.63,0,0,0.63,3,0,0,0,35.0154,35.0154,369525.081,377957.581,35.0154,,55.58
6091,6091,3,100,1.105,0.5,0.475,0.63,2.5,0,0.5,2.5,95.3062,92.8062,369617.8872,378052.8872,54.3375,,86.25
6092,6092,2.5,83.33,2.995,2.5,2.375,0.62,0,0,2.5,12.5,258.3188,245.8188,369863.706,378311.206,53.475,,86.25
6093,6093,0,0,0.64,0,0,0.64,0,0,0,0,50.1056,50.1056,369913.8116,378361.3116,50.1056,,78.29
6094,6094,0,0,0,0,0,0,0,0,0,0,0,0,369913.8116,378361.3116,0,,62.29
6095,6095,0,0,0,0,0,0,0,0,0,0,0,0,369913.8116,378361.3116,0,,31.05
6096,6096,0,0,0,0,0,0,0,0,0,0,0,0,369913.8116,378361.3116,0,,22.8
6097,6097,0,0,0,0,0,0,0,0,0,0,0,0,369913.8116,378361.3116,0,,19
6098,6098,0,0,0.64,0,0,0.64,0,0,0,0,12.16,12.16,369925.9716,378373.4716,12.16,,19
6099,6099,0,0,0.64,0,0,0.64,0,0,0,0,9.888,9.888,369935.8596,378383.3596,9.888,,15.45
6100,6100,0,0,0.63,0,0,0.63,0,0,0,0,5.985,5.985,369941.8446,378389.3446,5.985,,9.5
6101,6101,0,0,0.64,0,0,0.64,0,0,0,0,8.512,8.512,369950.3566,378397.8566,8.512,,13.3
6102,6102,0,0,0.64,0,0,0.64,0,0,0,0,5.9968,5.9968,369956.3534,378403.8534,5.9968,,9.37
6103,6103,0,0,0.64,0,0,0.64,0,0,0,0,3.648,3.648,369960.0014,378407.5014,3.648,,5.7
6104,6104,0,0,0.64,0,0,0.64,0,0,0,0,4,4,369964.0014,378411.5014,4,,6.25
6105,6105,0,0,0.7,0,0,0.7,0,0,0,0,2.66,2.66,369966.6614,378414.1614,2.66,,3.8
6106,6106,0,0,0.0924,-0.5,-0.5376,0.63,0.5,0,0.5,2.5,0.3334,-2.1666,369964.4948,378414.4948,2.2743,,3.61
6107,6107,0.5,16.67,0.0924,-0.5,-0.5376,0.63,1,0,0.5,2.5,0.3076,-2.1924,369962.3024,378414.8024,2.0979,,3.33
6108,6108,1,33.33,0.0924,-0.5,-0.5376,0.63,1.5,0,0.5,2.5,0,-2.5,369959.8024,378414.8024,0,,0
6109,6109,1.5,50,0.1024,-0.5,-0.5376,0.64,2,0,0.5,2.5,0.1945,-2.3055,369957.4969,378414.9969,1.216,,1.9
6110,6110,2,66.67,0.0924,-0.5,-0.5376,0.63,2.5,0,0.5,2.5,0.3002,-2.1998,369955.2971,378415.2971,2.0475,,3.25
6111,6111,2.5,83.33,0.0924,-0.5,-0.5376,0.63,3,0,0.5,2.5,0.2937,-2.2063,369953.0908,378415.5908,2.0034,,3.18
6112,6112,3,100,0.63,0,0,0.63,3,0,0,0,2.394,2.394,369955.4848,378417.9848,2.394,,3.8
6113,6113,3,100,0.63,0,0,0.63,3,0,0,0,9.576,9.576,369965.0608,378427.5608,9.576,,15.2
6114,6114,3,100,0.63,0,0,0.63,3,0,0,0,11.97,11.97,369977.0308,378439.5308,11.97,,19
6115,6115,3,100,3,2.5,2.375,0.63,0.5,0.005,2.5,12.5,146.49,133.99,370111.0208,378586.0208,30.7629,,48.83
6116,6116,0.5,16.67,1.095,0.5,0.475,0.62,0,0,0.5,2.5,52.0125,49.5125,370160.5333,378638.0333,29.45,,47.5
6117,6117,0,0,0.62,0,0,0.62,0,0,0,0,17.67,17.67,370178.2033,378655.7033,17.67,,28.5
6118,6118,0,0,0.64,0,0,0.64,0,0,0,0,12.1536,12.1536,370190.3569,378667.8569,12.1536,,18.99
6119,6119,0,0,0.63,0,0,0.63,0,0,0,0,5.985,5.985,370196.3419,378673.8419,5.985,,9.5
6120,6120,0,0,0.63,0,0,0.63,0,0,0,0,5.5692,5.5692,370201.9111,378679.4111,5.5692,,8.84
6121,6121,0,0,0.63,0,0,0.63,0,0,0,0,5.985,5.985,370207.8961,378685.3961,5.985,,9.5
6122,6122,0,0,0.64,0,0,0.64,0,0,0,0,4.256,4.256,370212.1521,378689.6521,4.256,,6.65
6123,6123,0,0,0.63,0,0,0.63,0,0,0,0,3.9123,3.9123,370216.0644,378693.5644,3.9123,,6.21
6124,6124,0,0,0.64,0,0,0.64,0,0,0,0,3.7696,3.7696,370219.834,378697.334,3.7696,,5.89
6125,6125,0,0,0,0,0,0,0,0,0,0,0,0,370219.834,378697.334,0,,6.3
6126,6126,0,0,0,0,0,0,0,0,0,0,0,0,370219.834,378697.334,0,,5.7
6127,6127,0,0,0,0,0,0,0,0,0,0,0,0,370219.834,378697.334,0,,4.75
6128,6128,0,0,0,0,0,0,0,0,0,0,0,0,370219.834,378697.334,0,,5.76
6129,6129,0,0,0.55,0,0,0.55,0,0,0,0,2.09,2.09,370221.924,378699.424,2.09,,3.8
6130,6130,0,0,0.0924,-0.5,-0.5376,0.63,0.5,0,0.5,2.5,0.3002,-2.1998,370219.7242,378699.7242,2.0475,,3.25
6131,6131,0.5,16.67,0.0924,-0.5,-0.5376,0.63,1,0,0.5,2.5,0.3002,-2.1998,370217.5244,378700.0244,2.0475,,3.25
6132,6132,1,33.33,0.1024,-0.5,-0.5376,0.64,1.5,0,0.5,2.5,0.2917,-2.2083,370215.3161,378700.3161,1.824,,2.85
6133,6133,1.5,50,0.1024,-0.5,-0.5376,0.64,2,0,0.5,2.5,0.2917,-2.2083,370213.1078,378700.6078,1.824,,2.85
6134,6134,2,66.67,0.1524,-0.5,-0.5376,0.69,2.5,0,0.5,2.5,0.5119,-1.9881,370211.1197,378701.1197,2.3184,,3.36
6135,6135,2.5,83.33,0.1424,-0.5,-0.5376,0.68,3,0,0.5,2.5,0.4783,-2.0217,370209.098,378701.598,2.2848,,3.36
6136,6136,3,100,0.68,0,0,0.68,3,0,0,0,3.3184,3.3184,370212.4164,378704.9164,3.3184,,4.88
6137,6137,3,100,0.62,0,0,0.62,3,0,0,0,5.642,5.642,370218.0584,378710.5584,5.642,,9.1
6138,6138,3,100,0.62,0,0,0.62,3,0,0,0,5.3444,5.3444,370223.4028,378715.9028,5.3444,,8.62
6139,6139,3,100,1.095,0.5,0.475,0.62,2.5,0,0.5,2.5,24.966,22.466,370245.8688,378740.8688,14.136,,22.8
6140,6140,2.5,83.33,2.995,2.5,2.375,0.62,0,0,2.5,12.5,72.5389,60.0389,370305.9077,378813.4077,15.0164,,24.22
6141,6141,0,0,0.63,0,0,0.63,0,0,0,0,11.97,11.97,370317.8777,378825.3777,11.97,,19
6142,6142,0,0,0.64,0,0,0.64,0,0,0,0,4.8448,4.8448,370322.7225,378830.2225,4.8448,,7.57
6143,6143,0,0,0.63,0,0,0.63,0,0,0,0,2.9925,2.9925,370325.715,378833.215,2.9925,,4.75
6144,6144,0,0,0.63,0,0,0.63,0,0,0,0,3.6036,3.6036,370329.3186,378836.8186,3.6036,,5.72
6145,6145,0,0,0.63,0,0,0.63,0,0,0,0,3.5847,3.5847,370332.9033,378840.4033,3.5847,,5.69
6146,6146,0,0,0.1024,-0.5,-0.5376,0.64,0.5,0,0.5,2.5,0.4668,-2.0332,370330.8701,378840.8701,2.9184,,4.56
6147,6147,0.5,16.67,0.1024,-0.5,-0.5376,0.64,1,0,0.5,2.5,0.389,-2.111,370328.7591,378841.2591,2.432,,3.8
6148,6148,1,33.33,0.1024,-0.5,-0.5376,0.64,1.5,0,0.5,2.5,0.389,-2.111,370326.6481,378841.6481,2.432,,3.8
6149,6149,1.5,50,0,0,0,0,1.5,0,0,0,0,0,370326.6481,378841.6481,0,,3.8
6150,6150,1.5,50,0,0,0,0,1.5,0,0,0,0,0,370326.6481,378841.6481,0,,3.61
6151,6151,1.5,50,0,0,0,0,1.5,0,0,0,0,0,370326.6481,378841.6481,0,,3.61
6152,6152,1.5,50,0,0,0,0,1.5,0,0,0,0,0,370326.6481,378841.6481,0,,5.89
6153,6153,1.5,50,0.64,0,0,0.64,1.5,0,0,0,6.0736,6.0736,370332.7217,378847.7217,6.0736,,9.49
6154,6154,1.5,50,0.62,0,0,0.62,1.5,0,0,0,4.712,4.712,370337.4337,378852.4337,4.712,,7.6
6155,6155,1.5,50,0.63,0,0,0.63,1.5,0,0,0,7.8939,7.8939,370345.3276,378860.3276,7.8939,,12.53
6156,6156,1.5,50,0.62,0,0,0.62,1.5,0,0,0,3.0628,3.0628,370348.3904,378863.3904,3.0628,,4.94
6157,6157,1.5,50,0.64,0,0,0.64,1.5,0,0,0,3.648,3.648,370352.0384,378867.0384,3.648,,5.7
6158,6158,1.5,50,0.62,0,0,0.62,1.5,0,0,0,4.123,4.123,370356.1614,378871.1614,4.123,,6.65
6159,6159,1.5,50,0.0924,-0.5,-0.5376,0.63,2,0,0.5,2.5,0.4156,-2.0844,370354.077,378871.577,2.835,,4.5
6160,6160,2,66.67,0.1024,-0.5,-0.5376,0.64,2.5,0,0.5,2.5,0.3695,-2.1305,370351.9465,378871.9465,2.3104,,3.61
6161,6161,2.5,83.33,0.1024,-0.5,-0.5376,0.64,3,0,0.5,2.5,0.4668,-2.0332,370349.9133,378872.4133,2.9184,,4.56
6162,6162,3,100,0.64,0,0,0.64,3,0,0,0,4.8448,4.8448,370354.7581,378877.2581,4.8448,,7.57
6163,6163,3,100,0.64,0,0,0.64,3,0,0,0,18.2272,18.2272,370372.9853,378895.4853,18.2272,,28.48
6164,6164,3,100,3,2.5,2.375,0.63,0.5,0.005,2.5,12.5,163.77,151.27,370524.2553,379059.2553,34.3917,,54.59
6165,6165,0.5,16.67,1.105,0.5,0.475,0.63,0,0,0.5,2.5,39.8242,37.3242,370561.5795,379099.0795,22.7052,,36.04
6166,6166,0,0,0.63,0,0,0.63,0,0,0,0,13.8411,13.8411,370575.4206,379112.9206,13.8411,,21.97
6167,6167,0,0,0.63,0,0,0.63,0,0,0,0,5.985,5.985,370581.4056,379118.9056,5.985,,9.5
6168,6168,0,0,0.63,0,0,0.63,0,0,0,0,3.2256,3.2256,370584.6312,379122.1312,3.2256,,5.12
6169,6169,0,0,0.63,0,0,0.63,0,0,0,0,3.0744,3.0744,370587.7056,379125.2056,3.0744,,4.88
6170,6170,0,0,0.63,0,0,0.63,0,0,0,0,2.9862,2.9862,370590.6918,379128.1918,2.9862,,4.74
6171,6171,0,0,0.63,0,0,0.63,0,0,0,0,2.8665,2.8665,370593.5583,379131.0583,2.8665,,4.55
6172,6172,0,0,0.63,0,0,0.63,0,0,0,0,2.6649,2.6649,370596.2232,379133.7232,2.6649,,4.23
6173,6173,0,0,0.64,0,0,0.64,0,0,0,0,2.88,2.88,370599.1032,379136.6032,2.88,,4.5
6174,6174,0,0,0.64,0,0,0.64,0,0,0,0,2.4192,2.4192,370601.5224,379139.0224,2.4192,,3.78
6175,6175,0,0,0.64,0,0,0.64,0,0,0,0,2.0672,2.0672,370603.5896,379141.0896,2.0672,,3.23
6176,6176,0,0,0.63,0,0,0.63,0,0,0,0,2.0349,2.0349,370605.6245,379143.1245,2.0349,,3.23
6177,6177,0,0,0.62,0,0,0.62,0,0,0,0,0.2356,0.2356,370605.8601,379143.3601,0.2356,,0.38
6178,6178,0,0,0.0824,-0.5,-0.5376,0.62,0.5,0,0.5,2.5,0,-2.5,370603.3601,379143.3601,0,,0
6179,6179,0.5,16.67,0.0824,-0.5,-0.5376,0.62,1,0,0.5,2.5,0,-2.5,370600.8601,379143.3601,0,,0
6180,6180,1,33.33,0.0824,-0.5,-0.5376,0.62,1.5,0,0.5,2.5,0,-2.5,370598.3601,379143.3601,0,,0
6181,6181,1.5,50,0.0824,-0.5,-0.5376,0.62,2,0,0.5,2.5,0,-2.5,370595.8601,379143.3601,0,,0
6182,6182,2,66.67,0.0824,-0.5,-0.5376,0.62,2.5,0,0.5,2.5,0,-2.5,370593.3601,379143.3601,0,,0
6183,6183,2.5,83.33,0.0824,-0.5,-0.5376,0.62,3,0,0.5,2.5,0,-2.5,370590.8601,379143.3601,0,,0
6184,6184,3,100,0.63,0,0,0.63,3,0,0,0,0,0,370590.8601,379143.3601,0,,0
6185,6185,3,100,0.63,0,0,0.63,3,0,0,0,2.0475,2.0475,370592.9076,379145.4076,2.0475,,3.25
6186,6186,3,100,0.64,0,0,0.64,3,0,0,0,3.0336,3.0336,370595.9412,379148.4412,3.0336,,4.74
6187,6187,3,100,0.63,0,0,0.63,3,0,0,0,14.3451,14.3451,370610.2863,379162.7863,14.3451,,22.77
6188,6188,3,100,2.995,2.5,2.375,0.62,0.5,0,2.5,12.5,110.9348,98.4348,370708.7211,379273.7211,22.9648,,37.04
6189,6189,0.5,16.67,1.115,0.5,0.475,0.64,0,0,0.5,2.5,29.9378,27.4378,370736.1589,379303.6589,17.184,,26.85
6190,6190,0,0,0.63,0,0,0.63,0,0,0,0,11.9574,11.9574,370748.1163,379315.6163,11.9574,,18.98
6191,6191,0,0,0.63,0,0,0.63,0,0,0,0,5.7708,5.7708,370753.8871,379321.3871,5.7708,,9.16
6192,6192,0,0,0.63,0,0,0.63,0,0,0,0,3.6351,3.6351,370757.5222,379325.0222,3.6351,,5.77
6193,6193,0,0,0.62,0,0,0.62,0,0,0,0,3.5278,3.5278,370761.05,379328.55,3.5278,,5.69
6194,6194,0,0,0.61,0,0,0.61,0,0,0,0,2.9646,2.9646,370764.0146,379331.5146,2.9646,,4.86
6195,6195,0,0,0.63,0,0,0.63,0,0,0,0,3.1941,3.1941,370767.2087,379334.7087,3.1941,,5.07
6196,6196,0,0,0.6,0,0,0.6,0,0,0,0,3.072,3.072,370770.2807,379337.7807,3.072,,5.12
6197,6197,0,0,0.64,0,0,0.64,0,0,0,0,3.776,3.776,370774.0567,379341.5567,3.776,,5.9
6198,6198,0,0,0.64,0,0,0.64,0,0,0,0,4.0064,4.0064,370778.0631,379345.5631,4.0064,,6.26
6199,6199,0,0,0.63,0,0,0.63,0,0,0,0,3.5847,3.5847,370781.6478,379349.1478,3.5847,,5.69
6200,6200,0,0,0.63,0,0,0.63,0,0,0,0,8.9649,8.9649,370790.6127,379358.1127,8.9649,,14.23
6201,6201,0,0,0.63,0,0,0.63,0,0,0,0,5.4243,5.4243,370796.037,379363.537,5.4243,,8.61
6202,6202,0,0,0.0824,-0.5,-0.5376,0.62,0.5,0,0.5,2.5,0.3674,-2.1326,370793.9044,379363.9044,2.7652,,4.46
6203,6203,0.5,16.67,0.0824,-0.5,-0.5376,0.62,1,0,0.5,2.5,0.313,-2.187,370791.7174,379364.2174,2.356,,3.8
6204,6204,1,33.33,0.1724,-0.5,-0.5376,0.71,1.5,0,0.5,2.5,0.4912,-2.0088,370789.7086,379364.7086,2.0235,,2.85
6205,6205,1.5,50,0.2324,-0.5,-0.5376,0.77,2,0,0.5,2.5,0.7389,-1.7611,370787.9475,379365.4475,2.4486,,3.18
6206,6206,2,66.67,0.2324,-0.5,-0.5376,0.77,2.5,0,0.5,2.5,0.7552,-1.7448,370786.2027,379366.2027,2.5025,,3.25
6207,6207,2.5,83.33,0.2324,-0.5,-0.5376,0.77,3,0,0.5,2.5,0.7552,-1.7448,370784.4579,379366.9579,2.5025,,3.25
6208,6208,3,100,0.77,0,0,0.77,3,0,0,0,3.6498,3.6498,370788.1077,379370.6077,3.6498,,4.74
6209,6209,3,100,0.77,0,0,0.77,3,0,0,0,12.4201,12.4201,370800.5278,379383.0278,12.4201,,16.13
6210,6210,3,100,0.78,0,0,0.78,3,0,0,0,45.8874,45.8874,370846.4152,379428.9152,45.8874,,58.83
6211,6211,3,100,2.68,2,1.9,0.78,1,0,2,10,228.872,218.872,371065.2872,379657.7872,66.612,,85.4
6212,6212,1,33.33,1.72,1,0.95,0.77,0,0,1,5,146.888,141.888,371207.1752,379804.6752,65.758,,85.4
6213,6213,0,0,0.79,0,0,0.79,0,0,0,0,63.1368,63.1368,371270.312,379867.812,63.1368,,79.92
6214,6214,0,0,0.78,0,0,0.78,0,0,0,0,49.1946,49.1946,371319.5066,379917.0066,49.1946,,63.07
6215,6215,0,0,0.88,0,0,0.88,0,0,0,0,28.8464,28.8464,371348.353,379945.853,28.8464,,32.78
6216,6216,0,0,0.87,0,0,0.87,0,0,0,0,24.7689,24.7689,371373.1219,379970.6219,24.7689,,28.47
6217,6217,0,0,0.87,0,0,0.87,0,0,0,0,16.4604,16.4604,371389.5823,379987.0823,16.4604,,18.92
6218,6218,0,0,0.85,0,0,0.85,0,0,0,0,12.0955,12.0955,371401.6778,379999.1778,12.0955,,14.23
6219,6219,0,0,0.87,0,0,0.87,0,0,0,0,8.2563,8.2563,371409.9341,380007.4341,8.2563,,9.49
6220,6220,0,0,0.88,0,0,0.88,0,0,0,0,8.3512,8.3512,371418.2853,380015.7853,8.3512,,9.49
6221,6221,0,0,0.88,0,0,0.88,0,0,0,0,11.6864,11.6864,371429.9717,380027.4717,11.6864,,13.28
6222,6222,0,0,0.88,0,0,0.88,0,0,0,0,8.3512,8.3512,371438.3229,380035.8229,8.3512,,9.49
6223,6223,0,0,0.88,0,0,0.88,0,0,0,0,5.0072,5.0072,371443.3301,380040.8301,5.0072,,5.69
6224,6224,0,0,0.98,0,0,0.98,0,0,0,0,5.782,5.782,371449.1121,380046.6121,5.782,,5.9
6225,6225,0,0,0.96,0,0,0.96,0,0,0,0,3.1872,3.1872,371452.2993,380049.7993,3.1872,,3.32
6226,6226,0,0,0.98,0,0,0.98,0,0,0,0,1.862,1.862,371454.1613,380051.6613,1.862,,1.9
6227,6227,0,0,0.1735,-0.75,-0.8065,0.98,0.75,0,0.75,3.75,0,-3.75,371450.4113,380051.6613,0,,0
6228,6228,0.75,25,0.1635,-0.75,-0.8065,0.97,1.5,0,0.75,3.75,0,-3.75,371446.6613,380051.6613,0,,0
6229,6229,1.5,50,0.1635,-0.75,-0.8065,0.97,2.25,0,0.75,3.75,0,-3.75,371442.9113,380051.6613,0,,0
6230,6230,2.25,75,0.1835,-0.75,-0.8065,0.99,3,0,0.75,3.75,0,-3.75,371439.1613,380051.6613,0,,0
6231,6231,3,100,1,0,0,1,3,0,0,0,0.57,0.57,371439.7313,380052.2313,0.57,,0.57
6232,6232,3,100,1.03,0,0,1.03,3,0,0,0,3.7183,3.7183,371443.4496,380055.9496,3.7183,,3.61
6233,6233,3,100,1.02,0,0,1.02,3,0,0,0,9.6798,9.6798,371453.1294,380065.6294,9.6798,,9.49
6234,6234,3,100,1.02,0,0,1.02,3,0,0,0,29.0394,29.0394,371482.1688,380094.6688,29.0394,,28.47
6235,6235,3,100,2.6825,1.75,1.6625,1.02,1.25,0,1.75,8.75,229.0855,220.3355,371702.5043,380323.7543,87.108,,85.4
6236,6236,1.25,41.67,1.8475,1.25,1.1875,0.66,0,0,1.25,6.25,157.7765,151.5265,371854.0308,380481.5308,56.364,,85.4
6237,6237,0,0,0.97,0,0,0.97,0,0,0,0,64.408,64.408,371918.4388,380545.9388,64.408,,66.4
6238,6238,0,0,0.98,0,0,0.98,0,0,0,0,27.9006,27.9006,371946.3394,380573.8394,27.9006,,28.47
6239,6239,0,0,0.98,0,0,0.98,0,0,0,0,13.9454,13.9454,371960.2848,380587.7848,13.9454,,14.23
6240,6240,0,0,0.98,0,0,0.98,0,0,0,0,9.3002,9.3002,371969.585,380597.085,9.3002,,9.49
6241,6241,0,0,0.97,0,0,0.97,0,0,0,0,9.2053,9.2053,371978.7903,380606.2903,9.2053,,9.49
6242,6242,0,0,0.97,0,0,0.97,0,0,0,0,7.3623,7.3623,371986.1526,380613.6526,7.3623,,7.59
6243,6243,0,0,0.98,0,0,0.98,0,0,0,0,9.3002,9.3002,371995.4528,380622.9528,9.3002,,9.49
6244,6244,0,0,0.98,0,0,0.98,0,0,0,0,9.2022,9.2022,372004.655,380632.155,9.2022,,9.39
6245,6245,0,0,0.98,0,0,0.98,0,0,0,0,13.6122,13.6122,372018.2672,380645.7672,13.6122,,13.89
6246,6246,0,0,0.98,0,0,0.98,0,0,0,0,6.8796,6.8796,372025.1468,380652.6468,6.8796,,7.02
6247,6247,0,0,0.98,0,0,0.98,0,0,0,0,3.7044,3.7044,372028.8512,380656.3512,3.7044,,3.78
6248,6248,0,0,0.99,0,0,0.99,0,0,0,0,3.3858,3.3858,372032.237,380659.737,3.3858,,3.42
6249,6249,0,0,0.98,0,0,0.98,0,0,0,0,3.1752,3.1752,372035.4122,380662.9122,3.1752,,3.24
6250,6250,0,0,0.98,0,0,0.98,0,0,0,0,1.862,1.862,372037.2742,380664.7742,1.862,,1.9
6251,6251,0,0,0.1735,-0.75,-0.8065,0.98,0.75,0,0.75,3.75,0.0035,-3.7465,372033.5277,380664.7777,0.0196,,0.02
6252,6252,0.75,25,0.1735,-0.75,-0.8065,0.98,1.5,0,0.75,3.75,0,-3.75,372029.7777,380664.7777,0,,0
6253,6253,1.5,50,0.1835,-0.75,-0.8065,0.99,2.25,0,0.75,3.75,0,-3.75,372026.0277,380664.7777,0,,0
6254,6254,2.25,75,0.1735,-0.75,-0.8065,0.98,3,0,0.75,3.75,0.2152,-3.5348,372022.4929,380664.9929,1.2152,,1.24
6255,6255,3,100,0.97,0,0,0.97,3,0,0,0,2.2116,2.2116,372024.7045,380667.2045,2.2116,,2.28
6256,6256,3,100,0.97,0,0,0.97,3,0,0,0,3.2592,3.2592,372027.9637,380670.4637,3.2592,,3.36
6257,6257,3,100,0.87,0,0,0.87,3,0,0,0,6.1422,6.1422,372034.1059,380676.6059,6.1422,,7.06
6258,6258,3,100,0.88,0,0,0.88,3,0,0,0,12.5224,12.5224,372046.6283,380689.1283,12.5224,,14.23
6259,6259,3,100,1.6025,0.75,0.7125,0.89,2.25,0,0.75,3.75,91.1983,87.4483,372134.0766,380780.3266,50.6499,,56.91
6260,6260,2.25,75,3,2.25,2.1375,0.88,0,0.0175,2.25,11.25,204.93,193.68,372327.7566,380985.2566,60.1128,,68.31
6261,6261,0,0,0.87,0,0,0.87,0,0,0,0,47.8761,47.8761,372375.6327,381033.1327,47.8761,,55.03
6262,6262,0,0,0.88,0,0,0.88,0,0,0,0,16.7112,16.7112,372392.3439,381049.8439,16.7112,,18.99
6263,6263,0,0,0.88,0,0,0.88,0,0,0,0,5.1744,5.1744,372397.5183,381055.0183,5.1744,,5.88
6264,6264,0,0,0.88,0,0,0.88,0,0,0,0,4.004,4.004,372401.5223,381059.0223,4.004,,4.55
6265,6265,0,0,0.87,0,0,0.87,0,0,0,0,3.4452,3.4452,372404.9675,381062.4675,3.4452,,3.96
6266,6266,0,0,0.87,0,0,0.87,0,0,0,0,3.2799,3.2799,372408.2474,381065.7474,3.2799,,3.77
6267,6267,0,0,0.87,0,0,0.87,0,0,0,0,3.2799,3.2799,372411.5273,381069.0273,3.2799,,3.77
6268,6268,0,0,0.87,0,0,0.87,0,0,0,0,2.8884,2.8884,372414.4157,381071.9157,2.8884,,3.32
6269,6269,0,0,0.87,0,0,0.87,0,0,0,0,2.9754,2.9754,372417.3911,381074.8911,2.9754,,3.42
6270,6270,0,0,0.88,0,0,0.88,0,0,0,0,2.8512,2.8512,372420.2423,381077.7423,2.8512,,3.24
6271,6271,0,0,0.0735,-0.75,-0.8065,0.88,0.75,0,0.75,3.75,0,-3.75,372416.4923,381077.7423,0,,0
6272,6272,0.75,25,0.0735,-0.75,-0.8065,0.88,1.5,0,0.75,3.75,0,-3.75,372412.7423,381077.7423,0,,0
6273,6273,1.5,50,0.0635,-0.75,-0.8065,0.87,2.25,0,0.75,3.75,0,-3.75,372408.9923,381077.7423,0,,0
6274,6274,2.25,75,0.0635,-0.75,-0.8065,0.87,3,0,0.75,3.75,0,-3.75,372405.2423,381077.7423,0,,0
6275,6275,3,100,0.85,0,0,0.85,3,0,0,0,0,0,372405.2423,381077.7423,0,,0
6276,6276,3,100,0.76,0,0,0.76,3,0,0,0,0,0,372405.2423,381077.7423,0,,0
6277,6277,3,100,0.76,0,0,0.76,3,0,0,0,0,0,372405.2423,381077.7423,0,,0
6278,6278,3,100,0.77,0,0,0.77,3,0,0,0,0,0,372405.2423,381077.7423,0,,0
6279,6279,3,100,0.77,0,0,0.77,3,0,0,0,0,0,372405.2423,381077.7423,0,,0
6280,6280,3,100,0.78,0,0,0.78,3,0,0,0,0,0,372405.2423,381077.7423,0,,0
6281,6281,3,100,0.78,0,0,0.78,3,0,0,0,2.808,2.808,372408.0503,381080.5503,2.808,,3.6
6282,6282,3,100,0.79,0,0,0.79,3,0,0,0,7.4892,7.4892,372415.5395,381088.0395,7.4892,,9.48
6283,6283,3,100,0.79,0,0,0.79,3,0,0,0,22.4755,22.4755,372438.015,381110.515,22.4755,,28.45
6284,6284,3,100,2.9175,2.25,2.1375,0.78,0.75,0,2.25,11.25,179.8639,168.6139,372606.6289,381290.3789,48.087,,61.65
6285,6285,0.75,25,1.5025,0.75,0.7125,0.79,0,0,0.75,3.75,50.8446,47.0946,372653.7235,381341.2235,26.7336,,33.84
6286,6286,0,0,0.77,0,0,0.77,0,0,0,0,11.088,11.088,372664.8115,381352.3115,11.088,,14.4
6287,6287,0,0,0.78,0,0,0.78,0,0,0,0,6.6612,6.6612,372671.4727,381358.9727,6.6612,,8.54
6288,6288,0,0,0.78,0,0,0.78,0,0,0,0,8.892,8.892,372680.3647,381367.8647,8.892,,11.4
6289,6289,0,0,0.77,0,0,0.77,0,0,0,0,7.315,7.315,372687.6797,381375.1797,7.315,,9.5
6290,6290,0,0,0.77,0,0,0.77,0,0,0,0,5.1205,5.1205,372692.8002,381380.3002,5.1205,,6.65
6291,6291,0,0,0.78,0,0,0.78,0,0,0,0,5.7798,5.7798,372698.58,381386.08,5.7798,,7.41
6292,6292,0,0,0.77,0,0,0.77,0,0,0,0,6.5835,6.5835,372705.1635,381392.6635,6.5835,,8.55
6293,6293,0,0,0.78,0,0,0.78,0,0,0,0,11.115,11.115,372716.2785,381403.7785,11.115,,14.25
6294,6294,0,0,0.78,0,0,0.78,0,0,0,0,10.374,10.374,372726.6525,381414.1525,10.374,,13.3
6295,6295,0,0,0.78,0,0,0.78,0,0,0,0,6.669,6.669,372733.3215,381420.8215,6.669,,8.55
6296,6296,0,0,0.78,0,0,0.78,0,0,0,0,11.1072,11.1072,372744.4287,381431.9287,11.1072,,14.24
6297,6297,0,0,0.98,0,0,0.98,0,0,0,0,6.517,6.517,372750.9457,381438.4457,6.517,,6.65
6298,6298,0,0,1.02,0,0,1.02,0,0,0,0,3.876,3.876,372754.8217,381442.3217,3.876,,3.8
6299,6299,0,0,1.02,0,0,1.02,0,0,0,0,3.8556,3.8556,372758.6773,381446.1773,3.8556,,3.78
6300,6300,0,0,0.2535,-0.75,-0.8065,1.06,0.75,0,0.75,3.75,0.2409,-3.5091,372755.1682,381446.4182,1.007,,0.95
6301,6301,0.75,25,0.2535,-0.75,-0.8065,1.06,1.5,0,0.75,3.75,0,-3.75,372751.4182,381446.4182,0,,0
6302,6302,1.5,50,0.5224,-0.5,-0.5376,1.06,2,0,0.5,2.5,1.6872,-0.8128,372750.6054,381448.1054,3.4238,,3.23
6303,6303,2,66.67,0.0047,-1,-1.0753,1.08,3,0,1,5,0.0153,-4.9847,372745.6207,381448.1207,3.4884,,3.23
6304,6304,3,100,1.09,0,0,1.09,3,0,0,0,4.3273,4.3273,372749.948,381452.448,4.3273,,3.97
6305,6305,3,100,1.09,0,0,1.09,3,0,0,0,20.6991,20.6991,372770.6471,381473.1471,20.6991,,18.99
6306,6306,3,100,1.08,0,0,1.08,3,0,0,0,30.7692,30.7692,372801.4163,381503.9163,30.7692,,28.49
6307,6307,3,100,2.03,1,0.95,1.08,2,0,1,5,161.9331,156.9331,372958.3494,381665.8494,86.1516,,79.77
6308,6308,2,66.67,2.98,2,1.9,1.08,0,0,2,10,249.0386,239.0386,373197.388,381914.888,90.2556,,83.57
6309,6309,0,0,1.08,0,0,1.08,0,0,0,0,59.4864,59.4864,373256.8744,381974.3744,59.4864,,55.08
6310,6310,0,0,1.08,0,0,1.08,0,0,0,0,28.512,28.512,373285.3864,382002.8864,28.512,,26.4
6311,6311,0,0,1.08,0,0,1.08,0,0,0,0,15.3792,15.3792,373300.7656,382018.2656,15.3792,,14.24
6312,6312,0,0,1.08,0,0,1.08,0,0,0,0,14.364,14.364,373315.1296,382032.6296,14.364,,13.3
6313,6313,0,0,1.07,0,0,1.07,0,0,0,0,14.2203,14.2203,373329.3499,382046.8499,14.2203,,13.29
6314,6314,0,0,1.08,0,0,1.08,0,0,0,0,8.208,8.208,373337.5579,382055.0579,8.208,,7.6
6315,6315,0,0,1.08,0,0,1.08,0,0,0,0,7.182,7.182,373344.7399,382062.2399,7.182,,6.65
6316,6316,0,0,1.07,0,0,1.07,0,0,0,0,6.9122,6.9122,373351.6521,382069.1521,6.9122,,6.46
6317,6317,0,0,1.06,0,0,1.06,0,0,0,0,6.7416,6.7416,373358.3937,382075.8937,6.7416,,6.36
6318,6318,0,0,1.07,0,0,1.07,0,0,0,0,4.2479,4.2479,373362.6416,382080.1416,4.2479,,3.97
6319,6319,0,0,1.07,0,0,1.07,0,0,0,0,3.4775,3.4775,373366.1191,382083.6191,3.4775,,3.25
6320,6320,0,0,1.08,0,0,1.08,0,0,0,0,3.4344,3.4344,373369.5535,382087.0535,3.4344,,3.18
6321,6321,0,0,0.2635,-0.75,-0.8065,1.07,0.75,0,0.75,3.75,0,-3.75,373365.8035,382087.0535,0,,0
6322,6322,0.75,25,0.2635,-0.75,-0.8065,1.07,1.5,0,0.75,3.75,0,-3.75,373362.0535,382087.0535,0,,0
6323,6323,1.5,50,0.2635,-0.75,-0.8065,1.07,2.25,0,0.75,3.75,0,-3.75,373358.3035,382087.0535,0,,0
6324,6324,2.25,75,0.2535,-0.75,-0.8065,1.06,3,0,0.75,3.75,0,-3.75,373354.5535,382087.0535,0,,0
6325,6325,3,100,1.06,0,0,1.06,3,0,0,0,0,0,373354.5535,382087.0535,0,,0
6326,6326,3,100,1.07,0,0,1.07,3,0,0,0,0,0,373354.5535,382087.0535,0,,0
6327,6327,3,100,1.08,0,0,1.08,3,0,0,0,0.2052,0.2052,373354.7587,382087.2587,0.2052,,0.19
6328,6328,3,100,1.07,0,0,1.07,3,0,0,0,3.4775,3.4775,373358.2362,382090.7362,3.4775,,3.25
6329,6329,3,100,1.07,0,0,1.07,3,0,0,0,7.1155,7.1155,373365.3517,382097.8517,7.1155,,6.65
6330,6330,3,100,1.09,0,0,1.09,3,0,0,0,24.8411,24.8411,373390.1928,382122.6928,24.8411,,22.79
6331,6331,3,100,2.03,1,0.95,1.08,2,0,1,5,171.3523,166.3523,373556.5451,382294.0451,91.1628,,84.41
6332,6332,2,66.67,2.98,2,1.9,1.08,0,0,2,10,254.7006,244.7006,373801.2457,382548.7457,92.3076,,85.47
6333,6333,0,0,1.08,0,0,1.08,0,0,0,0,87.4692,87.4692,373888.7149,382636.2149,87.4692,,80.99
6334,6334,0,0,1.07,0,0,1.07,0,0,0,0,33.5338,33.5338,373922.2487,382669.7487,33.5338,,31.34
6335,6335,0,0,1.08,0,0,1.08,0,0,0,0,18.0468,18.0468,373940.2955,382687.7955,18.0468,,16.71
6336,6336,0,0,1.08,0,0,1.08,0,0,0,0,18.5328,18.5328,373958.8283,382706.3283,18.5328,,17.16
6337,6337,0,0,1.11,0,0,1.11,0,0,0,0,25.3968,25.3968,373984.2251,382731.7251,25.3968,,22.88
6338,6338,0,0,1.11,0,0,1.11,0,0,0,0,21.1677,21.1677,374005.3928,382752.8928,21.1677,,19.07
6339,6339,0,0,1.11,0,0,1.11,0,0,0,0,21.1566,21.1566,374026.5494,382774.0494,21.1566,,19.06
6340,6340,0,0,1.12,0,0,1.12,0,0,0,0,19.1968,19.1968,374045.7462,382793.2462,19.1968,,17.14
6341,6341,0,0,1.12,0,0,1.12,0,0,0,0,21.3136,21.3136,374067.0598,382814.5598,21.3136,,19.03
6342,6342,0,0,1.13,0,0,1.13,0,0,0,0,9.6728,9.6728,374076.7326,382824.2326,9.6728,,8.56
6343,6343,0,0,1.12,0,0,1.12,0,0,0,0,2.128,2.128,374078.8606,382826.3606,2.128,,1.9
6344,6344,0,0,0.0447,-1,-1.0753,1.12,1,0,1,5,0,-5,374073.8606,382826.3606,0,,0
6345,6345,1,33.33,0.1047,-1,-1.0753,1.18,2,0,1,5,0,-5,374068.8606,382826.3606,0,,0
6346,6346,2,66.67,0.1047,-1,-1.0753,1.18,3,0,1,5,0,-5,374063.8606,382826.3606,0,,0
6347,6347,3,100,1.16,0,0,1.16,3,0,0,0,0,0,374063.8606,382826.3606,0,,0
6348,6348,3,100,1.15,0,0,1.15,3,0,0,0,0,0,374063.8606,382826.3606,0,,0
6349,6349,3,100,1.16,0,0,1.16,3,0,0,0,0,0,374063.8606,382826.3606,0,,0
6350,6350,3,100,1.17,0,0,1.17,3,0,0,0,0,0,374063.8606,382826.3606,0,,0
6351,6351,3,100,1.17,0,0,1.17,3,0,0,0,0,0,374063.8606,382826.3606,0,,0
6352,6352,3,100,1.16,0,0,1.16,3,0,0,0,0,0,374063.8606,382826.3606,0,,0
6353,6353,3,100,1.17,0,0,1.17,3,0,0,0,0.1287,0.1287,374063.9893,382826.4893,0.1287,,0.11
6354,6354,3,100,1.18,0,0,1.18,3,0,0,0,5.6876,5.6876,374069.6769,382832.1769,5.6876,,4.82
6355,6355,3,100,1.18,0,0,1.18,3,0,0,0,24.839,24.839,374094.5159,382857.0159,24.839,,21.05
6356,6356,3,100,3,2,1.9,1.18,1,0.08,2,10,217.35,207.35,374301.8659,383074.3659,85.491,,72.45
6357,6357,1,33.33,2.13,1,0.95,1.18,0,0,1,5,89.3322,84.3322,374386.1981,383163.6981,49.4892,,41.94
6358,6358,0,0,1.17,0,0,1.17,0,0,0,0,17.8425,17.8425,374404.0406,383181.5406,17.8425,,15.25
6359,6359,0,0,1.13,0,0,1.13,0,0,0,0,6.4636,6.4636,374410.5042,383188.0042,6.4636,,5.72
6360,6360,0,0,1.12,0,0,1.12,0,0,0,0,5.1296,5.1296,374415.6338,383193.1338,5.1296,,4.58
6361,6361,0,0,1.07,0,0,1.07,0,0,0,0,4.0767,4.0767,374419.7105,383197.2105,4.0767,,3.81
6362,6362,0,0,1.07,0,0,1.07,0,0,0,0,3.4882,3.4882,374423.1987,383200.6987,3.4882,,3.26
6363,6363,0,0,1.08,0,0,1.08,0,0,0,0,3.3156,3.3156,374426.5143,383204.0143,3.3156,,3.07
6364,6364,0,0,1.08,0,0,1.08,0,0,0,0,1.9764,1.9764,374428.4907,383205.9907,1.9764,,1.83
6365,6365,0,0,1.08,0,0,1.08,0,0,0,0,2.7432,2.7432,374431.2339,383208.7339,2.7432,,2.54
6366,6366,0,0,1.07,0,0,1.07,0,0,0,0,2.0437,2.0437,374433.2776,383210.7776,2.0437,,1.91
6367,6367,0,0,0.2635,-0.75,-0.8065,1.07,0.75,0,0.75,3.75,0,-3.75,374429.5276,383210.7776,0,,0
6368,6368,0.75,25,0.1735,-0.75,-0.8065,0.98,1.5,0,0.75,3.75,0,-3.75,374425.7776,383210.7776,0,,0
6369,6369,1.5,50,0.1735,-0.75,-0.8065,0.98,2.25,0,0.75,3.75,0,-3.75,374422.0276,383210.7776,0,,0
6370,6370,2.25,75,0.1735,-0.75,-0.8065,0.98,3,0,0.75,3.75,0,-3.75,374418.2776,383210.7776,0,,0
6371,6371,3,100,0.98,0,0,0.98,3,0,0,0,0,0,374418.2776,383210.7776,0,,0
6372,6372,3,100,0.98,0,0,0.98,3,0,0,0,0,0,374418.2776,383210.7776,0,,0
6373,6373,3,100,0.98,0,0,0.98,3,0,0,0,0,0,374418.2776,383210.7776,0,,0
6374,6374,3,100,0.98,0,0,0.98,3,0,0,0,0,0,374418.2776,383210.7776,0,,0
6375,6375,3,100,0.96,0,0,0.96,3,0,0,0,0,0,374418.2776,383210.7776,0,,0
6376,6376,3,100,0.97,0,0,0.97,3,0,0,0,0,0,374418.2776,383210.7776,0,,0
6377,6377,3,100,0.97,0,0,0.97,3,0,0,0,3.1622,3.1622,374421.4398,383213.9398,3.1622,,3.26
6378,6378,3,100,0.96,0,0,0.96,3,0,0,0,5.4912,5.4912,374426.931,383219.431,5.4912,,5.72
6379,6379,3,100,0.97,0,0,0.97,3,0,0,0,18.4882,18.4882,374445.4192,383237.9192,18.4882,,19.06
6380,6380,3,100,3,2.25,2.1375,0.97,0.75,0.1075,2.25,11.25,188.73,177.48,374622.8992,383426.6492,61.0227,,62.91
6381,6381,0.75,25,1.6725,0.75,0.7125,0.96,0,0,0.75,3.75,44.639,40.889,374663.7882,383471.2882,25.6224,,26.69
6382,6382,0,0,0.96,0,0,0.96,0,0,0,0,10.9824,10.9824,374674.7706,383482.2706,10.9824,,11.44
6383,6383,0,0,0.96,0,0,0.96,0,0,0,0,5.4912,5.4912,374680.2618,383487.7618,5.4912,,5.72
6384,6384,0,0,0.96,0,0,0.96,0,0,0,0,5.4912,5.4912,374685.753,383493.253,5.4912,,5.72
6385,6385,0,0,0.96,0,0,0.96,0,0,0,0,5.4912,5.4912,374691.2442,383498.7442,5.4912,,5.72
6386,6386,0,0,0.96,0,0,0.96,0,0,0,0,4.944,4.944,374696.1882,383503.6882,4.944,,5.15
6387,6387,0,0,0.97,0,0,0.97,0,0,0,0,5.5484,5.5484,374701.7366,383509.2366,5.5484,,5.72
6388,6388,0,0,0.96,0,0,0.96,0,0,0,0,5.4912,5.4912,374707.2278,383514.7278,5.4912,,5.72
6389,6389,0,0,0.97,0,0,0.97,0,0,0,0,6.305,6.305,374713.5328,383521.0328,6.305,,6.5
6390,6390,0,0,0.97,0,0,0.97,0,0,0,0,4.6269,4.6269,374718.1597,383525.6597,4.6269,,4.77
6391,6391,0,0,0.97,0,0,0.97,0,0,0,0,3.1428,3.1428,374721.3025,383528.8025,3.1428,,3.24
6392,6392,0,0,1.08,0,0,1.08,0,0,0,0,2.8836,2.8836,374724.1861,383531.6861,2.8836,,2.67
6393,6393,0,0,0.2535,-0.75,-0.8065,1.06,0.75,0,0.75,3.75,0,-3.75,374720.4361,383531.6861,0,,0
6394,6394,0.75,25,0.2535,-0.75,-0.8065,1.06,1.5,0,0.75,3.75,0,-3.75,374716.6861,383531.6861,0,,0
6395,6395,1.5,50,0.2535,-0.75,-0.8065,1.06,2.25,0,0.75,3.75,0,-3.75,374712.9361,383531.6861,0,,0
6396,6396,2.25,75,0.2535,-0.75,-0.8065,1.06,3,0,0.75,3.75,0,-3.75,374709.1861,383531.6861,0,,0
6397,6397,3,100,1.06,0,0,1.06,3,0,0,0,0,0,374709.1861,383531.6861,0,,0
6398,6398,3,100,1.05,0,0,1.05,3,0,0,0,0,0,374709.1861,383531.6861,0,,0
6399,6399,3,100,1.07,0,0,1.07,3,0,0,0,0,0,374709.1861,383531.6861,0,,0
6400,6400,3,100,1.07,0,0,1.07,3,0,0,0,0,0,374709.1861,383531.6861,0,,0
6401,6401,3,100,1.07,0,0,1.07,3,0,0,0,4.0767,4.0767,374713.2628,383535.7628,4.0767,,3.81
6402,6402,3,100,1.08,0,0,1.08,3,0,0,0,8.2188,8.2188,374721.4816,383543.9816,8.2188,,7.61
6403,6403,3,100,1.08,0,0,1.08,3,0,0,0,30.888,30.888,374752.3696,383574.8696,30.888,,28.6
6404,6404,3,100,2.97,2,1.9,1.07,1,0,2,10,181.1997,171.1997,374923.5693,383756.0693,65.2807,,61.01
6405,6405,1,33.33,2.01,1,0.95,1.06,0,0,1,5,57.486,52.486,374976.0553,383813.5553,30.316,,28.6
6406,6406,0,0,1.08,0,0,1.08,0,0,0,0,15.2388,15.2388,374991.2941,383828.7941,15.2388,,14.11
6407,6407,0,0,1.08,0,0,1.08,0,0,0,0,6.3828,6.3828,374997.6769,383835.1769,6.3828,,5.91
6408,6408,0,0,1.07,0,0,1.07,0,0,0,0,10.1436,10.1436,375007.8205,383845.3205,10.1436,,9.48
6409,6409,0,0,1.07,0,0,1.07,0,0,0,0,10.1436,10.1436,375017.9641,383855.4641,10.1436,,9.48
6410,6410,0,0,1.07,0,0,1.07,0,0,0,0,8.0678,8.0678,375026.0319,383863.5319,8.0678,,7.54
6411,6411,0,0,1.07,0,0,1.07,0,0,0,0,6.4842,6.4842,375032.5161,383870.0161,6.4842,,6.06
6412,6412,0,0,1.08,0,0,1.08,0,0,0,0,6.3612,6.3612,375038.8773,383876.3773,6.3612,,5.89
6413,6413,0,0,1.08,0,0,1.08,0,0,0,0,8.1432,8.1432,375047.0205,383884.5205,8.1432,,7.54
6414,6414,0,0,1.08,0,0,1.08,0,0,0,0,6.1452,6.1452,375053.1657,383890.6657,6.1452,,5.69
6415,6415,0,0,1.07,0,0,1.07,0,0,0,0,3.6487,3.6487,375056.8144,383894.3144,3.6487,,3.41
6416,6416,0,0,1.08,0,0,1.08,0,0,0,0,3.4992,3.4992,375060.3136,383897.8136,3.4992,,3.24
6417,6417,0,0,1.07,0,0,1.07,0,0,0,0,0.1177,0.1177,375060.4313,383897.9313,0.1177,,0.11
6418,6418,0,0,0.0047,-1,-1.0753,1.08,1,0,1,5,0,-5,375055.4313,383897.9313,0,,0
6419,6419,1,33.33,0.2635,-0.75,-0.8065,1.07,1.75,0,0.75,3.75,0,-3.75,375051.6813,383897.9313,0,,0
6420,6420,1.75,58.33,0.0047,-1,-1.0753,1.08,2.75,0,1,5,0,-5,375046.6813,383897.9313,0,,0
6421,6421,2.75,91.67,0.8112,-0.25,-0.2688,1.08,3,0,0.25,1.25,0,-1.25,375045.4313,383897.9313,0,,0
6422,6422,3,100,1.07,0,0,1.07,3,0,0,0,0,0,375045.4313,383897.9313,0,,0
6423,6423,3,100,1.08,0,0,1.08,3,0,0,0,0,0,375045.4313,383897.9313,0,,0
6424,6424,3,100,1.07,0,0,1.07,3,0,0,0,3.4454,3.4454,375048.8767,383901.3767,3.4454,,3.22
6425,6425,3,100,1.07,0,0,1.07,3,0,0,0,8.0678,8.0678,375056.9445,383909.4445,8.0678,,7.54
6426,6426,3,100,1.07,0,0,1.07,3,0,0,0,18.0509,18.0509,375074.9954,383927.4954,18.0509,,16.87
6427,6427,3,100,1.07,0,0,1.07,3,0,0,0,87.1943,87.1943,375162.1897,384014.6897,87.1943,,81.49
6428,6428,3,100,2.97,2,1.9,1.07,1,0,2,10,253.2816,243.2816,375405.4713,384267.9713,91.2496,,85.28
6429,6429,1,33.33,2.02,1,0.95,1.07,0,0,1,5,168.4276,163.4276,375568.8989,384436.3989,89.2166,,83.38
6430,6430,0,0,1.07,0,0,1.07,0,0,0,0,60.8295,60.8295,375629.7284,384497.2284,60.8295,,56.85
6431,6431,0,0,1.07,0,0,1.07,0,0,0,0,22.3844,22.3844,375652.1128,384519.6128,22.3844,,20.92
6432,6432,0,0,1.07,0,0,1.07,0,0,0,0,18.297,18.297,375670.4098,384537.9098,18.297,,17.1
6433,6433,0,0,1.07,0,0,1.07,0,0,0,0,8.1641,8.1641,375678.5739,384546.0739,8.1641,,7.63
6434,6434,0,0,1.08,0,0,1.08,0,0,0,0,14.3748,14.3748,375692.9487,384560.4487,14.3748,,13.31
6435,6435,0,0,1.07,0,0,1.07,0,0,0,0,12.4655,12.4655,375705.4142,384572.9142,12.4655,,11.65
6436,6436,0,0,1.07,0,0,1.07,0,0,0,0,14.2417,14.2417,375719.6559,384587.1559,14.2417,,13.31
6437,6437,0,0,1.08,0,0,1.08,0,0,0,0,18.2412,18.2412,375737.8971,384605.3971,18.2412,,16.89
6438,6438,0,0,1.08,0,0,1.08,0,0,0,0,7.1928,7.1928,375745.0899,384612.5899,7.1928,,6.66
6439,6439,0,0,1.08,0,0,1.08,0,0,0,0,5.1192,5.1192,375750.2091,384617.7091,5.1192,,4.74
6440,6440,0,0,1.17,0,0,1.17,0,0,0,0,5.2767,5.2767,375755.4858,384622.9858,5.2767,,4.51
6441,6441,0,0,0,0,0,0,0,0,0,0,0,0,375755.4858,384622.9858,0,,3.23
6442,6442,0,0,0.0647,-1,-1.0753,1.14,1,0,1,5,0,-5,375750.4858,384622.9858,0,,0
6443,6443,1,33.33,0.0547,-1,-1.0753,1.13,2,0,1,5,0,-5,375745.4858,384622.9858,0,,0
6444,6444,2,66.67,0.0647,-1,-1.0753,1.14,3,0,1,5,0,-5,375740.4858,384622.9858,0,,0
6445,6445,3,100,1.14,0,0,1.14,3,0,0,0,0,0,375740.4858,384622.9858,0,,0
6446,6446,3,100,1.12,0,0,1.12,3,0,0,0,0,0,375740.4858,384622.9858,0,,0
6447,6447,3,100,1.12,0,0,1.12,3,0,0,0,0,0,375740.4858,384622.9858,0,,0
6448,6448,3,100,1.13,0,0,1.13,3,0,0,0,3.6499,3.6499,375744.1357,384626.6357,3.6499,,3.23
6449,6449,3,100,1.07,0,0,1.07,3,0,0,0,6.1097,6.1097,375750.2454,384632.7454,6.1097,,5.71
6450,6450,3,100,1.07,0,0,1.07,3,0,0,0,14.2417,14.2417,375764.4871,384646.9871,14.2417,,13.31
6451,6451,3,100,2.03,1,0.95,1.08,2,0,1,5,80.1444,75.1444,375839.6315,384727.1315,42.6384,,39.48
6452,6452,2,66.67,2.98,2,1.9,1.08,0,0,2,10,192.1206,182.1206,376021.7521,384919.2521,69.6276,,64.47
6453,6453,0,0,1.08,0,0,1.08,0,0,0,0,41.0832,41.0832,376062.8353,384960.3353,41.0832,,38.04
6454,6454,0,0,1.08,0,0,1.08,0,0,0,0,14.3748,14.3748,376077.2101,384974.7101,14.3748,,13.31
6455,6455,0,0,1.08,0,0,1.08,0,0,0,0,6.1668,6.1668,376083.3769,384980.8769,6.1668,,5.71
6456,6456,0,0,1.07,0,0,1.07,0,0,0,0,3.5524,3.5524,376086.9293,384984.4293,3.5524,,3.32
6457,6457,0,0,1.07,0,0,1.07,0,0,0,0,3.4775,3.4775,376090.4068,384987.9068,3.4775,,3.25
6458,6458,0,0,1.07,0,0,1.07,0,0,0,0,3.4561,3.4561,376093.8629,384991.3629,3.4561,,3.23
6459,6459,0,0,1.08,0,0,1.08,0,0,0,0,3.4884,3.4884,376097.3513,384994.8513,3.4884,,3.23
6460,6460,0,0,1.08,0,0,1.08,0,0,0,0,3.4452,3.4452,376100.7965,384998.2965,3.4452,,3.19
6461,6461,0,0,1.09,0,0,1.09,0,0,0,0,3.5207,3.5207,376104.3172,385001.8172,3.5207,,3.23
6462,6462,0,0,0.1912,-0.25,-0.2688,0.46,0.25,0,0.25,1.25,0,-1.25,376103.0672,385001.8172,0,,0
6463,6463,0.25,8.33,0.0547,-1,-1.0753,1.13,1.25,0,1,5,0,-5,376098.0672,385001.8172,0,,0
6464,6464,1.25,41.67,0.0547,-1,-1.0753,1.13,2.25,0,1,5,0,-5,376093.0672,385001.8172,0,,0
6465,6465,2.25,75,0.3235,-0.75,-0.8065,1.13,3,0,0.75,3.75,0,-3.75,376089.3172,385001.8172,0,,0
6466,6466,3,100,1.11,0,0,1.11,3,0,0,0,0,0,376089.3172,385001.8172,0,,0
6467,6467,3,100,1.07,0,0,1.07,3,0,0,0,0,0,376089.3172,385001.8172,0,,0
6468,6468,3,100,1.05,0,0,1.05,3,0,0,0,0,0,376089.3172,385001.8172,0,,0
6469,6469,3,100,1.06,0,0,1.06,3,0,0,0,0,0,376089.3172,385001.8172,0,,0
6470,6470,3,100,0.97,0,0,0.97,3,0,0,0,0,0,376089.3172,385001.8172,0,,0
6471,6471,3,100,0.98,0,0,0.98,3,0,0,0,0,0,376089.3172,385001.8172,0,,0
6472,6472,3,100,0.98,0,0,0.98,3,0,0,0,0,0,376089.3172,385001.8172,0,,0
6473,6473,3,100,0.98,0,0,0.98,3,0,0,0,2.9988,2.9988,376092.316,385004.816,2.9988,,3.06
6474,6474,3,100,0.98,0,0,0.98,3,0,0,0,3.2536,3.2536,376095.5696,385008.0696,3.2536,,3.32
6475,6475,3,100,0.98,0,0,0.98,3,0,0,0,4.3708,4.3708,376099.9404,385012.4404,4.3708,,4.46
6476,6476,3,100,0.97,0,0,0.97,3,0,0,0,4.6075,4.6075,376104.5479,385017.0479,4.6075,,4.75
6477,6477,3,100,0.97,0,0,0.97,3,0,0,0,3.686,3.686,376108.2339,385020.7339,3.686,,3.8
6478,6478,3,100,0.97,0,0,0.97,3,0,0,0,3.2204,3.2204,376111.4543,385023.9543,3.2204,,3.32
6479,6479,3,100,0.98,0,0,0.98,3,0,0,0,3.1654,3.1654,376114.6197,385027.1197,3.1654,,3.23
6480,6480,3,100,0.97,0,0,0.97,3,0,0,0,3.2301,3.2301,376117.8498,385030.3498,3.2301,,3.33
6481,6481,3,100,0.97,0,0,0.97,3,0,0,0,3.1525,3.1525,376121.0023,385033.5023,3.1525,,3.25
6482,6482,3,100,0.97,0,0,0.97,3,0,0,0,3.1525,3.1525,376124.1548,385036.6548,3.1525,,3.25
6483,6483,3,100,0.97,0,0,0.97,3,0,0,0,3.1525,3.1525,376127.3073,385039.8073,3.1525,,3.25
6484,6484,3,100,0.98,0,0,0.98,3,0,0,0,3.1654,3.1654,376130.4727,385042.9727,3.1654,,3.23
6485,6485,3,100,0.98,0,0,0.98,3,0,0,0,3.185,3.185,376133.6577,385046.1577,3.185,,3.25
6486,6486,3,100,0.98,0,0,0.98,3,0,0,0,3.136,3.136,376136.7937,385049.2937,3.136,,3.2
6487,6487,3,100,0.98,0,0,0.98,3,0,0,0,1.8522,1.8522,376138.6459,385051.1459,1.8522,,1.89
6488,6488,3,100,0.98,0,0,0.98,3,0,0,0,2.7832,2.7832,376141.4291,385053.9291,2.7832,,2.84
6489,6489,3,100,0.82,0,0,0.82,3,0,0,0,2.3288,2.3288,376143.7579,385056.2579,2.3288,,2.84
6490,6490,3,100,0.76,0,0,0.76,3,0,0,0,0,0,376143.7579,385056.2579,0,,0
6491,6491,3,100,0.76,0,0,0.76,3,0,0,0,0,0,376143.7579,385056.2579,0,,0
6492,6492,3,100,0.75,0,0,0.75,3,0,0,0,0,0,376143.7579,385056.2579,0,,0
6493,6493,3,100,0.66,0,0,0.66,3,0,0,0,0,0,376143.7579,385056.2579,0,,0
6494,6494,3,100,0.66,0,0,0.66,3,0,0,0,0,0,376143.7579,385056.2579,0,,0
6495,6495,3,100,0.65,0,0,0.65,3,0,0,0,0,0,376143.7579,385056.2579,0,,0
6496,6496,3,100,0.66,0,0,0.66,3,0,0,0,1.8678,1.8678,376145.6257,385058.1257,1.8678,,2.83
6497,6497,3,100,0.68,0,0,0.68,3,0,0,0,2.21,2.21,376147.8357,385060.3357,2.21,,3.25
6498,6498,3,100,0.68,0,0,0.68,3,0,0,0,2.4548,2.4548,376150.2905,385062.7905,2.4548,,3.61
6499,6499,3,100,0.68,0,0,0.68,3,0,0,0,3.8828,3.8828,376154.1733,385066.6733,3.8828,,5.71
6500,6500,3,100,3,2.5,2.375,0.67,0.5,0.045,2.5,12.5,42.24,29.74,376183.9133,385108.9133,9.4336,,14.08
6501,6501,0.5,16.67,0.68,0,0,0.68,0.5,0,0,0,6.4668,6.4668,376190.3801,385115.3801,6.4668,,9.51
6502,6502,0.5,16.67,0.68,0,0,0.68,0.5,0,0,0,3.1076,3.1076,376193.4877,385118.4877,3.1076,,4.57
6503,6503,0.5,16.67,0.68,0,0,0.68,0.5,0,0,0,2.2644,2.2644,376195.7521,385120.7521,2.2644,,3.33
6504,6504,0.5,16.67,0.67,0,0,0.67,0.5,0,0,0,2.2311,2.2311,376197.9832,385122.9832,2.2311,,3.33
6505,6505,0.5,16.67,0.67,0,0,0.67,0.5,0,0,0,2.1775,2.1775,376200.1607,385125.1607,2.1775,,3.25
6506,6506,0.5,16.67,0.76,0,0,0.76,0.5,0,0,0,2.4548,2.4548,376202.6155,385127.6155,2.4548,,3.23
6507,6507,0.5,16.67,0.87,0,0,0.87,0.5,0,0,0,2.8101,2.8101,376205.4256,385130.4256,2.8101,,3.23
6508,6508,0.5,16.67,0.87,0,0,0.87,0.5,0,0,0,2.8101,2.8101,376208.2357,385133.2357,2.8101,,3.23
6509,6509,0.5,16.67,0.87,0,0,0.87,0.5,0,0,0,2.8101,2.8101,376211.0458,385136.0458,2.8101,,3.23
6510,6510,0.5,16.67,0.88,0,0,0.88,0.5,0,0,0,2.3408,2.3408,376213.3866,385138.3866,2.3408,,2.66
6511,6511,0.5,16.67,0.0735,-0.75,-0.8065,0.88,1.25,0,0.75,3.75,0,-3.75,376209.6366,385138.3866,0,,0
6512,6512,1.25,41.67,0.0735,-0.75,-0.8065,0.88,2,0,0.75,3.75,0,-3.75,376205.8866,385138.3866,0,,0
6513,6513,2,66.67,0.0635,-0.75,-0.8065,0.87,2.75,0,0.75,3.75,0,-3.75,376202.1366,385138.3866,0,,0
6514,6514,2.75,91.67,0.5812,-0.25,-0.2688,0.85,3,0,0.25,1.25,0,-1.25,376200.8866,385138.3866,0,,0
6515,6515,3,100,0.85,0,0,0.85,3,0,0,0,0,0,376200.8866,385138.3866,0,,0
6516,6516,3,100,0.95,0,0,0.95,3,0,0,0,0,0,376200.8866,385138.3866,0,,0
6517,6517,3,100,0.95,0,0,0.95,3,0,0,0,0,0,376200.8866,385138.3866,0,,0
6518,6518,3,100,1.05,0,0,1.05,3,0,0,0,0,0,376200.8866,385138.3866,0,,0
6519,6519,3,100,1.05,0,0,1.05,3,0,0,0,0,0,376200.8866,385138.3866,0,,0
6520,6520,3,100,1.08,0,0,1.08,3,0,0,0,0.1188,0.1188,376201.0054,385138.5054,0.1188,,0.11
6521,6521,3,100,1.07,0,0,1.07,3,0,0,0,3.4561,3.4561,376204.4615,385141.9615,3.4561,,3.23
6522,6522,3,100,0.99,0,0,0.99,3,0,0,0,3.1977,3.1977,376207.6592,385145.1592,3.1977,,3.23
6523,6523,3,100,1.12,0,0,1.12,3,0,0,0,3.7296,3.7296,376211.3888,385148.8888,3.7296,,3.33
6524,6524,3,100,1.12,0,0,1.12,3,0,0,0,4.256,4.256,376215.6448,385153.1448,4.256,,3.8
6525,6525,3,100,1.17,0,0,1.17,3,0,0,0,3.8961,3.8961,376219.5409,385157.0409,3.8961,,3.33
6526,6526,3,100,1.17,0,0,1.17,3,0,0,0,3.8025,3.8025,376223.3434,385160.8434,3.8025,,3.25
6527,6527,3,100,1.17,0,0,1.17,3,0,0,0,3.7791,3.7791,376227.1225,385164.6225,3.7791,,3.23
6528,6528,3,100,1.17,0,0,1.17,3,0,0,0,3.3111,3.3111,376230.4336,385167.9336,3.3111,,2.83
6529,6529,3,100,1.16,0,0,1.16,3,0,0,0,3.2828,3.2828,376233.7164,385171.2164,3.2828,,2.83
6530,6530,3,100,1.16,0,0,1.16,3,0,0,0,3.2828,3.2828,376236.9992,385174.4992,3.2828,,2.83
6531,6531,3,100,1.16,0,0,1.16,3,0,0,0,3.2828,3.2828,376240.282,385177.782,3.2828,,2.83
6532,6532,3,100,1.17,0,0,1.17,3,0,0,0,3.1122,3.1122,376243.3942,385180.8942,3.1122,,2.66
6533,6533,3,100,1.18,0,0,1.18,3,0,0,0,3.1388,3.1388,376246.533,385184.033,3.1388,,2.66
6534,6534,3,100,1.18,0,0,1.18,3,0,0,0,2.9854,2.9854,376249.5184,385187.0184,2.9854,,2.53
6535,6535,3,100,1.18,0,0,1.18,3,0,0,0,3.3394,3.3394,376252.8578,385190.3578,3.3394,,2.83
6536,6536,3,100,1.18,0,0,1.18,3,0,0,0,4.2598,4.2598,376257.1176,385194.6176,4.2598,,3.61
6537,6537,3,100,1.21,0,0,1.21,3,0,0,0,4.598,4.598,376261.7156,385199.2156,4.598,,3.8
6538,6538,3,100,1.2,0,0,1.2,3,0,0,0,4.56,4.56,376266.2756,385203.7756,4.56,,3.8
6539,6539,3,100,0.8,0,0,0.8,3,0,0,0,3.04,3.04,376269.3156,385206.8156,3.04,,3.8
6540,6540,3,100,0.3,0,0,0.3,3,0,0,0,1.011,1.011,376270.3266,385207.8266,1.011,,3.37
6541,6541,3,100,1.19,0,0,1.19,3,0,0,0,4.522,4.522,376274.8486,385212.3486,4.522,,3.8
6542,6542,3,100,0.4,0,0,0.4,3,0,0,0,1.788,1.788,376276.6366,385214.1366,1.788,,4.47
6543,6543,3,100,1.2,0,0,1.2,3,0,0,0,5.268,5.268,376281.9046,385219.4046,5.268,,4.39
6544,6544,3,100,1.22,0,0,1.22,3,0,0,0,10.5774,10.5774,376292.482,385229.982,10.5774,,8.67
6545,6545,3,100,1.22,0,0,1.22,3,0,0,0,34.465,34.465,376326.947,385264.447,34.465,,28.25
6546,6546,3,100,1.23,0,0,1.23,3,0,0,0,46.7892,46.7892,376373.7362,385311.2362,46.7892,,38.04
6547,6547,3,100,1.23,0,0,1.23,3,0,0,0,95.9277,95.9277,376469.6639,385407.1639,95.9277,,77.99
6548,6548,3,100,2.3975,1.25,1.1875,1.21,1.75,0,1.25,6.25,205.226,198.976,376668.6399,385612.3899,103.576,,85.6
6549,6549,1.75,58.33,2.8825,1.75,1.6625,1.22,0,0,1.75,8.75,246.742,237.992,376906.6319,385859.1319,104.432,,85.6
6550,6550,0,0,1.22,0,0,1.22,0,0,0,0,91.5488,91.5488,376998.1807,385950.6807,91.5488,,75.04
6551,6551,0,0,1.22,0,0,1.22,0,0,0,0,38.2836,38.2836,377036.4643,385988.9643,38.2836,,31.38
6552,6552,0,0,1.21,0,0,1.21,0,0,0,0,16.1051,16.1051,377052.5694,386005.0694,16.1051,,13.31
6553,6553,0,0,1.12,0,0,1.12,0,0,0,0,14.9072,14.9072,377067.4766,386019.9766,14.9072,,13.31
6554,6554,0,0,1.12,0,0,1.12,0,0,0,0,14.9072,14.9072,377082.3838,386034.8838,14.9072,,13.31
6555,6555,0,0,1.12,0,0,1.12,0,0,0,0,9.7104,9.7104,377092.0942,386044.5942,9.7104,,8.67
6556,6556,0,0,0.0547,-1,-1.0753,1.13,1,0,1,5,0.4685,-4.5315,377087.5627,386045.0627,9.6728,,8.56
6557,6557,1,33.33,1.13,0,0,1.13,1,0,0,0,12.5543,12.5543,377100.117,386057.617,12.5543,,11.11
6558,6558,1,33.33,0.0547,-1,-1.0753,1.13,2,0,1,5,0.3853,-4.6147,377095.5023,386058.0023,7.9552,,7.04
6559,6559,2,66.67,0.0547,-1,-1.0753,1.13,3,0,1,5,0.324,-4.676,377090.8263,386058.3263,6.6896,,5.92
6560,6560,3,100,2.08,1,0.95,1.13,2,0,1,5,47.4864,42.4864,377133.3127,386105.8127,25.7979,,22.83
6561,6561,2,66.67,3,2,1.9,1.11,0,0.01,2,10,84.75,74.75,377208.0627,386190.5627,31.3575,,28.25
6562,6562,0,0,1.1,0,0,1.1,0,0,0,0,16.742,16.742,377224.8047,386207.3047,16.742,,15.22
6563,6563,0,0,1.1,0,0,1.1,0,0,0,0,10.461,10.461,377235.2657,386217.7657,10.461,,9.51
6564,6564,0,0,0.0147,-1,-1.0753,1.09,1,0,1,5,0.0645,-4.9355,377230.3302,386217.8302,4.7742,,4.38
6565,6565,1,33.33,0.0247,-1,-1.0753,1.1,2,0,1,5,0.1185,-4.8815,377225.4487,386217.9487,5.269,,4.79
6566,6566,2,66.67,0.0347,-1,-1.0753,1.11,3,0,1,5,0.2056,-4.7944,377220.6543,386218.1543,6.5712,,5.92
6567,6567,3,100,1.12,0,0,1.12,3,0,0,0,7.2688,7.2688,377227.9231,386225.4231,7.2688,,6.49
6568,6568,3,100,1.12,0,0,1.12,3,0,0,0,25.5696,25.5696,377253.4927,386250.9927,25.5696,,22.83
6569,6569,3,100,1.12,0,0,1.12,3,0,0,0,61.7792,61.7792,377315.2719,386312.7719,61.7792,,55.16
6570,6570,3,100,1.13,0,0,1.13,3,0,0,0,74.0602,74.0602,377389.3321,386386.8321,74.0602,,65.54
6571,6571,3,100,2.3175,1.25,1.1875,1.13,1.75,0,1.25,6.25,185.1451,178.8951,377568.2272,386571.9772,90.2757,,79.89
6572,6572,1.75,58.33,2.7925,1.75,1.6625,1.13,0,0,1.75,8.75,233.2017,224.4517,377792.6789,386805.1789,94.3663,,83.51
6573,6573,0,0,1.12,0,0,1.12,0,0,0,0,87.3488,87.3488,377880.0277,386892.5277,87.3488,,77.99
6574,6574,0,0,1.13,0,0,1.13,0,0,0,0,64.4778,64.4778,377944.5055,386957.0055,64.4778,,57.06
6575,6575,0,0,1.13,0,0,1.13,0,0,0,0,32.2389,32.2389,377976.7444,386989.2444,32.2389,,28.53
6576,6576,0,0,1.12,0,0,1.12,0,0,0,0,21.2016,21.2016,377997.946,387010.446,21.2016,,18.93
6577,6577,0,0,1.13,0,0,1.13,0,0,0,0,10.6898,10.6898,378008.6358,387021.1358,10.6898,,9.46
6578,6578,0,0,1.12,0,0,1.12,0,0,0,0,9.6208,9.6208,378018.2566,387030.7566,9.6208,,8.59
6579,6579,0,0,1.12,0,0,1.12,0,0,0,0,7.784,7.784,378026.0406,387038.5406,7.784,,6.95
6580,6580,0,0,1.13,0,0,1.13,0,0,0,0,8.3394,8.3394,378034.38,387046.88,8.3394,,7.38
6581,6581,0,0,1.13,0,0,1.13,0,0,0,0,8.5541,8.5541,378042.9341,387055.4341,8.5541,,7.57
6582,6582,0,0,1.13,0,0,1.13,0,0,0,0,6.4975,6.4975,378049.4316,387061.9316,6.4975,,5.75
6583,6583,0,0,1.13,0,0,1.13,0,0,0,0,4.3844,4.3844,378053.816,387066.316,4.3844,,3.88
6584,6584,0,0,1.13,0,0,1.13,0,0,0,0,4.9155,4.9155,378058.7315,387071.2315,4.9155,,4.35
6585,6585,0,0,1.13,0,0,1.13,0,0,0,0,4.2827,4.2827,378063.0142,387075.5142,4.2827,,3.79
6586,6586,0,0,1.11,0,0,1.11,0,0,0,0,3.5964,3.5964,378066.6106,387079.1106,3.5964,,3.24
6587,6587,0,0,1.1,0,0,1.1,0,0,0,0,3.564,3.564,378070.1746,387082.6746,3.564,,3.24
6588,6588,0,0,0.0247,-1,-1.0753,1.1,1,0,1,5,0,-5,378065.1746,387082.6746,0,,0
6589,6589,1,33.33,0.0347,-1,-1.0753,1.11,2,0,1,5,0,-5,378060.1746,387082.6746,0,,0
6590,6590,2,66.67,1.1,0,0,1.1,2,0,0,0,3.432,3.432,378063.6066,387086.1066,3.432,,3.12
6591,6591,2,66.67,0.0247,-1,-1.0753,1.1,3,0,1,5,0.0697,-4.9303,378058.6763,387086.1763,3.102,,2.82
6592,6592,3,100,0.97,0,0,0.97,3,0,0,0,3.6763,3.6763,378062.3526,387089.8526,3.6763,,3.79
6593,6593,3,100,0.98,0,0,0.98,3,0,0,0,8.232,8.232,378070.5846,387098.0846,8.232,,8.4
6594,6594,3,100,0.97,0,0,0.97,3,0,0,0,23.7747,23.7747,378094.3593,387121.8593,23.7747,,24.51
6595,6595,3,100,0.97,0,0,0.97,3,0,0,0,70.4996,70.4996,378164.8589,387192.3589,70.4996,,72.68
6596,6596,3,100,1.92,1,0.95,0.97,2,0,1,5,156.2688,151.2688,378316.1277,387348.6277,78.9483,,81.39
6597,6597,2,66.67,2.87,2,1.9,0.97,0,0,2,10,233.5893,223.5893,378539.717,387582.217,78.9483,,81.39
6598,6598,0,0,0.87,0,0,0.87,0,0,0,0,53.5137,53.5137,378593.2307,387635.7307,53.5137,,61.51
6599,6599,0,0,0.88,0,0,0.88,0,0,0,0,36.6432,36.6432,378629.8739,387672.3739,36.6432,,41.64
6600,6600,0,0,0.87,0,0,0.87,0,0,0,0,14.5464,14.5464,378644.4203,387686.9203,14.5464,,16.72
6601,6601,0,0,0.87,0,0,0.87,0,0,0,0,7.5168,7.5168,378651.9371,387694.4371,7.5168,,8.64
6602,6602,0,0,0.87,0,0,0.87,0,0,0,0,7.5168,7.5168,378659.4539,387701.9539,7.5168,,8.64
6603,6603,0,0,0.88,0,0,0.88,0,0,0,0,5.588,5.588,378665.0419,387707.5419,5.588,,6.35
6604,6604,0,0,0.88,0,0,0.88,0,0,0,0,5.0512,5.0512,378670.0931,387712.5931,5.0512,,5.74
6605,6605,0,0,0.88,0,0,0.88,0,0,0,0,5.0072,5.0072,378675.1003,387717.6003,5.0072,,5.69
6606,6606,0,0,0.88,0,0,0.88,0,0,0,0,3.4232,3.4232,378678.5235,387721.0235,3.4232,,3.89
6607,6607,0,0,0.89,0,0,0.89,0,0,0,0,3.204,3.204,378681.7275,387724.2275,3.204,,3.6
6608,6608,0,0,0.88,0,0,0.88,0,0,0,0,2.9216,2.9216,378684.6491,387727.1491,2.9216,,3.32
6609,6609,0,0,0.0735,-0.75,-0.8065,0.88,0.75,0,0.75,3.75,0,-3.75,378680.8991,387727.1491,0,,0
6610,6610,0.75,25,0.0735,-0.75,-0.8065,0.88,1.5,0,0.75,3.75,0,-3.75,378677.1491,387727.1491,0,,0
6611,6611,1.5,50,0.2435,-0.75,-0.8065,1.05,2.25,0,0.75,3.75,0,-3.75,378673.3991,387727.1491,0,,0
6612,6612,2.25,75,0.2535,-0.75,-0.8065,1.06,3,0,0.75,3.75,0,-3.75,378669.6491,387727.1491,0,,0
6613,6613,3,100,1.06,0,0,1.06,3,0,0,0,0,0,378669.6491,387727.1491,0,,0
6614,6614,3,100,1.07,0,0,1.07,3,0,0,0,0,0,378669.6491,387727.1491,0,,0
6615,6615,3,100,1.08,0,0,1.08,3,0,0,0,0,0,378669.6491,387727.1491,0,,0
6616,6616,3,100,1.08,0,0,1.08,3,0,0,0,3.4776,3.4776,378673.1267,387730.6267,3.4776,,3.22
6617,6617,3,100,1.09,0,0,1.09,3,0,0,0,6.4092,6.4092,378679.5359,387737.0359,6.4092,,5.88
6618,6618,3,100,1.08,0,0,1.08,3,0,0,0,16.3728,16.3728,378695.9087,387753.4087,16.3728,,15.16
6619,6619,3,100,0.88,0,0,0.88,3,0,0,0,63.3864,63.3864,378759.2951,387816.7951,63.3864,,72.03
6620,6620,3,100,2.79,2,1.9,0.89,1,0,2,10,227.4129,217.4129,378976.708,388044.208,72.5439,,81.51
6621,6621,1,33.33,1.83,1,0.95,0.88,0,0,1,5,136.8657,131.8657,379108.5737,388181.0737,65.8152,,74.79
6622,6622,0,0,0.88,0,0,0.88,0,0,0,0,27.5264,27.5264,379136.1001,388208.6001,27.5264,,31.28
6623,6623,0,0,0.88,0,0,0.88,0,0,0,0,10.0056,10.0056,379146.1057,388218.6057,10.0056,,11.37
6624,6624,0,0,0.77,0,0,0.77,0,0,0,0,11.7502,11.7502,379157.8559,388230.3559,11.7502,,15.26
6625,6625,0,0,0.78,0,0,0.78,0,0,0,0,4.8048,4.8048,379162.6607,388235.1607,4.8048,,6.16
6626,6626,0,0,0.78,0,0,0.78,0,0,0,0,4.8282,4.8282,379167.4889,388239.9889,4.8282,,6.19
6627,6627,0,0,0.79,0,0,0.79,0,0,0,0,5.2061,5.2061,379172.695,388245.195,5.2061,,6.59
6628,6628,0,0,0.79,0,0,0.79,0,0,0,0,5.2061,5.2061,379177.9011,388250.4011,5.2061,,6.59
6629,6629,0,0,0.79,0,0,0.79,0,0,0,0,6.6518,6.6518,379184.5529,388257.0529,6.6518,,8.42
6630,6630,0,0,0.79,0,0,0.79,0,0,0,0,3.1126,3.1126,379187.6655,388260.1655,3.1126,,3.94
6631,6631,0,0,0.79,0,0,0.79,0,0,0,0,2.4885,2.4885,379190.154,388262.654,2.4885,,3.15
6632,6632,0,0,0.79,0,0,0.79,0,0,0,0,0.3002,0.3002,379190.4542,388262.9542,0.3002,,0.38
6633,6633,0,0,0.2424,-0.5,-0.5376,0.78,0.5,0,0.5,2.5,0,-2.5,379187.9542,388262.9542,0,,0
6634,6634,0.5,16.67,0.2424,-0.5,-0.5376,0.78,1,0,0.5,2.5,0,-2.5,379185.4542,388262.9542,0,,0
6635,6635,1,33.33,0.0535,-0.75,-0.8065,0.86,1.75,0,0.75,3.75,0,-3.75,379181.7042,388262.9542,0,,0
6636,6636,1.75,58.33,0.0635,-0.75,-0.8065,0.87,2.5,0,0.75,3.75,0,-3.75,379177.9542,388262.9542,0,,0
6637,6637,2.5,83.33,0.3324,-0.5,-0.5376,0.87,3,0,0.5,2.5,0,-2.5,379175.4542,388262.9542,0,,0
6638,6638,3,100,0.97,0,0,0.97,3,0,0,0,0,0,379175.4542,388262.9542,0,,0
6639,6639,3,100,0.96,0,0,0.96,3,0,0,0,0,0,379175.4542,388262.9542,0,,0
6640,6640,3,100,0.97,0,0,0.97,3,0,0,0,3.0555,3.0555,379178.5097,388266.0097,3.0555,,3.15
6641,6641,3,100,0.99,0,0,0.99,3,0,0,0,4.6629,4.6629,379183.1726,388270.6726,4.6629,,4.71
6642,6642,3,100,0.98,0,0,0.98,3,0,0,0,8.4182,8.4182,379191.5908,388279.0908,8.4182,,8.59
6643,6643,3,100,0.96,0,0,0.96,3,0,0,0,41.5872,41.5872,379233.178,388320.678,41.5872,,43.32
6644,6644,3,100,2.87,2,1.9,0.97,1,0,2,10,162.0976,152.0976,379385.2756,388482.7756,54.7856,,56.48
6645,6645,1,33.33,1.92,1,0.95,0.97,0,0,1,5,92.928,87.928,379473.2036,388575.7036,46.948,,48.4
6646,6646,0,0,0.98,0,0,0.98,0,0,0,0,14.7686,14.7686,379487.9722,388590.4722,14.7686,,15.07
6647,6647,0,0,0.98,0,0,0.98,0,0,0,0,6.468,6.468,379494.4402,388596.9402,6.468,,6.6
6648,6648,0,0,0.97,0,0,0.97,0,0,0,0,14.8507,14.8507,379509.2909,388611.7909,14.8507,,15.31
6649,6649,0,0,0.97,0,0,0.97,0,0,0,0,9.1277,9.1277,379518.4186,388620.9186,9.1277,,9.41
6650,6650,0,0,0.97,0,0,0.97,0,0,0,0,7.2847,7.2847,379525.7033,388628.2033,7.2847,,7.51
6651,6651,0,0,0.98,0,0,0.98,0,0,0,0,5.7134,5.7134,379531.4167,388633.9167,5.7134,,5.83
6652,6652,0,0,0.98,0,0,0.98,0,0,0,0,5.6252,5.6252,379537.0419,388639.5419,5.6252,,5.74
6653,6653,0,0,0.98,0,0,0.98,0,0,0,0,5.9584,5.9584,379543.0003,388645.5003,5.9584,,6.08
6654,6654,0,0,0.99,0,0,0.99,0,0,0,0,3.7224,3.7224,379546.7227,388649.2227,3.7224,,3.76
6655,6655,0,0,0.98,0,0,0.98,0,0,0,0,2.548,2.548,379549.2707,388651.7707,2.548,,2.6
6656,6656,0,0,0.1435,-0.75,-0.8065,0.95,0.75,0,0.75,3.75,0,-3.75,379545.5207,388651.7707,0,,0
6657,6657,0.75,25,0.1535,-0.75,-0.8065,0.96,1.5,0,0.75,3.75,0,-3.75,379541.7707,388651.7707,0,,0
6658,6658,1.5,50,0.1435,-0.75,-0.8065,0.95,2.25,0,0.75,3.75,0,-3.75,379538.0207,388651.7707,0,,0
6659,6659,2.25,75,0.1435,-0.75,-0.8065,0.95,3,0,0.75,3.75,0,-3.75,379534.2707,388651.7707,0,,0
6660,6660,3,100,0.95,0,0,0.95,3,0,0,0,0,0,379534.2707,388651.7707,0,,0
6661,6661,3,100,0.97,0,0,0.97,3,0,0,0,0,0,379534.2707,388651.7707,0,,0
6662,6662,3,100,0.96,0,0,0.96,3,0,0,0,0,0,379534.2707,388651.7707,0,,0
6663,6663,3,100,0.97,0,0,0.97,3,0,0,0,0,0,379534.2707,388651.7707,0,,0
6664,6664,3,100,0.97,0,0,0.97,3,0,0,0,0.1067,0.1067,379534.3774,388651.8774,0.1067,,0.11
6665,6665,3,100,0.98,0,0,0.98,3,0,0,0,3.7828,3.7828,379538.1602,388655.6602,3.7828,,3.86
6666,6666,3,100,0.98,0,0,0.98,3,0,0,0,9.2218,9.2218,379547.382,388664.882,9.2218,,9.41
6667,6667,3,100,0.99,0,0,0.99,3,0,0,0,37.2438,37.2438,379584.6258,388702.1258,37.2438,,37.62
6668,6668,3,100,2.88,2,1.9,0.98,1,0,2,10,222.2496,212.2496,379796.8754,388924.3754,75.6266,,77.17
6669,6669,1,33.33,1.93,1,0.95,0.98,0,0,1,5,134.4052,129.4052,379926.2806,389058.7806,68.2472,,69.64
6670,6670,0,0,0.98,0,0,0.98,0,0,0,0,22.1382,22.1382,379948.4188,389080.9188,22.1382,,22.59
6671,6671,0,0,0.98,0,0,0.98,0,0,0,0,9.2218,9.2218,379957.6406,389090.1406,9.2218,,9.41
6672,6672,0,0,0.97,0,0,0.97,0,0,0,0,6.3923,6.3923,379964.0329,389096.5329,6.3923,,6.59
6673,6673,0,0,0.97,0,0,0.97,0,0,0,0,12.6876,12.6876,379976.7205,389109.2205,12.6876,,13.08
6674,6674,0,0,0.97,0,0,0.97,0,0,0,0,12.7749,12.7749,379989.4954,389121.9954,12.7749,,13.17
6675,6675,0,0,0.98,0,0,0.98,0,0,0,0,12.9066,12.9066,380002.402,389134.902,12.9066,,13.17
6676,6676,0,0,0.98,0,0,0.98,0,0,0,0,12.3578,12.3578,380014.7598,389147.2598,12.3578,,12.61
6677,6677,0,0,0.98,0,0,0.98,0,0,0,0,12.7302,12.7302,380027.49,389159.99,12.7302,,12.99
6678,6678,0,0,0.98,0,0,0.98,0,0,0,0,4.018,4.018,380031.508,389164.008,4.018,,4.1
6679,6679,0,0,0.1735,-0.75,-0.8065,0.98,0.75,0,0.75,3.75,0,-3.75,380027.758,389164.008,0,,0
6680,6680,0.75,25,0.1835,-0.75,-0.8065,0.99,1.5,0,0.75,3.75,0,-3.75,380024.008,389164.008,0,,0
6681,6681,1.5,50,0.1535,-0.75,-0.8065,0.96,2.25,0,0.75,3.75,0,-3.75,380020.258,389164.008,0,,0
6682,6682,2.25,75,0.1535,-0.75,-0.8065,0.96,3,0,0.75,3.75,0,-3.75,380016.508,389164.008,0,,0
6683,6683,3,100,0.97,0,0,0.97,3,0,0,0,0,0,380016.508,389164.008,0,,0
6684,6684,3,100,0.97,0,0,0.97,3,0,0,0,0,0,380016.508,389164.008,0,,0
6685,6685,3,100,0.97,0,0,0.97,3,0,0,0,0,0,380016.508,389164.008,0,,0
6686,6686,3,100,0.97,0,0,0.97,3,0,0,0,0,0,380016.508,389164.008,0,,0
6687,6687,3,100,0.97,0,0,0.97,3,0,0,0,0,0,380016.508,389164.008,0,,0
6688,6688,3,100,0.98,0,0,0.98,3,0,0,0,0,0,380016.508,389164.008,0,,0
6689,6689,3,100,0.98,0,0,0.98,3,0,0,0,0,0,380016.508,389164.008,0,,0
6690,6690,3,100,0.98,0,0,0.98,3,0,0,0,3.6848,3.6848,380020.1928,389167.6928,3.6848,,3.76
6691,6691,3,100,0.99,0,0,0.99,3,0,0,0,12.1077,12.1077,380032.3005,389179.8005,12.1077,,12.23
6692,6692,3,100,1.93,1,0.95,0.98,2,0,1,5,101.6724,96.6724,380128.9729,389281.4729,51.6264,,52.68
6693,6693,2,66.67,2.88,2,1.9,0.98,0,0,2,10,176.1408,166.1408,380295.1137,389457.6137,59.9368,,61.16
6694,6694,0,0,0.98,0,0,0.98,0,0,0,0,15.0038,15.0038,380310.1175,389472.6175,15.0038,,15.31
6695,6695,0,0,0.98,0,0,0.98,0,0,0,0,6.4582,6.4582,380316.5757,389479.0757,6.4582,,6.59
6696,6696,0,0,0.88,0,0,0.88,0,0,0,0,4.1448,4.1448,380320.7205,389483.2205,4.1448,,4.71
6697,6697,0,0,0.87,0,0,0.87,0,0,0,0,3.654,3.654,380324.3745,389486.8745,3.654,,4.2
6698,6698,0,0,0.88,0,0,0.88,0,0,0,0,3.9776,3.9776,380328.3521,389490.8521,3.9776,,4.52
6699,6699,0,0,0.88,0,0,0.88,0,0,0,0,4.972,4.972,380333.3241,389495.8241,4.972,,5.65
6700,6700,0,0,0.88,0,0,0.88,0,0,0,0,4.972,4.972,380338.2961,389500.7961,4.972,,5.65
6701,6701,0,0,0.88,0,0,0.88,0,0,0,0,5.0248,5.0248,380343.3209,389505.8209,5.0248,,5.71
6702,6702,0,0,0.88,0,0,0.88,0,0,0,0,4.136,4.136,380347.4569,389509.9569,4.136,,4.7
6703,6703,0,0,0.88,0,0,0.88,0,0,0,0,3.1504,3.1504,380350.6073,389513.1073,3.1504,,3.58
6704,6704,0,0,0.88,0,0,0.88,0,0,0,0,2.816,2.816,380353.4233,389515.9233,2.816,,3.2
6705,6705,0,0,0.88,0,0,0.88,0,0,0,0,0.0968,0.0968,380353.5201,389516.0201,0.0968,,0.11
6706,6706,0,0,0.0735,-0.75,-0.8065,0.88,0.75,0,0.75,3.75,0,-3.75,380349.7701,389516.0201,0,,0
6707,6707,0.75,25,0.0535,-0.75,-0.8065,0.86,1.5,0,0.75,3.75,0,-3.75,380346.0201,389516.0201,0,,0
6708,6708,1.5,50,0.0635,-0.75,-0.8065,0.87,2.25,0,0.75,3.75,0,-3.75,380342.2701,389516.0201,0,,0
6709,6709,2.25,75,0.0635,-0.75,-0.8065,0.87,3,0,0.75,3.75,0,-3.75,380338.5201,389516.0201,0,,0
6710,6710,3,100,0.86,0,0,0.86,3,0,0,0,0,0,380338.5201,389516.0201,0,,0
6711,6711,3,100,0.88,0,0,0.88,3,0,0,0,0.132,0.132,380338.6521,389516.1521,0.132,,0.15
6712,6712,3,100,0.89,0,0,0.89,3,0,0,0,2.9637,2.9637,380341.6158,389519.1158,2.9637,,3.33
6713,6713,3,100,0.94,0,0,0.94,3,0,0,0,5.3768,5.3768,380346.9926,389524.4926,5.3768,,5.72
6714,6714,3,100,0.87,0,0,0.87,3,0,0,0,19.6446,19.6446,380366.6372,389544.1372,19.6446,,22.58
6715,6715,3,100,0.87,0,0,0.87,3,0,0,0,58.9425,58.9425,380425.5797,389603.0797,58.9425,,67.75
6716,6716,3,100,1.82,1,0.95,0.87,2,0,1,5,147.2744,142.2744,380567.8541,389750.3541,70.4004,,80.92
6717,6717,2,66.67,2.77,2,1.9,0.87,0,0,2,10,224.1484,214.1484,380782.0025,389974.5025,70.4004,,80.92
6718,6718,0,0,0.88,0,0,0.88,0,0,0,0,42.5128,42.5128,380824.5153,390017.0153,42.5128,,48.31
6719,6719,0,0,0.88,0,0,0.88,0,0,0,0,14.3,14.3,380838.8153,390031.3153,14.3,,16.25
6720,6720,0,0,0.87,0,0,0.87,0,0,0,0,19.4706,19.4706,380858.2859,390050.7859,19.4706,,22.38
6721,6721,0,0,0.87,0,0,0.87,0,0,0,0,13.1022,13.1022,380871.3881,390063.8881,13.1022,,15.06
6722,6722,0,0,0.87,0,0,0.87,0,0,0,0,9.5091,9.5091,380880.8972,390073.3972,9.5091,,10.93
6723,6723,0,0,0.88,0,0,0.88,0,0,0,0,5.7992,5.7992,380886.6964,390079.1964,5.7992,,6.59
6724,6724,0,0,0.88,0,0,0.88,0,0,0,0,5.544,5.544,380892.2404,390084.7404,5.544,,6.3
6725,6725,0,0,0.88,0,0,0.88,0,0,0,0,5.7816,5.7816,380898.022,390090.522,5.7816,,6.57
6726,6726,0,0,0.88,0,0,0.88,0,0,0,0,4.2064,4.2064,380902.2284,390094.7284,4.2064,,4.78
6727,6727,0,0,0.88,0,0,0.88,0,0,0,0,2.8336,2.8336,380905.062,390097.562,2.8336,,3.22
6728,6728,0,0,0.88,0,0,0.88,0,0,0,0,2.3144,2.3144,380907.3764,390099.8764,2.3144,,2.63
6729,6729,0,0,0.0535,-0.75,-0.8065,0.86,0.75,0,0.75,3.75,0,-3.75,380903.6264,390099.8764,0,,0
6730,6730,0.75,25,0.0535,-0.75,-0.8065,0.86,1.5,0,0.75,3.75,0,-3.75,380899.8764,390099.8764,0,,0
6731,6731,1.5,50,0.0535,-0.75,-0.8065,0.86,2.25,0,0.75,3.75,0,-3.75,380896.1264,390099.8764,0,,0
6732,6732,2.25,75,0.0635,-0.75,-0.8065,0.87,3,0,0.75,3.75,0,-3.75,380892.3764,390099.8764,0,,0
6733,6733,3,100,0.87,0,0,0.87,3,0,0,0,0,0,380892.3764,390099.8764,0,,0
6734,6734,3,100,0.87,0,0,0.87,3,0,0,0,0,0,380892.3764,390099.8764,0,,0
6735,6735,3,100,0.87,0,0,0.87,3,0,0,0,0,0,380892.3764,390099.8764,0,,0
6736,6736,3,100,0.88,0,0,0.88,3,0,0,0,2.3144,2.3144,380894.6908,390102.1908,2.3144,,2.63
6737,6737,3,100,0.89,0,0,0.89,3,0,0,0,3.3464,3.3464,380898.0372,390105.5372,3.3464,,3.76
6738,6738,3,100,0.88,0,0,0.88,3,0,0,0,5.0336,5.0336,380903.0708,390110.5708,5.0336,,5.72
6739,6739,3,100,0.89,0,0,0.89,3,0,0,0,13.4034,13.4034,380916.4742,390123.9742,13.4034,,15.06
6740,6740,3,100,3,2.25,2.1375,0.89,0.75,0.0275,2.25,11.25,203.25,192,381108.4742,390327.2242,60.2975,,67.75
6741,6741,0.75,25,1.5925,0.75,0.7125,0.88,0,0,0.75,3.75,77.0292,73.2792,381181.7534,390404.2534,42.5656,,48.37
6742,6742,0,0,0.89,0,0,0.89,0,0,0,0,10.0481,10.0481,381191.8015,390414.3015,10.0481,,11.29
6743,6743,0,0,0.88,0,0,0.88,0,0,0,0,5.1304,5.1304,381196.9319,390419.4319,5.1304,,5.83
6744,6744,0,0,0.87,0,0,0.87,0,0,0,0,3.2625,3.2625,381200.1944,390422.6944,3.2625,,3.75
6745,6745,0,0,0.88,0,0,0.88,0,0,0,0,3.1328,3.1328,381203.3272,390425.8272,3.1328,,3.56
6746,6746,0,0,0.88,0,0,0.88,0,0,0,0,3.2824,3.2824,381206.6096,390429.1096,3.2824,,3.73
6747,6747,0,0,0.87,0,0,0.87,0,0,0,0,3.0972,3.0972,381209.7068,390432.2068,3.0972,,3.56
6748,6748,0,0,0.88,0,0,0.88,0,0,0,0,3.1328,3.1328,381212.8396,390435.3396,3.1328,,3.56
6749,6749,0,0,0.88,0,0,0.88,0,0,0,0,3.2824,3.2824,381216.122,390438.622,3.2824,,3.73
6750,6750,0,0,0.89,0,0,0.89,0,0,0,0,2.8569,2.8569,381218.9789,390441.4789,2.8569,,3.21
6751,6751,0,0,0.89,0,0,0.89,0,0,0,0,2.5009,2.5009,381221.4798,390443.9798,2.5009,,2.81
6752,6752,0,0,0.88,0,0,0.88,0,0,0,0,0.8272,0.8272,381222.307,390444.807,0.8272,,0.94
6753,6753,0,0,0.0535,-0.75,-0.8065,0.86,0.75,0,0.75,3.75,0,-3.75,381218.557,390444.807,0,,0
6754,6754,0.75,25,0.1535,-0.75,-0.8065,0.96,1.5,0,0.75,3.75,0,-3.75,381214.807,390444.807,0,,0
6755,6755,1.5,50,0.1435,-0.75,-0.8065,0.95,2.25,0,0.75,3.75,0,-3.75,381211.057,390444.807,0,,0
6756,6756,2.25,75,0.1535,-0.75,-0.8065,0.96,3,0,0.75,3.75,0,-3.75,381207.307,390444.807,0,,0
6757,6757,3,100,0.97,0,0,0.97,3,0,0,0,0,0,381207.307,390444.807,0,,0
6758,6758,3,100,1.06,0,0,1.06,3,0,0,0,0,0,381207.307,390444.807,0,,0
6759,6759,3,100,1.07,0,0,1.07,3,0,0,0,0,0,381207.307,390444.807,0,,0
6760,6760,3,100,1.07,0,0,1.07,3,0,0,0,3.4347,3.4347,381210.7417,390448.2417,3.4347,,3.21
6761,6761,3,100,1.08,0,0,1.08,3,0,0,0,6.156,6.156,381216.8977,390454.3977,6.156,,5.7
6762,6762,3,100,1.08,0,0,1.08,3,0,0,0,14.7852,14.7852,381231.6829,390469.1829,14.7852,,13.69
6763,6763,3,100,1.08,0,0,1.08,3,0,0,0,83.0628,83.0628,381314.7457,390552.2457,83.0628,,76.91
6764,6764,3,100,2.98,2,1.9,1.08,1,0,2,10,251.0054,241.0054,381555.7511,390803.2511,90.9684,,84.23
6765,6765,1,33.33,2.04,1,0.95,1.09,0,0,1,5,164.5464,159.5464,381715.2975,390967.7975,87.9194,,80.66
6766,6766,0,0,1.09,0,0,1.09,0,0,0,0,44.9843,44.9843,381760.2818,391012.7818,44.9843,,41.27
6767,6767,0,0,1.08,0,0,1.08,0,0,0,0,24.3108,24.3108,381784.5926,391037.0926,24.3108,,22.51
6768,6768,0,0,1.08,0,0,1.08,0,0,0,0,6.1668,6.1668,381790.7594,391043.2594,6.1668,,5.71
6769,6769,0,0,1.07,0,0,1.07,0,0,0,0,5.1467,5.1467,381795.9061,391048.4061,5.1467,,4.81
6770,6770,0,0,1.08,0,0,1.08,0,0,0,0,5.1948,5.1948,381801.1009,391053.6009,5.1948,,4.81
6771,6771,0,0,1.07,0,0,1.07,0,0,0,0,4.8471,4.8471,381805.948,391058.448,4.8471,,4.53
6772,6772,0,0,1.07,0,0,1.07,0,0,0,0,4.601,4.601,381810.549,391063.049,4.601,,4.3
6773,6773,0,0,1.07,0,0,1.07,0,0,0,0,5.029,5.029,381815.578,391068.078,5.029,,4.7
6774,6774,0,0,1.07,0,0,1.07,0,0,0,0,3.8199,3.8199,381819.3979,391071.8979,3.8199,,3.57
6775,6775,0,0,1.07,0,0,1.07,0,0,0,0,3.4347,3.4347,381822.8326,391075.3326,3.4347,,3.21
6776,6776,0,0,1.08,0,0,1.08,0,0,0,0,3.4668,3.4668,381826.2994,391078.7994,3.4668,,3.21
6777,6777,0,0,1.07,0,0,1.07,0,0,0,0,0.1177,0.1177,381826.4171,391078.9171,0.1177,,0.11
6778,6778,0,0,0.2635,-0.75,-0.8065,1.07,0.75,0,0.75,3.75,0,-3.75,381822.6671,391078.9171,0,,0
6779,6779,0.75,25,0.2635,-0.75,-0.8065,1.07,1.5,0,0.75,3.75,0,-3.75,381818.9171,391078.9171,0,,0
6780,6780,1.5,50,0.2635,-0.75,-0.8065,1.07,2.25,0,0.75,3.75,0,-3.75,381815.1671,391078.9171,0,,0
6781,6781,2.25,75,0.2635,-0.75,-0.8065,1.07,3,0,0.75,3.75,0,-3.75,381811.4171,391078.9171,0,,0
6782,6782,3,100,1.07,0,0,1.07,3,0,0,0,0.2033,0.2033,381811.6204,391079.1204,0.2033,,0.19
6783,6783,3,100,1.07,0,0,1.07,3,0,0,0,3.4133,3.4133,381815.0337,391082.5337,3.4133,,3.19
6784,6784,3,100,1.07,0,0,1.07,3,0,0,0,4.4191,4.4191,381819.4528,391086.9528,4.4191,,4.13
6785,6785,3,100,1.08,0,0,1.08,3,0,0,0,14.1048,14.1048,381833.5576,391101.0576,14.1048,,13.06
6786,6786,3,100,1.08,0,0,1.08,3,0,0,0,30.4344,30.4344,381863.992,391131.492,30.4344,,28.18
6787,6787,3,100,1.08,0,0,1.08,3,0,0,0,67.4676,67.4676,381931.4596,391198.9596,67.4676,,62.47
6788,6788,3,100,1.93,1,0.95,0.98,2,0,1,5,155.9247,150.9247,382082.3843,391354.8843,79.1742,,80.79
6789,6789,2,66.67,2.88,2,1.9,0.98,0,0,2,10,232.6752,222.6752,382305.0595,391587.5595,79.1742,,80.79
6790,6790,0,0,0.98,0,0,0.98,0,0,0,0,68.11,68.11,382373.1695,391655.6695,68.11,,69.5
6791,6791,0,0,0.99,0,0,0.99,0,0,0,0,47.7477,47.7477,382420.9172,391703.4172,47.7477,,48.23
6792,6792,0,0,0.98,0,0,0.98,0,0,0,0,16.611,16.611,382437.5282,391720.0282,16.611,,16.95
6793,6793,0,0,0.98,0,0,0.98,0,0,0,0,6.4582,6.4582,382443.9864,391726.4864,6.4582,,6.59
6794,6794,0,0,0.97,0,0,0.97,0,0,0,0,9.1374,9.1374,382453.1238,391735.6238,9.1374,,9.42
6795,6795,0,0,0.98,0,0,0.98,0,0,0,0,9.2316,9.2316,382462.3554,391744.8554,9.2316,,9.42
6796,6796,0,0,0.98,0,0,0.98,0,0,0,0,9.212,9.212,382471.5674,391754.0674,9.212,,9.4
6797,6797,0,0,0.98,0,0,0.98,0,0,0,0,9.4864,9.4864,382481.0538,391763.5538,9.4864,,9.68
6798,6798,0,0,0.98,0,0,0.98,0,0,0,0,5.635,5.635,382486.6888,391769.1888,5.635,,5.75
6799,6799,0,0,0.97,0,0,0.97,0,0,0,0,5.6648,5.6648,382492.3536,391774.8536,5.6648,,5.84
6800,6800,0,0,0.96,0,0,0.96,0,0,0,0,5.9712,5.9712,382498.3248,391780.8248,5.9712,,6.22
6801,6801,0,0,0.96,0,0,0.96,0,0,0,0,4.5216,4.5216,382502.8464,391785.3464,4.5216,,4.71
6802,6802,0,0,0.97,0,0,0.97,0,0,0,0,3.201,3.201,382506.0474,391788.5474,3.201,,3.3
6803,6803,0,0,0.1635,-0.75,-0.8065,0.97,0.75,0,0.75,3.75,0.5234,-3.2266,382502.8208,391789.0708,3.104,,3.2
6804,6804,0.75,25,0.1635,-0.75,-0.8065,0.97,1.5,0,0.75,3.75,0,-3.75,382499.0708,391789.0708,0,,0
6805,6805,1.5,50,0.1635,-0.75,-0.8065,0.97,2.25,0,0.75,3.75,0,-3.75,382495.3208,391789.0708,0,,0
6806,6806,2.25,75,0.1735,-0.75,-0.8065,0.98,3,0,0.75,3.75,0.3228,-3.4272,382491.8936,391789.3936,1.8228,,1.86
6807,6807,3,100,0.98,0,0,0.98,3,0,0,0,3.1556,3.1556,382495.0492,391792.5492,3.1556,,3.22
6808,6808,3,100,0.98,0,0,0.98,3,0,0,0,4.6158,4.6158,382499.665,391797.165,4.6158,,4.71
6809,6809,3,100,0.98,0,0,0.98,3,0,0,0,16.7972,16.7972,382516.4622,391813.9622,16.7972,,17.14
6810,6810,3,100,0.98,0,0,0.98,3,0,0,0,22.1578,22.1578,382538.62,391836.12,22.1578,,22.61
6811,6811,3,100,0.98,0,0,0.98,3,0,0,0,72.9022,72.9022,382611.5222,391909.0222,72.9022,,74.39
6812,6812,3,100,2.88,2,1.9,0.98,1,0,2,10,244.1376,234.1376,382845.6598,392153.1598,83.0746,,84.77
6813,6813,1,33.33,1.93,1,0.95,0.98,0,0,1,5,159.2443,154.2443,382999.9041,392312.4041,80.8598,,82.51
6814,6814,0,0,0.98,0,0,0.98,0,0,0,0,76.4302,76.4302,383076.3343,392388.8343,76.4302,,77.99
6815,6815,0,0,0.98,0,0,0.98,0,0,0,0,34.153,34.153,383110.4873,392422.9873,34.153,,34.85
6816,6816,0,0,0.98,0,0,0.98,0,0,0,0,18.4534,18.4534,383128.9407,392441.4407,18.4534,,18.83
6817,6817,0,0,0.98,0,0,0.98,0,0,0,0,16.5914,16.5914,383145.5321,392458.0321,16.5914,,16.93
6818,6818,0,0,0.97,0,0,0.97,0,0,0,0,10.8349,10.8349,383156.367,392468.867,10.8349,,11.17
6819,6819,0,0,0.98,0,0,0.98,0,0,0,0,9.2316,9.2316,383165.5986,392478.0986,9.2316,,9.42
6820,6820,0,0,0.98,0,0,0.98,0,0,0,0,6.4582,6.4582,383172.0568,392484.5568,6.4582,,6.59
6821,6821,0,0,0.98,0,0,0.98,0,0,0,0,6.0564,6.0564,383178.1132,392490.6132,6.0564,,6.18
6822,6822,0,0,0.98,0,0,0.98,0,0,0,0,3.6946,3.6946,383181.8078,392494.3078,3.6946,,3.77
6823,6823,0,0,0.98,0,0,0.98,0,0,0,0,1.8424,1.8424,383183.6502,392496.1502,1.8424,,1.88
6824,6824,0,0,0.1835,-0.75,-0.8065,0.99,0.75,0,0.75,3.75,0,-3.75,383179.9002,392496.1502,0,,0
6825,6825,0.75,25,0.1735,-0.75,-0.8065,0.98,1.5,0,0.75,3.75,0,-3.75,383176.1502,392496.1502,0,,0
6826,6826,1.5,50,0.1635,-0.75,-0.8065,0.97,2.25,0,0.75,3.75,0,-3.75,383172.4002,392496.1502,0,,0
6827,6827,2.25,75,0.1635,-0.75,-0.8065,0.97,3,0,0.75,3.75,0,-3.75,383168.6502,392496.1502,0,,0
6828,6828,3,100,0.97,0,0,0.97,3,0,0,0,0,0,383168.6502,392496.1502,0,,0
6829,6829,3,100,0.97,0,0,0.97,3,0,0,0,0,0,383168.6502,392496.1502,0,,0
6830,6830,3,100,0.99,0,0,0.99,3,0,0,0,0,0,383168.6502,392496.1502,0,,0
6831,6831,3,100,0.98,0,0,0.98,3,0,0,0,0,0,383168.6502,392496.1502,0,,0
6832,6832,3,100,0.99,0,0,0.99,3,0,0,0,0,0,383168.6502,392496.1502,0,,0
6833,6833,3,100,0.99,0,0,0.99,3,0,0,0,3.3561,3.3561,383172.0063,392499.5063,3.3561,,3.39
6834,6834,3,100,0.99,0,0,0.99,3,0,0,0,5.6529,5.6529,383177.6592,392505.1592,5.6529,,5.71
6835,6835,3,100,0.98,0,0,0.98,3,0,0,0,27.685,27.685,383205.3442,392532.8442,27.685,,28.25
6836,6836,3,100,2.89,2,1.9,0.99,1,0,2,10,175.2496,165.2496,383370.5938,392708.0938,60.0336,,60.64
6837,6837,1,33.33,1.94,1,0.95,0.99,0,0,1,5,63.0306,58.0306,383428.6244,392771.1244,32.1651,,32.49
6838,6838,0,0,0.99,0,0,0.99,0,0,0,0,7.0092,7.0092,383435.6336,392778.1336,7.0092,,7.08
6839,6839,0,0,0.98,0,0,0.98,0,0,0,0,5.4586,5.4586,383441.0922,392783.5922,5.4586,,5.57
6840,6840,0,0,0.97,0,0,0.97,0,0,0,0,3.2107,3.2107,383444.3029,392786.8029,3.2107,,3.31
6841,6841,0,0,0.97,0,0,0.97,0,0,0,0,3.2107,3.2107,383447.5136,392790.0136,3.2107,,3.31
6842,6842,0,0,0.97,0,0,0.97,0,0,0,0,3.1428,3.1428,383450.6564,392793.1564,3.1428,,3.24
6843,6843,0,0,0.98,0,0,0.98,0,0,0,0,3.1556,3.1556,383453.812,392796.312,3.1556,,3.22
6844,6844,0,0,0.98,0,0,0.98,0,0,0,0,3.1556,3.1556,383456.9676,392799.4676,3.1556,,3.22
6845,6845,0,0,0.98,0,0,0.98,0,0,0,0,3.1556,3.1556,383460.1232,392802.6232,3.1556,,3.22
6846,6846,0,0,0.1735,-0.75,-0.8065,0.98,0.75,0,0.75,3.75,0,-3.75,383456.3732,392802.6232,0,,0
6847,6847,0.75,25,0.1735,-0.75,-0.8065,0.98,1.5,0,0.75,3.75,0,-3.75,383452.6232,392802.6232,0,,0
6848,6848,1.5,50,0.1735,-0.75,-0.8065,0.98,2.25,0,0.75,3.75,0,-3.75,383448.8732,392802.6232,0,,0
6849,6849,2.25,75,0.1735,-0.75,-0.8065,0.98,3,0,0.75,3.75,0,-3.75,383445.1232,392802.6232,0,,0
6850,6850,3,100,0.97,0,0,0.97,3,0,0,0,0,0,383445.1232,392802.6232,0,,0
6851,6851,3,100,0.96,0,0,0.96,3,0,0,0,0,0,383445.1232,392802.6232,0,,0
6852,6852,3,100,0.97,0,0,0.97,3,0,0,0,0,0,383445.1232,392802.6232,0,,0
6853,6853,3,100,0.97,0,0,0.97,3,0,0,0,0,0,383445.1232,392802.6232,0,,0
6854,6854,3,100,0.96,0,0,0.96,3,0,0,0,0,0,383445.1232,392802.6232,0,,0
6855,6855,3,100,0.96,0,0,0.96,3,0,0,0,0,0,383445.1232,392802.6232,0,,0
6856,6856,3,100,0.97,0,0,0.97,3,0,0,0,0,0,383445.1232,392802.6232,0,,0
6857,6857,3,100,0.98,0,0,0.98,3,0,0,0,0,0,383445.1232,392802.6232,0,,0
6858,6858,3,100,0.98,0,0,0.98,3,0,0,0,3.1556,3.1556,383448.2788,392805.7788,3.1556,,3.22
6859,6859,3,100,0.98,0,0,0.98,3,0,0,0,5.6644,5.6644,383453.9432,392811.4432,5.6644,,5.78
6860,6860,3,100,1.93,1,0.95,0.98,2,0,1,5,54.812,49.812,383503.7552,392866.2552,27.832,,28.4
6861,6861,2,66.67,2.88,2,1.9,0.98,0,0,2,10,119.9808,109.9808,383613.736,392986.236,40.8268,,41.66
6862,6862,0,0,0.98,0,0,0.98,0,0,0,0,9.2806,9.2806,383623.0166,392995.5166,9.2806,,9.47
6863,6863,0,0,0.98,0,0,0.98,0,0,0,0,5.6644,5.6644,383628.681,393001.181,5.6644,,5.78
6864,6864,0,0,0.98,0,0,0.98,0,0,0,0,5.5664,5.5664,383634.2474,393006.7474,5.5664,,5.68
6865,6865,0,0,0.97,0,0,0.97,0,0,0,0,3.7636,3.7636,383638.011,393010.511,3.7636,,3.88
6866,6866,0,0,0.97,0,0,0.97,0,0,0,0,3.6569,3.6569,383641.6679,393014.1679,3.6569,,3.77
6867,6867,0,0,0.98,0,0,0.98,0,0,0,0,3.7142,3.7142,383645.3821,393017.8821,3.7142,,3.79
6868,6868,0,0,0.98,0,0,0.98,0,0,0,0,3.6064,3.6064,383648.9885,393021.4885,3.6064,,3.68
6869,6869,0,0,0.98,0,0,0.98,0,0,0,0,3.6946,3.6946,383652.6831,393025.1831,3.6946,,3.77
6870,6870,0,0,0.98,0,0,0.98,0,0,0,0,3.1556,3.1556,383655.8387,393028.3387,3.1556,,3.22
6871,6871,0,0,0.98,0,0,0.98,0,0,0,0,3.1556,3.1556,383658.9943,393031.4943,3.1556,,3.22
6872,6872,0,0,0.98,0,0,0.98,0,0,0,0,3.1752,3.1752,383662.1695,393034.6695,3.1752,,3.24
6873,6873,0,0,0.97,0,0,0.97,0,0,0,0,2.7548,2.7548,383664.9243,393037.4243,2.7548,,2.84
6874,6874,0,0,0.1635,-0.75,-0.8065,0.97,0.75,0,0.75,3.75,0.0245,-3.7255,383661.1988,393037.4488,0.1455,,0.15
6875,6875,0.75,25,0.1535,-0.75,-0.8065,0.96,1.5,0,0.75,3.75,0.2871,-3.4629,383657.7359,393037.7359,1.7952,,1.87
6876,6876,1.5,50,0.1635,-0.75,-0.8065,0.97,2.25,0,0.75,3.75,0,-3.75,383653.9859,393037.7359,0,,0
6877,6877,2.25,75,0.1635,-0.75,-0.8065,0.97,3,0,0.75,3.75,0.0065,-3.7435,383650.2424,393037.7424,0.0388,,0.04
6878,6878,3,100,0.98,0,0,0.98,3,0,0,0,3.1556,3.1556,383653.398,393040.898,3.1556,,3.22
6879,6879,3,100,0.97,0,0,0.97,3,0,0,0,3.1428,3.1428,383656.5408,393044.0408,3.1428,,3.24
6880,6880,3,100,0.98,0,0,0.98,3,0,0,0,4.6354,4.6354,383661.1762,393048.6762,4.6354,,4.73
6881,6881,3,100,0.98,0,0,0.98,3,0,0,0,14.8274,14.8274,383676.0036,393063.5036,14.8274,,15.13
6882,6882,3,100,0.98,0,0,0.98,3,0,0,0,50.1074,50.1074,383726.111,393113.611,50.1074,,51.13
6883,6883,3,100,0.98,0,0,0.98,3,0,0,0,79.7916,79.7916,383805.9026,393193.4026,79.7916,,81.42
6884,6884,3,100,2.405,1.5,1.425,0.98,1.5,0,1.5,7.5,195.8151,188.3151,383994.2177,393389.2177,79.7916,,81.42
6885,6885,1.5,50,2.405,1.5,1.425,0.98,0,0,1.5,7.5,195.8151,188.3151,384182.5328,393585.0328,79.7916,,81.42
6886,6886,0,0,0.98,0,0,0.98,0,0,0,0,54.8212,54.8212,384237.354,393639.854,54.8212,,55.94
6887,6887,0,0,0.98,0,0,0.98,0,0,0,0,38.9648,38.9648,384276.3188,393678.8188,38.9648,,39.76
6888,6888,0,0,0.98,0,0,0.98,0,0,0,0,6.027,6.027,384282.3458,393684.8458,6.027,,6.15
6889,6889,0,0,0.98,0,0,0.98,0,0,0,0,5.5664,5.5664,384287.9122,393690.4122,5.5664,,5.68
6890,6890,0,0,0.98,0,0,0.98,0,0,0,0,4.6746,4.6746,384292.5868,393695.0868,4.6746,,4.77
6891,6891,0,0,0.98,0,0,0.98,0,0,0,0,5.5664,5.5664,384298.1532,393700.6532,5.5664,,5.68
6892,6892,0,0,0.98,0,0,0.98,0,0,0,0,4.4492,4.4492,384302.6024,393705.1024,4.4492,,4.54
6893,6893,0,0,0.98,0,0,0.98,0,0,0,0,3.7142,3.7142,384306.3166,393708.8166,3.7142,,3.79
6894,6894,0,0,0.98,0,0,0.98,0,0,0,0,3.1556,3.1556,384309.4722,393711.9722,3.1556,,3.22
6895,6895,0,0,0.1735,-0.75,-0.8065,0.98,0.75,0,0.75,3.75,0,-3.75,384305.7222,393711.9722,0,,0
6896,6896,0.75,25,0.1735,-0.75,-0.8065,0.98,1.5,0,0.75,3.75,0,-3.75,384301.9722,393711.9722,0,,0
6897,6897,1.5,50,0.1635,-0.75,-0.8065,0.97,2.25,0,0.75,3.75,0,-3.75,384298.2222,393711.9722,0,,0
6898,6898,2.25,75,0.1635,-0.75,-0.8065,0.97,3,0,0.75,3.75,0,-3.75,384294.4722,393711.9722,0,,0
6899,6899,3,100,0.98,0,0,0.98,3,0,0,0,0,0,384294.4722,393711.9722,0,,0
6900,6900,3,100,0.97,0,0,0.97,3,0,0,0,0,0,384294.4722,393711.9722,0,,0
6901,6901,3,100,0.97,0,0,0.97,3,0,0,0,0,0,384294.4722,393711.9722,0,,0
6902,6902,3,100,0.98,0,0,0.98,3,0,0,0,0,0,384294.4722,393711.9722,0,,0
6903,6903,3,100,0.99,0,0,0.99,3,0,0,0,0,0,384294.4722,393711.9722,0,,0
6904,6904,3,100,0.98,0,0,0.98,3,0,0,0,0,0,384294.4722,393711.9722,0,,0
6905,6905,3,100,0.99,0,0,0.99,3,0,0,0,3.2076,3.2076,384297.6798,393715.1798,3.2076,,3.24
6906,6906,3,100,0.98,0,0,0.98,3,0,0,0,5.7526,5.7526,384303.4324,393720.9324,5.7526,,5.87
6907,6907,3,100,0.99,0,0,0.99,3,0,0,0,39.3624,39.3624,384342.7948,393760.2948,39.3624,,39.76
6908,6908,3,100,2.88,2,1.9,0.98,1,0,2,10,218.1312,208.1312,384550.926,393978.426,74.2252,,75.74
6909,6909,1,33.33,1.93,1,0.95,0.98,0,0,1,5,131.5681,126.5681,384677.4941,394109.9941,66.8066,,68.17
6910,6910,0,0,0.98,0,0,0.98,0,0,0,0,32.0068,32.0068,384709.5009,394142.0009,32.0068,,32.66
6911,6911,0,0,0.98,0,0,0.98,0,0,0,0,9.2806,9.2806,384718.7815,394151.2815,9.2806,,9.47
6912,6912,0,0,0.97,0,0,0.97,0,0,0,0,6.014,6.014,384724.7955,394157.2955,6.014,,6.2
6913,6913,0,0,0.97,0,0,0.97,0,0,0,0,4.5881,4.5881,384729.3836,394161.8836,4.5881,,4.73
6914,6914,0,0,0.98,0,0,0.98,0,0,0,0,3.9004,3.9004,384733.284,394165.784,3.9004,,3.98
6915,6915,0,0,0.98,0,0,0.98,0,0,0,0,3.9004,3.9004,384737.1844,394169.6844,3.9004,,3.98
6916,6916,0,0,0.98,0,0,0.98,0,0,0,0,5.5566,5.5566,384742.741,394175.241,5.5566,,5.67
6917,6917,0,0,0.98,0,0,0.98,0,0,0,0,4.6354,4.6354,384747.3764,394179.8764,4.6354,,4.73
6918,6918,0,0,0.98,0,0,0.98,0,0,0,0,3.6848,3.6848,384751.0612,394183.5612,3.6848,,3.76
6919,6919,0,0,0.98,0,0,0.98,0,0,0,0,3.7044,3.7044,384754.7656,394187.2656,3.7044,,3.78
6920,6920,0,0,0.98,0,0,0.98,0,0,0,0,4.6354,4.6354,384759.401,394191.901,4.6354,,4.73
6921,6921,0,0,0.97,0,0,0.97,0,0,0,0,3.6666,3.6666,384763.0676,394195.5676,3.6666,,3.78
6922,6922,0,0,0.97,0,0,0.97,0,0,0,0,3.2495,3.2495,384766.3171,394198.8171,3.2495,,3.35
6923,6923,0,0,0.1535,-0.75,-0.8065,0.96,0.75,0,0.75,3.75,0.5082,-3.2418,384763.0753,394199.3253,3.1776,,3.31
6924,6924,0.75,25,0.1635,-0.75,-0.8065,0.97,1.5,0,0.75,3.75,0.3958,-3.3542,384759.7211,394199.7211,2.3474,,2.42
6925,6925,1.5,50,0.1635,-0.75,-0.8065,0.97,2.25,0,0.75,3.75,0.525,-3.225,384756.4961,394200.2461,3.1137,,3.21
6926,6926,2.25,75,0.1635,-0.75,-0.8065,0.97,3,0,0.75,3.75,0.5283,-3.2217,384753.2744,394200.7744,3.1331,,3.23
6927,6927,3,100,0.98,0,0,0.98,3,0,0,0,3.6848,3.6848,384756.9592,394204.4592,3.6848,,3.76
6928,6928,3,100,0.97,0,0,0.97,3,0,0,0,5.4999,5.4999,384762.4591,394209.9591,5.4999,,5.67
6929,6929,3,100,0.87,0,0,0.87,3,0,0,0,8.2302,8.2302,384770.6893,394218.1893,8.2302,,9.46
6930,6930,3,100,0.88,0,0,0.88,3,0,0,0,12.3992,12.3992,384783.0885,394230.5885,12.3992,,14.09
6931,6931,3,100,0.88,0,0,0.88,3,0,0,0,53.0816,53.0816,384836.1701,394283.6701,53.0816,,60.32
6932,6932,3,100,2.78,2,1.9,0.88,1,0,2,10,223.1506,213.1506,385049.3207,394506.8207,70.6376,,80.27
6933,6933,1,33.33,1.82,1,0.95,0.87,0,0,1,5,142.5606,137.5606,385186.8813,394649.3813,68.1471,,78.33
6934,6934,0,0,0.88,0,0,0.88,0,0,0,0,29.1192,29.1192,385216.0005,394678.5005,29.1192,,33.09
6935,6935,0,0,0.88,0,0,0.88,0,0,0,0,8.3248,8.3248,385224.3253,394686.8253,8.3248,,9.46
6936,6936,0,0,0.87,0,0,0.87,0,0,0,0,5.3505,5.3505,385229.6758,394692.1758,5.3505,,6.15
6937,6937,0,0,0.87,0,0,0.87,0,0,0,0,4.7676,4.7676,385234.4434,394696.9434,4.7676,,5.48
6938,6938,0,0,0.87,0,0,0.87,0,0,0,0,4.1151,4.1151,385238.5585,394701.0585,4.1151,,4.73
6939,6939,0,0,0.88,0,0,0.88,0,0,0,0,3.8104,3.8104,385242.3689,394704.8689,3.8104,,4.33
6940,6940,0,0,0.88,0,0,0.88,0,0,0,0,4.9896,4.9896,385247.3585,394709.8585,4.9896,,5.67
6941,6941,0,0,0.88,0,0,0.88,0,0,0,0,4.3296,4.3296,385251.6881,394714.1881,4.3296,,4.92
6942,6942,0,0,0.0735,-0.75,-0.8065,0.88,0.75,0,0.75,3.75,0.278,-3.472,385248.2161,394714.4661,3.3264,,3.78
6943,6943,0.75,25,0.88,0,0,0.88,0.75,0,0,0,4.9896,4.9896,385253.2057,394719.4557,4.9896,,5.67
6944,6944,0.75,25,0.89,0,0,0.89,0.75,0,0,0,6.7284,6.7284,385259.9341,394726.1841,6.7284,,7.56
6945,6945,0.75,25,0.89,0,0,0.89,0.75,0,0,0,5.1353,5.1353,385265.0694,394731.3194,5.1353,,5.77
6946,6946,0.75,25,0.89,0,0,0.89,0.75,0,0,0,3.8715,3.8715,385268.9409,394735.1909,3.8715,,4.35
6947,6947,0.75,25,0.0735,-0.75,-0.8065,0.88,1.5,0,0.75,3.75,0.2876,-3.4624,385265.4785,394735.4785,3.4408,,3.91
6948,6948,1.5,50,0.0735,-0.75,-0.8065,0.88,2.25,0,0.75,3.75,0.2361,-3.5139,385261.9646,394735.7146,2.8248,,3.21
6949,6949,2.25,75,0.0835,-0.75,-0.8065,0.89,3,0,0.75,3.75,0.2765,-3.4735,385258.4911,394735.9911,2.9459,,3.31
6950,6950,3,100,0.89,0,0,0.89,3,0,0,0,3.7024,3.7024,385262.1935,394739.6935,3.7024,,4.16
6951,6951,3,100,0.88,0,0,0.88,3,0,0,0,4.9896,4.9896,385267.1831,394744.6831,4.9896,,5.67
6952,6952,3,100,0.88,0,0,0.88,3,0,0,0,8.3248,8.3248,385275.5079,394753.0079,8.3248,,9.46
6953,6953,3,100,0.88,0,0,0.88,3,0,0,0,48.2592,48.2592,385323.7671,394801.2671,48.2592,,54.84
6954,6954,3,100,0.88,0,0,0.88,3,0,0,0,64.9,64.9,385388.6671,394866.1671,64.9,,73.75
6955,6955,3,100,0.88,0,0,0.88,3,0,0,0,66.5632,66.5632,385455.2303,394932.7303,66.5632,,75.64
6956,6956,3,100,2.78,2,1.9,0.88,1,0,2,10,226.0418,216.0418,385671.2721,395158.7721,71.5528,,81.31
6957,6957,1,33.33,1.83,1,0.95,0.88,0,0,1,5,146.4915,141.4915,385812.7636,395305.2636,70.444,,80.05
6958,6958,0,0,0.88,0,0,0.88,0,0,0,0,59.9104,59.9104,385872.674,395365.174,59.9104,,68.08
6959,6959,0,0,0.89,0,0,0.89,0,0,0,0,45.4434,45.4434,385918.1174,395410.6174,45.4434,,51.06
6960,6960,0,0,0.87,0,0,0.87,0,0,0,0,27.2049,27.2049,385945.3223,395437.8223,27.2049,,31.27
6961,6961,0,0,0.88,0,0,0.88,0,0,0,0,8.3424,8.3424,385953.6647,395446.1647,8.3424,,9.48
6962,6962,0,0,0.88,0,0,0.88,0,0,0,0,6.6704,6.6704,385960.3351,395452.8351,6.6704,,7.58
6963,6963,0,0,0.88,0,0,0.88,0,0,0,0,5.8344,5.8344,385966.1695,395458.6695,5.8344,,6.63
6964,6964,0,0,0.88,0,0,0.88,0,0,0,0,5.5264,5.5264,385971.6959,395464.1959,5.5264,,6.28
6965,6965,0,0,0.88,0,0,0.88,0,0,0,0,5.0072,5.0072,385976.7031,395469.2031,5.0072,,5.69
6966,6966,0,0,0.88,0,0,0.88,0,0,0,0,3.168,3.168,385979.8711,395472.3711,3.168,,3.6
6967,6967,0,0,0.89,0,0,0.89,0,0,0,0,3.204,3.204,385983.0751,395475.5751,3.204,,3.6
6968,6968,0,0,0.89,0,0,0.89,0,0,0,0,3.3019,3.3019,385986.377,395478.877,3.3019,,3.71
6969,6969,0,0,0.87,0,0,0.87,0,0,0,0,3.132,3.132,385989.509,395482.009,3.132,,3.6
6970,6970,0,0,0.0635,-0.75,-0.8065,0.87,0.75,0,0.75,3.75,0.2046,-3.5454,385985.9636,395482.2136,2.8014,,3.22
6971,6971,0.75,25,0.0635,-0.75,-0.8065,0.87,1.5,0,0.75,3.75,0.2046,-3.5454,385982.4182,395482.4182,2.8014,,3.22
6972,6972,1.5,50,0.0635,-0.75,-0.8065,0.87,2.25,0,0.75,3.75,0.0241,-3.7259,385978.6923,395482.4423,0.3306,,0.38
6973,6973,2.25,75,0.0635,-0.75,-0.8065,0.87,3,0,0.75,3.75,0.0724,-3.6776,385975.0147,395482.5147,0.9918,,1.14
6974,6974,3,100,0.87,0,0,0.87,3,0,0,0,3.2973,3.2973,385978.312,395485.812,3.2973,,3.79
6975,6975,3,100,0.88,0,0,0.88,3,0,0,0,3.8192,3.8192,385982.1312,395489.6312,3.8192,,4.34
6976,6976,3,100,0.89,0,0,0.89,3,0,0,0,6.3546,6.3546,385988.4858,395495.9858,6.3546,,7.14
6977,6977,3,100,0.89,0,0,0.89,3,0,0,0,43.2985,43.2985,386031.7843,395539.2843,43.2985,,48.65
6978,6978,3,100,0.89,0,0,0.89,3,0,0,0,43.2985,43.2985,386075.0828,395582.5828,43.2985,,48.65
6979,6979,3,100,0.88,0,0,0.88,3,0,0,0,66.704,66.704,386141.7868,395649.2868,66.704,,75.8
6980,6980,3,100,2.78,2,1.9,0.88,1,0,2,10,226.5422,216.5422,386358.329,395875.829,71.7112,,81.49
6981,6981,1,33.33,1.83,1,0.95,0.88,0,0,1,5,145.6497,140.6497,386498.9787,396021.4787,70.0392,,79.59
6982,6982,0,0,0.88,0,0,0.88,0,0,0,0,54.1992,54.1992,386553.1779,396075.6779,54.1992,,61.59
6983,6983,0,0,0.88,0,0,0.88,0,0,0,0,28.8024,28.8024,386581.9803,396104.4803,28.8024,,32.73
6984,6984,0,0,0.87,0,0,0.87,0,0,0,0,24.4296,24.4296,386606.4099,396128.9099,24.4296,,28.08
6985,6985,0,0,0.87,0,0,0.87,0,0,0,0,5.1852,5.1852,386611.5951,396134.0951,5.1852,,5.96
6986,6986,0,0,0.88,0,0,0.88,0,0,0,0,5.2448,5.2448,386616.8399,396139.3399,5.2448,,5.96
6987,6987,0,0,0.88,0,0,0.88,0,0,0,0,5.06,5.06,386621.8999,396144.3999,5.06,,5.75
6988,6988,0,0,0.88,0,0,0.88,0,0,0,0,5.0424,5.0424,386626.9423,396149.4423,5.0424,,5.73
6989,6989,0,0,0.88,0,0,0.88,0,0,0,0,3.9952,3.9952,386630.9375,396153.4375,3.9952,,4.54
6990,6990,0,0,0.88,0,0,0.88,0,0,0,0,2.8424,2.8424,386633.7799,396156.2799,2.8424,,3.23
6991,6991,0,0,0.88,0,0,0.88,0,0,0,0,1.6632,1.6632,386635.4431,396157.9431,1.6632,,1.89
6992,6992,0,0,0.88,0,0,0.88,0,0,0,0,0.6688,0.6688,386636.1119,396158.6119,0.6688,,0.76
6993,6993,0,0,0.0735,-0.75,-0.8065,0.88,0.75,0,0.75,3.75,0,-3.75,386632.3619,396158.6119,0,,0
6994,6994,0.75,25,0.0735,-0.75,-0.8065,0.88,1.5,0,0.75,3.75,0,-3.75,386628.6119,396158.6119,0,,0
6995,6995,1.5,50,0.0735,-0.75,-0.8065,0.88,2.25,0,0.75,3.75,0,-3.75,386624.8619,396158.6119,0,,0
6996,6996,2.25,75,0.0835,-0.75,-0.8065,0.89,3,0,0.75,3.75,0,-3.75,386621.1119,396158.6119,0,,0
6997,6997,3,100,0.87,0,0,0.87,3,0,0,0,0,0,386621.1119,396158.6119,0,,0
6998,6998,3,100,0.87,0,0,0.87,3,0,0,0,0,0,386621.1119,396158.6119,0,,0
6999,6999,3,100,0.87,0,0,0.87,3,0,0,0,0.3306,0.3306,386621.4425,396158.9425,0.3306,,0.38
7000,7000,3,100,0.87,0,0,0.87,3,0,0,0,2.8101,2.8101,386624.2526,396161.7526,2.8101,,3.23
7001,7001,3,100,0.87,0,0,0.87,3,0,0,0,3.7845,3.7845,386628.0371,396165.5371,3.7845,,4.35
7002,7002,3,100,0.87,0,0,0.87,3,0,0,0,4.9851,4.9851,386633.0222,396170.5222,4.9851,,5.73
7003,7003,3,100,0.88,0,0,0.88,3,0,0,0,24.9656,24.9656,386657.9878,396195.4878,24.9656,,28.37
7004,7004,3,100,3,2.25,2.1375,0.87,0.75,0.0075,2.25,11.25,234.15,222.9,386880.8878,396429.6378,67.9035,,78.05
7005,7005,0.75,25,1.5825,0.75,0.7125,0.87,0,0,0.75,3.75,90.4874,86.7374,386967.6252,396520.1252,49.7466,,57.18
7006,7006,0,0,0.88,0,0,0.88,0,0,0,0,8.6504,8.6504,386976.2756,396528.7756,8.6504,,9.83
7007,7007,0,0,0.88,0,0,0.88,0,0,0,0,4.9896,4.9896,386981.2652,396533.7652,4.9896,,5.67
7008,7008,0,0,0.87,0,0,0.87,0,0,0,0,5.0982,5.0982,386986.3634,396538.8634,5.0982,,5.86
7009,7009,0,0,0.87,0,0,0.87,0,0,0,0,4.9416,4.9416,386991.305,396543.805,4.9416,,5.68
7010,7010,0,0,0.87,0,0,0.87,0,0,0,0,4.9416,4.9416,386996.2466,396548.7466,4.9416,,5.68
7011,7011,0,0,0.87,0,0,0.87,0,0,0,0,4.9416,4.9416,387001.1882,396553.6882,4.9416,,5.68
7012,7012,0,0,0.88,0,0,0.88,0,0,0,0,4.1976,4.1976,387005.3858,396557.8858,4.1976,,4.77
7013,7013,0,0,0.88,0,0,0.88,0,0,0,0,4.1976,4.1976,387009.5834,396562.0834,4.1976,,4.77
7014,7014,0,0,0.88,0,0,0.88,0,0,0,0,2.9128,2.9128,387012.4962,396564.9962,2.9128,,3.31
7015,7015,0,0,0.88,0,0,0.88,0,0,0,0,0.6336,0.6336,387013.1298,396565.6298,0.6336,,0.72
7016,7016,0,0,0.0735,-0.75,-0.8065,0.88,0.75,0,0.75,3.75,0,-3.75,387009.3798,396565.6298,0,,0
7017,7017,0.75,25,0.0535,-0.75,-0.8065,0.86,1.5,0,0.75,3.75,0,-3.75,387005.6298,396565.6298,0,,0
7018,7018,1.5,50,0.0635,-0.75,-0.8065,0.87,2.25,0,0.75,3.75,0,-3.75,387001.8798,396565.6298,0,,0
7019,7019,2.25,75,0.0535,-0.75,-0.8065,0.86,3,0,0.75,3.75,0,-3.75,386998.1298,396565.6298,0,,0
7020,7020,3,100,0.87,0,0,0.87,3,0,0,0,0,0,386998.1298,396565.6298,0,,0
7021,7021,3,100,0.87,0,0,0.87,3,0,0,0,0,0,386998.1298,396565.6298,0,,0
7022,7022,3,100,0.87,0,0,0.87,3,0,0,0,0,0,386998.1298,396565.6298,0,,0
7023,7023,3,100,0.87,0,0,0.87,3,0,0,0,0,0,386998.1298,396565.6298,0,,0
7024,7024,3,100,0,0,0,0,3,0,0,0,0,0,386998.1298,396565.6298,0,,0
7025,7025,3,100,0.88,0,0,0.88,3,0,0,0,0,0,386998.1298,396565.6298,0,,0
7026,7026,3,100,0.88,0,0,0.88,3,0,0,0,2.8248,2.8248,387000.9546,396568.4546,2.8248,,3.21
7027,7027,3,100,0.89,0,0,0.89,3,0,0,0,3.5333,3.5333,387004.4879,396571.9879,3.5333,,3.97
7028,7028,3,100,3,2.25,2.1375,0.89,0.75,0.0275,2.25,11.25,68.04,56.79,387061.2779,396640.0279,20.1852,,22.68
7029,7029,0.75,25,1.6025,0.75,0.7125,0.89,0,0,0.75,3.75,24.2458,20.4958,387081.7737,396664.2737,13.4657,,15.13
7030,7030,0,0,0.89,0,0,0.89,0,0,0,0,4.0406,4.0406,387085.8143,396668.3143,4.0406,,4.54
7031,7031,0,0,0.89,0,0,0.89,0,0,0,0,2.9459,2.9459,387088.7602,396671.2602,2.9459,,3.31
7032,7032,0,0,0.89,0,0,0.89,0,0,0,0,2.9459,2.9459,387091.7061,396674.2061,2.9459,,3.31
7033,7033,0,0,0.88,0,0,0.88,0,0,0,0,2.9128,2.9128,387094.6189,396677.1189,2.9128,,3.31
7034,7034,0,0,0.89,0,0,0.89,0,0,0,0,2.9459,2.9459,387097.5648,396680.0648,2.9459,,3.31
7035,7035,0,0,0.89,0,0,0.89,0,0,0,0,2.8836,2.8836,387100.4484,396682.9484,2.8836,,3.24
7036,7036,0,0,0.89,0,0,0.89,0,0,0,0,2.8836,2.8836,387103.332,396685.832,2.8836,,3.24
7037,7037,0,0,0.89,0,0,0.89,0,0,0,0,2.8747,2.8747,387106.2067,396688.7067,2.8747,,3.23
7038,7038,0,0,0.9,0,0,0.9,0,0,0,0,1.701,1.701,387107.9077,396690.4077,1.701,,1.89
7039,7039,0,0,0.0835,-0.75,-0.8065,0.89,0.75,0,0.75,3.75,0,-3.75,387104.1577,396690.4077,0,,0
7040,7040,0.75,25,0.1835,-0.75,-0.8065,0.99,1.5,0,0.75,3.75,0,-3.75,387100.4077,396690.4077,0,,0
7041,7041,1.5,50,0.1735,-0.75,-0.8065,0.98,2.25,0,0.75,3.75,0,-3.75,387096.6577,396690.4077,0,,0
7042,7042,2.25,75,0.1635,-0.75,-0.8065,0.97,3,0,0.75,3.75,0,-3.75,387092.9077,396690.4077,0,,0
7043,7043,3,100,0.97,0,0,0.97,3,0,0,0,0,0,387092.9077,396690.4077,0,,0
7044,7044,3,100,0.97,0,0,0.97,3,0,0,0,0,0,387092.9077,396690.4077,0,,0
7045,7045,3,100,0.97,0,0,0.97,3,0,0,0,0,0,387092.9077,396690.4077,0,,0
7046,7046,3,100,0.99,0,0,0.99,3,0,0,0,0,0,387092.9077,396690.4077,0,,0
7047,7047,3,100,0.98,0,0,0.98,3,0,0,0,0,0,387092.9077,396690.4077,0,,0
7048,7048,3,100,0.99,0,0,0.99,3,0,0,0,0.7128,0.7128,387093.6205,396691.1205,0.7128,,0.72
7049,7049,3,100,0.99,0,0,0.99,3,0,0,0,3.2769,3.2769,387096.8974,396694.3974,3.2769,,3.31
7050,7050,3,100,0.99,0,0,0.99,3,0,0,0,3.6729,3.6729,387100.5703,396698.0703,3.6729,,3.71
7051,7051,3,100,0.98,0,0,0.98,3,0,0,0,6.2426,6.2426,387106.8129,396704.3129,6.2426,,6.37
7052,7052,3,100,2.88,2,1.9,0.98,1,0,2,10,82.1952,72.1952,387179.0081,396786.5081,27.9692,,28.54
7053,7053,1,33.33,1.93,1,0.95,0.98,0,0,1,5,32.8679,27.8679,387206.876,396819.376,16.6894,,17.03
7054,7054,0,0,0.98,0,0,0.98,0,0,0,0,5.929,5.929,387212.805,396825.305,5.929,,6.05
7055,7055,0,0,0.98,0,0,0.98,0,0,0,0,3.8416,3.8416,387216.6466,396829.1466,3.8416,,3.92
7056,7056,0,0,0.88,0,0,0.88,0,0,0,0,3.3264,3.3264,387219.973,396832.473,3.3264,,3.78
7057,7057,0,0,0.88,0,0,0.88,0,0,0,0,2.9128,2.9128,387222.8858,396835.3858,2.9128,,3.31
7058,7058,0,0,0.88,0,0,0.88,0,0,0,0,2.8512,2.8512,387225.737,396838.237,2.8512,,3.24
7059,7059,0,0,0.88,0,0,0.88,0,0,0,0,2.9128,2.9128,387228.6498,396841.1498,2.9128,,3.31
7060,7060,0,0,0.88,0,0,0.88,0,0,0,0,2.8512,2.8512,387231.501,396844.001,2.8512,,3.24
7061,7061,0,0,0.88,0,0,0.88,0,0,0,0,2.8424,2.8424,387234.3434,396846.8434,2.8424,,3.23
7062,7062,0,0,0.0735,-0.75,-0.8065,0.88,0.75,0,0.75,3.75,0,-3.75,387230.5934,396846.8434,0,,0
7063,7063,0.75,25,0.0835,-0.75,-0.8065,0.89,1.5,0,0.75,3.75,0,-3.75,387226.8434,396846.8434,0,,0
7064,7064,1.5,50,0.0835,-0.75,-0.8065,0.89,2.25,0,0.75,3.75,0,-3.75,387223.0934,396846.8434,0,,0
7065,7065,2.25,75,0.0635,-0.75,-0.8065,0.87,3,0,0.75,3.75,0,-3.75,387219.3434,396846.8434,0,,0
7066,7066,3,100,0.87,0,0,0.87,3,0,0,0,0,0,387219.3434,396846.8434,0,,0
7067,7067,3,100,0.87,0,0,0.87,3,0,0,0,0,0,387219.3434,396846.8434,0,,0
7068,7068,3,100,0.87,0,0,0.87,3,0,0,0,0,0,387219.3434,396846.8434,0,,0
7069,7069,3,100,0.87,0,0,0.87,3,0,0,0,0,0,387219.3434,396846.8434,0,,0
7070,7070,3,100,0.88,0,0,0.88,3,0,0,0,0,0,387219.3434,396846.8434,0,,0
7071,7071,3,100,0.88,0,0,0.88,3,0,0,0,0,0,387219.3434,396846.8434,0,,0
7072,7072,3,100,0.89,0,0,0.89,3,0,0,0,0,0,387219.3434,396846.8434,0,,0
7073,7073,3,100,0.89,0,0,0.89,3,0,0,0,0,0,387219.3434,396846.8434,0,,0
7074,7074,3,100,0.89,0,0,0.89,3,0,0,0,0.3382,0.3382,387219.6816,396847.1816,0.3382,,0.38
7075,7075,3,100,0.89,0,0,0.89,3,0,0,0,3.1951,3.1951,387222.8767,396850.3767,3.1951,,3.59
7076,7076,3,100,0.89,0,0,0.89,3,0,0,0,5.5269,5.5269,387228.4036,396855.9036,5.5269,,6.21
7077,7077,3,100,0.88,0,0,0.88,3,0,0,0,5.2448,5.2448,387233.6484,396861.1484,5.2448,,5.96
7078,7078,3,100,0.88,0,0,0.88,3,0,0,0,4.928,4.928,387238.5764,396866.0764,4.928,,5.6
7079,7079,3,100,0.69,0,0,0.69,3,0,0,0,2.2839,2.2839,387240.8603,396868.3603,2.2839,,3.31
7080,7080,3,100,0.68,0,0,0.68,3,0,0,0,2.1352,2.1352,387242.9955,396870.4955,2.1352,,3.14
7081,7081,3,100,0.69,0,0,0.69,3,0,0,0,0.2622,0.2622,387243.2577,396870.7577,0.2622,,0.38
7082,7082,3,100,0.69,0,0,0.69,3,0,0,0,0.2622,0.2622,387243.5199,396871.0199,0.2622,,0.38
7083,7083,3,100,0.69,0,0,0.69,3,0,0,0,1.6629,1.6629,387245.1828,396872.6828,1.6629,,2.41
7084,7084,3,100,0.69,0,0,0.69,3,0,0,0,0.2622,0.2622,387245.445,396872.945,0.2622,,0.38
7085,7085,3,100,0.69,0,0,0.69,3,0,0,0,0,0,387245.445,396872.945,0,,0
7086,7086,3,100,0.69,0,0,0.69,3,0,0,0,0,0,387245.445,396872.945,0,,0
7087,7087,3,100,0.69,0,0,0.69,3,0,0,0,0,0,387245.445,396872.945,0,,0
7088,7088,3,100,0.67,0,0,0.67,3,0,0,0,0,0,387245.445,396872.945,0,,0
7089,7089,3,100,0.67,0,0,0.67,3,0,0,0,0,0,387245.445,396872.945,0,,0
7090,7090,3,100,0.67,0,0,0.67,3,0,0,0,0,0,387245.445,396872.945,0,,0
7091,7091,3,100,0.67,0,0,0.67,3,0,0,0,0,0,387245.445,396872.945,0,,0
7092,7092,3,100,0.67,0,0,0.67,3,0,0,0,0,0,387245.445,396872.945,0,,0
7093,7093,3,100,0.67,0,0,0.67,3,0,0,0,0,0,387245.445,396872.945,0,,0
7094,7094,3,100,0.67,0,0,0.67,3,0,0,0,0,0,387245.445,396872.945,0,,0
7095,7095,3,100,0.79,0,0,0.79,3,0,0,0,0,0,387245.445,396872.945,0,,0
7096,7096,3,100,0.79,0,0,0.79,3,0,0,0,0,0,387245.445,396872.945,0,,0
7097,7097,3,100,0.79,0,0,0.79,3,0,0,0,0,0,387245.445,396872.945,0,,0
7098,7098,3,100,0.79,0,0,0.79,3,0,0,0,0,0,387245.445,396872.945,0,,0
7099,7099,3,100,0.78,0,0,0.78,3,0,0,0,2.8626,2.8626,387248.3076,396875.8076,2.8626,,3.67
7100,7100,3,100,0.79,0,0,0.79,3,0,0,0,4.5188,4.5188,387252.8264,396880.3264,4.5188,,5.72
7101,7101,3,100,0.79,0,0,0.79,3,0,0,0,4.6847,4.6847,387257.5111,396885.0111,4.6847,,5.93
7102,7102,3,100,0.79,0,0,0.79,3,0,0,0,4.4635,4.4635,387261.9746,396889.4746,4.4635,,5.65
7103,7103,3,100,0.79,0,0,0.79,3,0,0,0,2.9783,2.9783,387264.9529,396892.4529,2.9783,,3.77
7104,7104,3,100,0.68,0,0,0.68,3,0,0,0,6.2492,6.2492,387271.2021,396898.7021,6.2492,,9.19
7105,7105,3,100,0.69,0,0,0.69,3,0,0,0,4.7403,4.7403,387275.9424,396903.4424,4.7403,,6.87
7106,7106,3,100,0.68,0,0,0.68,3,0,0,0,4.4812,4.4812,387280.4236,396907.9236,4.4812,,6.59
7107,7107,3,100,0.68,0,0,0.68,3,0,0,0,4.0324,4.0324,387284.456,396911.956,4.0324,,5.93
7108,7108,3,100,0.68,0,0,0.68,3,0,0,0,3.876,3.876,387288.332,396915.832,3.876,,5.7
7109,7109,3,100,0.69,0,0,0.69,3,0,0,0,3.8985,3.8985,387292.2305,396919.7305,3.8985,,5.65
7110,7110,3,100,0.69,0,0,0.69,3,0,0,0,1.0419,1.0419,387293.2724,396920.7724,1.0419,,1.51
7111,7111,3,100,0.69,0,0,0.69,3,0,0,0,0,0,387293.2724,396920.7724,0,,0
7112,7112,3,100,0.69,0,0,0.69,3,0,0,0,0,0,387293.2724,396920.7724,0,,0
7113,7113,3,100,0.68,0,0,0.68,3,0,0,0,0,0,387293.2724,396920.7724,0,,0
7114,7114,3,100,0.63,0,0,0.63,3,0,0,0,0,0,387293.2724,396920.7724,0,,0
7115,7115,3,100,0.62,0,0,0.62,3,0,0,0,0,0,387293.2724,396920.7724,0,,0
7116,7116,3,100,0.63,0,0,0.63,3,0,0,0,0,0,387293.2724,396920.7724,0,,0
7117,7117,3,100,0.77,0,0,0.77,3,0,0,0,0,0,387293.2724,396920.7724,0,,0
7118,7118,3,100,0.77,0,0,0.77,3,0,0,0,0,0,387293.2724,396920.7724,0,,0
7119,7119,3,100,0.68,0,0,0.68,3,0,0,0,0,0,387293.2724,396920.7724,0,,0
7120,7120,3,100,0.69,0,0,0.69,3,0,0,0,0,0,387293.2724,396920.7724,0,,0
7121,7121,3,100,0.69,0,0,0.69,3,0,0,0,0,0,387293.2724,396920.7724,0,,0
7122,7122,3,100,0.69,0,0,0.69,3,0,0,0,2.1666,2.1666,387295.439,396922.939,2.1666,,3.14
7123,7123,3,100,0.69,0,0,0.69,3,0,0,0,2.8566,2.8566,387298.2956,396925.7956,2.8566,,4.14
7124,7124,3,100,0.68,0,0,0.68,3,0,0,0,4.1276,4.1276,387302.4232,396929.9232,4.1276,,6.07
7125,7125,3,100,0.69,0,0,0.69,3,0,0,0,4.0296,4.0296,387306.4528,396933.9528,4.0296,,5.84
7126,7126,3,100,0.69,0,0,0.69,3,0,0,0,3.2499,3.2499,387309.7027,396937.2027,3.2499,,4.71
7127,7127,3,100,0.69,0,0,0.69,3,0,0,0,2.5875,2.5875,387312.2902,396939.7902,2.5875,,3.75
7128,7128,3,100,0.69,0,0,0.69,3,0,0,0,2.5461,2.5461,387314.8363,396942.3363,2.5461,,3.69
7129,7129,3,100,0.68,0,0,0.68,3,0,0,0,2.2372,2.2372,387317.0735,396944.5735,2.2372,,3.29
7130,7130,3,100,0.69,0,0,0.69,3,0,0,0,2.2218,2.2218,387319.2953,396946.7953,2.2218,,3.22
7131,7131,3,100,0.69,0,0,0.69,3,0,0,0,2.208,2.208,387321.5033,396949.0033,2.208,,3.2
7132,7132,3,100,0.69,0,0,0.69,3,0,0,0,2.208,2.208,387323.7113,396951.2113,2.208,,3.2
7133,7133,3,100,0.69,0,0,0.69,3,0,0,0,1.0419,1.0419,387324.7532,396952.2532,1.0419,,1.51
7134,7134,3,100,0.69,0,0,0.69,3,0,0,0,0,0,387324.7532,396952.2532,0,,0
7135,7135,3,100,0.69,0,0,0.69,3,0,0,0,0,0,387324.7532,396952.2532,0,,0
7136,7136,3,100,0.68,0,0,0.68,3,0,0,0,0,0,387324.7532,396952.2532,0,,0
7137,7137,3,100,0.68,0,0,0.68,3,0,0,0,0,0,387324.7532,396952.2532,0,,0
7138,7138,3,100,0.77,0,0,0.77,3,0,0,0,0,0,387324.7532,396952.2532,0,,0
7139,7139,3,100,0.77,0,0,0.77,3,0,0,0,0,0,387324.7532,396952.2532,0,,0
7140,7140,3,100,0.77,0,0,0.77,3,0,0,0,0,0,387324.7532,396952.2532,0,,0
7141,7141,3,100,0.88,0,0,0.88,3,0,0,0,0,0,387324.7532,396952.2532,0,,0
7142,7142,3,100,0.88,0,0,0.88,3,0,0,0,0,0,387324.7532,396952.2532,0,,0
7143,7143,3,100,0.88,0,0,0.88,3,0,0,0,0,0,387324.7532,396952.2532,0,,0
7144,7144,3,100,0.89,0,0,0.89,3,0,0,0,0,0,387324.7532,396952.2532,0,,0
7145,7145,3,100,0.88,0,0,0.88,3,0,0,0,0,0,387324.7532,396952.2532,0,,0
7146,7146,3,100,0.89,0,0,0.89,3,0,0,0,0,0,387324.7532,396952.2532,0,,0
7147,7147,3,100,0.69,0,0,0.69,3,0,0,0,2.208,2.208,387326.9612,396954.4612,2.208,,3.2
7148,7148,3,100,0.68,0,0,0.68,3,0,0,0,2.4344,2.4344,387329.3956,396956.8956,2.4344,,3.58
7149,7149,3,100,0.69,0,0,0.69,3,0,0,0,2.5875,2.5875,387331.9831,396959.4831,2.5875,,3.75
7150,7150,3,100,0.69,0,0,0.69,3,0,0,0,2.4702,2.4702,387334.4533,396961.9533,2.4702,,3.58
7151,7151,3,100,0.69,0,0,0.69,3,0,0,0,2.2218,2.2218,387336.6751,396964.1751,2.2218,,3.22
7152,7152,3,100,0.68,0,0,0.68,3,0,0,0,2.1896,2.1896,387338.8647,396966.3647,2.1896,,3.22
7153,7153,3,100,0.68,0,0,0.68,3,0,0,0,2.1148,2.1148,387340.9795,396968.4795,2.1148,,3.11
7154,7154,3,100,0.68,0,0,0.68,3,0,0,0,2.1352,2.1352,387343.1147,396970.6147,2.1352,,3.14
7155,7155,3,100,0.68,0,0,0.68,3,0,0,0,1.5368,1.5368,387344.6515,396972.1515,1.5368,,2.26
7156,7156,3,100,0.68,0,0,0.68,3,0,0,0,1.9176,1.9176,387346.5691,396974.0691,1.9176,,2.82
7157,7157,3,100,0.68,0,0,0.68,3,0,0,0,1.2784,1.2784,387347.8475,396975.3475,1.2784,,1.88
7158,7158,3,100,0.68,0,0,0.68,3,0,0,0,0,0,387347.8475,396975.3475,0,,0
7159,7159,3,100,0.69,0,0,0.69,3,0,0,0,0,0,387347.8475,396975.3475,0,,0
7160,7160,3,100,0.69,0,0,0.69,3,0,0,0,0,0,387347.8475,396975.3475,0,,0
7161,7161,3,100,0.69,0,0,0.69,3,0,0,0,0,0,387347.8475,396975.3475,0,,0
7162,7162,3,100,0.77,0,0,0.77,3,0,0,0,0,0,387347.8475,396975.3475,0,,0
7163,7163,3,100,0.76,0,0,0.76,3,0,0,0,0,0,387347.8475,396975.3475,0,,0
7164,7164,3,100,0.77,0,0,0.77,3,0,0,0,0,0,387347.8475,396975.3475,0,,0
7165,7165,3,100,0.77,0,0,0.77,3,0,0,0,0,0,387347.8475,396975.3475,0,,0
7166,7166,3,100,0.77,0,0,0.77,3,0,0,0,0,0,387347.8475,396975.3475,0,,0
7167,7167,3,100,0.77,0,0,0.77,3,0,0,0,0,0,387347.8475,396975.3475,0,,0
7168,7168,3,100,0.79,0,0,0.79,3,0,0,0,0,0,387347.8475,396975.3475,0,,0
7169,7169,3,100,0.79,0,0,0.79,3,0,0,0,0,0,387347.8475,396975.3475,0,,0
7170,7170,3,100,0.79,0,0,0.79,3,0,0,0,0.2844,0.2844,387348.1319,396975.6319,0.2844,,0.36
7171,7171,3,100,0.78,0,0,0.78,3,0,0,0,4.407,4.407,387352.5389,396980.0389,4.407,,5.65
7172,7172,3,100,1.4825,0.75,0.7125,0.77,2.25,0,0.75,3.75,16.7374,12.9874,387365.5263,396996.7763,8.6933,,11.29
7173,7173,2.25,75,2.9075,2.25,2.1375,0.77,0,0,2.25,11.25,43.7869,32.5369,387398.0632,397040.5632,11.5962,,15.06
7174,7174,0,0,0.78,0,0,0.78,0,0,0,0,7.3554,7.3554,387405.4186,397047.9186,7.3554,,9.43
7175,7175,0,0,0.78,0,0,0.78,0,0,0,0,4.8126,4.8126,387410.2312,397052.7312,4.8126,,6.17
7176,7176,0,0,0.68,0,0,0.68,0,0,0,0,4.4812,4.4812,387414.7124,397057.2124,4.4812,,6.59
7177,7177,0,0,0.68,0,0,0.68,0,0,0,0,4.1956,4.1956,387418.908,397061.408,4.1956,,6.17
7178,7178,0,0,0.77,0,0,0.77,0,0,0,0,4.5661,4.5661,387423.4741,397065.9741,4.5661,,5.93
7179,7179,0,0,0.77,0,0,0.77,0,0,0,0,4.3505,4.3505,387427.8246,397070.3246,4.3505,,5.65
7180,7180,0,0,0.88,0,0,0.88,0,0,0,0,4.1448,4.1448,387431.9694,397074.4694,4.1448,,4.71
7181,7181,0,0,0.98,0,0,0.98,0,0,0,0,4.2434,4.2434,387436.2128,397078.7128,4.2434,,4.33
7182,7182,0,0,1.09,0,0,1.09,0,0,0,0,0.6104,0.6104,387436.8232,397079.3232,0.6104,,0.56
7183,7183,0,0,0.0147,-1,-1.0753,1.09,1,0,1,5,0,-5,387431.8232,397079.3232,0,,0
7184,7184,1,33.33,0,0,0,0,1,0,0,0,0,0,387431.8232,397079.3232,0,,0
7185,7185,1,33.33,0,0,0,0,1,0,0,0,0,0,387431.8232,397079.3232,0,,0
7186,7186,1,33.33,0,0,0,0,1,0,0,0,0,0,387431.8232,397079.3232,0,,0
7187,7187,1,33.33,0,0,0,0,1,0,0,0,0,0,387431.8232,397079.3232,0,,0
7188,7188,1,33.33,0.0635,-0.75,-0.8065,0.87,1.75,0,0.75,3.75,0,-3.75,387428.0732,397079.3232,0,,0
7189,7189,1.75,58.33,0.2635,-0.75,-0.8065,1.07,2.5,0,0.75,3.75,0,-3.75,387424.3232,397079.3232,0,,0
7190,7190,2.5,83.33,0.5324,-0.5,-0.5376,1.07,3,0,0.5,2.5,0,-2.5,387421.8232,397079.3232,0,,0
7191,7191,3,100,1.08,0,0,1.08,3,0,0,0,0,0,387421.8232,397079.3232,0,,0
7192,7192,3,100,1.08,0,0,1.08,3,0,0,0,0,0,387421.8232,397079.3232,0,,0
7193,7193,3,100,0,0,0,0,3,0,0,0,0,0,387421.8232,397079.3232,0,,0.36
7194,7194,3,100,0.5,0,0,0.5,3,0,0,0,2.355,2.355,387424.1782,397081.6782,2.355,,4.71
7195,7195,3,100,0.99,0,0,0.99,3,0,0,0,23.76,23.76,387447.9382,397105.4382,23.76,,24
7196,7196,3,100,1.08,0,0,1.08,3,0,0,0,87.426,87.426,387535.3642,397192.8642,87.426,,80.95
7197,7197,3,100,2.03,1,0.95,1.08,2,0,1,5,164.3285,159.3285,387694.6927,397357.1927,87.426,,80.95
7198,7198,2,66.67,2.98,2,1.9,1.08,0,0,2,10,241.231,231.231,387925.9237,397598.4237,87.426,,80.95
7199,7199,0,0,1.08,0,0,1.08,0,0,0,0,37.6164,37.6164,387963.5401,397636.0401,37.6164,,34.83
7200,7200,0,0,1.08,0,0,1.08,0,0,0,0,9.2664,9.2664,387972.8065,397645.3065,9.2664,,8.58
7201,7201,0,0,1.07,0,0,1.07,0,0,0,0,7.0513,7.0513,387979.8578,397652.3578,7.0513,,6.59
7202,7202,0,0,1.08,0,0,1.08,0,0,0,0,6.5664,6.5664,387986.4242,397658.9242,6.5664,,6.08
7203,7203,0,0,1.09,0,0,1.09,0,0,0,0,6.976,6.976,387993.4002,397665.9002,6.976,,6.4
7204,7204,0,0,1.09,0,0,1.09,0,0,0,0,7.1722,7.1722,388000.5724,397673.0724,7.1722,,6.58
7205,7205,0,0,1.09,0,0,1.09,0,0,0,0,6.7144,6.7144,388007.2868,397679.7868,6.7144,,6.16
7206,7206,0,0,1.09,0,0,1.09,0,0,0,0,4.0984,4.0984,388011.3852,397683.8852,4.0984,,3.76
7207,7207,0,0,1.09,0,0,1.09,0,0,0,0,3.488,3.488,388014.8732,397687.3732,3.488,,3.2
7208,7208,0,0,1.07,0,0,1.07,0,0,0,0,3.4026,3.4026,388018.2758,397690.7758,3.4026,,3.18
7209,7209,0,0,0.2635,-0.75,-0.8065,1.07,0.75,0,0.75,3.75,0.224,-3.526,388014.7498,397690.9998,0.9095,,0.85
7210,7210,0.75,25,0.2635,-0.75,-0.8065,1.07,1.5,0,0.75,3.75,0,-3.75,388010.9998,397690.9998,0,,0
7211,7211,1.5,50,0.2635,-0.75,-0.8065,1.07,2.25,0,0.75,3.75,0.2741,-3.4759,388007.5239,397691.2739,1.1128,,1.04
7212,7212,2.25,75,0.2635,-0.75,-0.8065,1.07,3,0,0.75,3.75,0,-3.75,388003.7739,397691.2739,0,,0
7213,7213,3,100,1.07,0,0,1.07,3,0,0,0,1.2091,1.2091,388004.983,397692.483,1.2091,,1.13
7214,7214,3,100,1.06,0,0,1.06,3,0,0,0,3.4132,3.4132,388008.3962,397695.8962,3.4132,,3.22
7215,7215,3,100,1.07,0,0,1.07,3,0,0,0,4.0232,4.0232,388012.4194,397699.9194,4.0232,,3.76
7216,7216,3,100,0.88,0,0,0.88,3,0,0,0,5.6848,5.6848,388018.1042,397705.6042,5.6848,,6.46
7217,7217,3,100,0.88,0,0,0.88,3,0,0,0,24.8512,24.8512,388042.9554,397730.4554,24.8512,,28.24
7218,7218,3,100,0.52,0,0,0.52,3,0,0,0,42.094,42.094,388085.0494,397772.5494,42.094,,80.95
7219,7219,3,100,0.88,0,0,0.88,3,0,0,0,72.8904,72.8904,388157.9398,397845.4398,72.8904,,82.83
7220,7220,3,100,1.83,1,0.95,0.88,2,0,1,5,155.0193,150.0193,388307.9591,398000.4591,74.5448,,84.71
7221,7221,2,66.67,0.63,0,0,0.63,2,0,0,0,50.9985,50.9985,388358.9576,398051.4576,50.9985,,80.95
7222,7222,2,66.67,0.45,0,0,0.45,2,0,0,0,34.731,34.731,388393.6886,398086.1886,34.731,,77.18
7223,7223,2,66.67,2.54,2,1.9,0.64,0,0,2,10,215.1634,205.1634,388598.852,398301.352,54.2144,,84.71
7224,7224,0,0,0.63,0,0,0.63,0,0,0,0,32.0229,32.0229,388630.8749,398333.3749,32.0229,,50.83
7225,7225,0,0,0.0724,-0.5,-0.5376,0.61,0.5,0,0.5,2.5,2.4517,-0.0483,388630.8266,398335.8266,20.6668,,33.88
7226,7226,0.5,16.67,0.0724,-0.5,-0.5376,0.61,1,0,0.5,2.5,2.9503,0.4503,388631.2769,398338.7769,24.8697,,40.77
7227,7227,1,33.33,0.63,0,0,0.63,1,0,0,0,37.9512,37.9512,388669.2281,398376.7281,37.9512,,60.24
7228,7228,1,33.33,1.58,1,0.95,0.63,0,0,1,5,106.7764,101.7764,388771.0045,398483.5045,42.5754,,67.58
7229,7229,0,0,0.63,0,0,0.63,0,0,0,0,26.5041,26.5041,388797.5086,398510.0086,26.5041,,42.07
7230,7230,0,0,0.88,0,0,0.88,0,0,0,0,6.6264,6.6264,388804.135,398516.635,6.6264,,7.53
7231,7231,0,0,0.98,0,0,0.98,0,0,0,0,3.6946,3.6946,388807.8296,398520.3296,3.6946,,3.77
7232,7232,0,0,0.96,0,0,0.96,0,0,0,0,3.0912,3.0912,388810.9208,398523.4208,3.0912,,3.22
7233,7233,0,0,0.97,0,0,0.97,0,0,0,0,3.104,3.104,388814.0248,398526.5248,3.104,,3.2
7234,7234,0,0,0.1635,-0.75,-0.8065,0.97,0.75,0,0.75,3.75,0.2928,-3.4572,388810.5676,398526.8176,1.7363,,1.79
7235,7235,0.75,25,0.1635,-0.75,-0.8065,0.97,1.5,0,0.75,3.75,0.3075,-3.4425,388807.1251,398527.1251,1.8236,,1.88
7236,7236,1.5,50,0.2635,-0.75,-0.8065,1.07,2.25,0,0.75,3.75,0,-3.75,388803.3751,398527.1251,0,,0
7237,7237,2.25,75,0.2635,-0.75,-0.8065,1.07,3,0,0.75,3.75,0.2978,-3.4522,388799.9229,398527.4229,1.2091,,1.13
7238,7238,3,100,1.07,0,0,1.07,3,0,0,0,3.4454,3.4454,388803.3683,398530.8683,3.4454,,3.22
7239,7239,3,100,0.51,0,0,0.51,3,0,0,0,1.8717,1.8717,388805.24,398532.74,1.8717,,3.67
7240,7240,3,100,0.55,0,0,0.55,3,0,0,0,3.2615,3.2615,388808.5015,398536.0015,3.2615,,5.93
7241,7241,3,100,0.32,0,0,0.32,3,0,0,0,6.0256,6.0256,388814.5271,398542.0271,6.0256,,18.83
7242,7242,3,100,0.46,0,0,0.46,3,0,0,0,18.4,18.4,388832.9271,398560.4271,18.4,,40
7243,7243,3,100,0.55,0,0,0.55,3,0,0,0,41.415,41.415,388874.3421,398601.8421,41.415,,75.3
7244,7244,3,100,2.85,3,2.85,0,0,0,3,15,238.6875,223.6875,389098.0296,398840.5296,0,,83.75
7245,7245,0,0,0,0,0,0,0,0,0,0,0,0,389098.0296,398840.5296,0,,80.95
7246,7246,0,0,0,0,0,0,0,0,0,0,0,0,389098.0296,398840.5296,0,,77.18
7247,7247,0,0,0,0,0,0,0,0,0,0,0,0,389098.0296,398840.5296,0,,42.35
7248,7248,0,0,0,0,0,0,0,0,0,0,0,0,389098.0296,398840.5296,0,,41.65
7249,7249,0,0,0,0,0,0,0,0,0,0,0,0,389098.0296,398840.5296,0,,16.85
7250,7250,0,0,0,0,0,0,0,0,0,0,0,0,389098.0296,398840.5296,0,,6.12
7251,7251,0,0,0,0,0,0,0,0,0,0,0,0,389098.0296,398840.5296,0,,5.62
7252,7252,0,0,0,0,0,0,0,0,0,0,0,0,389098.0296,398840.5296,0,,5.62
7253,7253,0,0,0,0,0,0,0,0,0,0,0,0,389098.0296,398840.5296,0,,3.94
7254,7254,0,0,0,0,0,0,0,0,0,0,0,0,389098.0296,398840.5296,0,,3.2
7255,7255,0,0,0,0,0,0,0,0,0,0,0,0,389098.0296,398840.5296,0,,0.66
7256,7256,0,0,0,0,0,0,0,0,0,0,0,0,389098.0296,398840.5296,0,,3.18
7257,7257,0,0,0,0,0,0,0,0,0,0,0,0,389098.0296,398840.5296,0,,1.86
7258,7258,0,0,0,0,0,0,0,0,0,0,0,0,389098.0296,398840.5296,0,,0.36
7259,7259,0,0,0,0,0,0,0,0,0,0,0,0,389098.0296,398840.5296,0,,1.03
7260,7260,0,0,0,0,0,0,0,0,0,0,0,0,389098.0296,398840.5296,0,,0
7261,7261,0,0,0,0,0,0,0,0,0,0,0,0,389098.0296,398840.5296,0,,1.12
7262,7262,0,0,0,0,0,0,0,0,0,0,0,0,389098.0296,398840.5296,0,,3.18
7263,7263,0,0,0,0,0,0,0,0,0,0,0,0,389098.0296,398840.5296,0,,3.2
7264,7264,0,0,0,0,0,0,0,0,0,0,0,0,389098.0296,398840.5296,0,,4.68
7265,7265,0,0,0,0,0,0,0,0,0,0,0,0,389098.0296,398840.5296,0,,11.24
7266,7266,0,0,0,0,0,0,0,0,0,0,0,0,389098.0296,398840.5296,0,,22.47
7267,7267,0,0,1.08,0,0,1.08,0,0,0,0,72.8028,72.8028,389170.8324,398913.3324,72.8028,,67.41
7268,7268,0,0,1.07,0,0,1.07,0,0,0,0,85.0543,85.0543,389255.8867,398998.3867,85.0543,,79.49
7269,7269,0,0,1.07,0,0,1.07,0,0,0,0,82.1439,82.1439,389338.0306,399080.5306,82.1439,,76.77
7270,7270,0,0,1.08,0,0,1.08,0,0,0,0,61.1496,61.1496,389399.1802,399141.6802,61.1496,,56.62
7271,7271,0,0,1.08,0,0,1.08,0,0,0,0,24.2676,24.2676,389423.4478,399165.9478,24.2676,,22.47
7272,7272,0,0,1.08,0,0,1.08,0,0,0,0,30.1428,30.1428,389453.5906,399196.0906,30.1428,,27.91
7273,7273,0,0,1.07,0,0,1.07,0,0,0,0,14.0705,14.0705,389467.6611,399210.1611,14.0705,,13.15
7274,7274,0,0,1.07,0,0,1.07,0,0,0,0,14.0277,14.0277,389481.6888,399224.1888,14.0277,,13.11
7275,7275,0,0,0.71,0,0,0.71,0,0,0,0,13.2983,13.2983,389494.9871,399237.4871,13.2983,,18.73
7276,7276,0,0,0.78,0,0,0.78,0,0,0,0,14.6094,14.6094,389509.5965,399252.0965,14.6094,,18.73
7277,7277,0,0,0.78,0,0,0.78,0,0,0,0,14.5938,14.5938,389524.1903,399266.6903,14.5938,,18.71
7278,7278,0,0,0.78,0,0,0.78,0,0,0,0,4.3836,4.3836,389528.5739,399271.0739,4.3836,,5.62
7279,7279,0,0,0.5112,-0.25,-0.2688,0.78,0.25,0,0.25,1.25,1.8198,0.5698,389529.1437,399272.8937,2.7768,,3.56
7280,7280,0.25,8.33,0.96,0,0,0.96,0.25,0,0,0,3.6,3.6,389532.7437,399276.4937,3.6,,3.75
7281,7281,0.25,8.33,0.0135,-0.75,-0.8065,0.82,1,0,0.75,3.75,0.0444,-3.7056,389529.0381,399276.5381,2.6896,,3.28
7282,7282,1,33.33,0.0135,-0.75,-0.8065,0.82,1.75,0,0.75,3.75,0.0434,-3.7066,389525.3315,399276.5815,2.624,,3.2
7283,7283,1.75,58.33,0.2424,-0.5,-0.5376,0.78,2.25,0,0.5,2.5,0.7756,-1.7244,389523.6071,399277.3571,2.496,,3.2
7284,7284,2.25,75,0,0,0,0,2.25,0,0,0,0,0,389523.6071,399277.3571,0,,0.37
7285,7285,2.25,75,0.2212,-0.25,-0.2688,0.49,2.5,0,0.25,1.25,0.7078,-0.5422,389523.0649,399278.0649,1.568,,3.2
7286,7286,2.5,83.33,0.2324,-0.5,-0.5376,0.77,3,0,0.5,2.5,0.7831,-1.7169,389521.348,399278.848,2.5949,,3.37
7287,7287,3,100,1.03,0,0,1.03,3,0,0,0,3.7801,3.7801,389525.1281,399282.6281,3.7801,,3.67
7288,7288,3,100,1,0,0,1,3,0,0,0,4.89,4.89,389530.0181,399287.5181,4.89,,4.89
7289,7289,3,100,0.9,0,0,0.9,3,0,0,0,16.857,16.857,389546.8751,399304.3751,16.857,,18.73
7290,7290,3,100,0.7,0,0,0.7,3,0,0,0,29.498,29.498,389576.3731,399333.8731,29.498,,42.14
7291,7291,3,100,1.06,0,0,1.06,3,0,0,0,71.6772,71.6772,389648.0503,399405.5503,71.6772,,67.62
7292,7292,3,100,2.97,2,1.9,1.07,1,0,2,10,238.9068,228.9068,389876.9571,399644.4571,86.0708,,80.44
7293,7293,1,33.33,2.03,1,0.95,1.08,0,0,1,5,161.4053,156.4053,390033.3624,399805.8624,85.8708,,79.51
7294,7294,0,0,1,0,0,1,0,0,0,0,67.43,67.43,390100.7924,399873.2924,67.43,,67.43
7295,7295,0,0,0.2635,-0.75,-0.8065,1.07,0.75,0,0.75,3.75,7.2871,3.5371,390104.3295,399880.5795,29.5855,,27.65
7296,7296,0.75,25,1.7925,0.75,0.7125,1.08,0,0,0.75,3.75,107.6576,103.9076,390208.2371,399988.2371,64.8648,,60.06
7297,7297,0,0,1.08,0,0,1.08,0,0,0,0,38.5128,38.5128,390246.7499,400026.7499,38.5128,,35.66
7298,7298,0,0,0.2635,-0.75,-0.8065,1.07,0.75,0,0.75,3.75,4.9204,1.1704,390247.9203,400031.6703,19.9769,,18.67
7299,7299,0.75,25,0.2635,-0.75,-0.8065,1.07,1.5,0,0.75,3.75,4.9468,1.1968,390249.1171,400036.6171,20.0839,,18.77
7300,7300,1.5,50,2.505,1.5,1.425,1.08,0,0,1.5,7.5,89.3283,81.8283,390330.9454,400125.9454,38.5128,,35.66
7301,7301,0,0,1.08,0,0,1.08,0,0,0,0,26.2548,26.2548,390357.2002,400152.2002,26.2548,,24.31
7302,7302,0,0,1.08,0,0,1.08,0,0,0,0,18.2412,18.2412,390375.4414,400170.4414,18.2412,,16.89
7303,7303,0,0,1.08,0,0,1.08,0,0,0,0,12.1392,12.1392,390387.5806,400182.5806,12.1392,,11.24
7304,7304,0,0,1.06,0,0,1.06,0,0,0,0,14.8188,14.8188,390402.3994,400197.3994,14.8188,,13.98
7305,7305,0,0,1.06,0,0,1.06,0,0,0,0,11.9144,11.9144,390414.3138,400209.3138,11.9144,,11.24
7306,7306,0,0,0.2635,-0.75,-0.8065,1.07,0.75,0,0.75,3.75,1.4838,-2.2662,390412.0476,400210.7976,6.0241,,5.63
7307,7307,0.75,25,0.4324,-0.5,-0.5376,0.97,1.25,0,0.5,2.5,2.5985,0.0985,390412.1461,400213.3961,5.8297,,6.01
7308,7308,1.25,41.67,0.1635,-0.75,-0.8065,0.97,2,0,0.75,3.75,0.6133,-3.1367,390409.0094,400214.0094,3.6375,,3.75
7309,7309,2,66.67,0.0947,-1,-1.0753,1.17,3,0,1,5,0.4424,-4.5576,390404.4518,400214.4518,5.4639,,4.67
7310,7310,3,100,0.83,0,0,0.83,3,0,0,0,9.3292,9.3292,390413.781,400223.781,9.3292,,11.24
7311,7311,3,100,1.09,0,0,1.09,3,0,0,0,13.4179,13.4179,390427.1989,400237.1989,13.4179,,12.31
7312,7312,3,100,1.09,0,0,1.09,3,0,0,0,28.6452,28.6452,390455.8441,400265.8441,28.6452,,26.28
7313,7313,3,100,0,0,0,0,3,0,0,0,0,0,390455.8441,400265.8441,0,,59.88
7314,7314,3,100,0,0,0,0,3,0,0,0,0,0,390455.8441,400265.8441,0,,51.91
7315,7315,3,100,0,0,0,0,3,0,0,0,0,0,390455.8441,400265.8441,0,,72.18
7316,7316,3,100,2.85,3,2.85,0,0,0,3,15,225.8625,210.8625,390666.7066,400491.7066,0,,79.25
7317,7317,0,0,0,0,0,0,0,0,0,0,0,0,390666.7066,400491.7066,0,,74.99
7318,7318,0,0,0.1812,-0.25,-0.2688,0.45,0.25,0,0.25,1.25,9.5193,8.2693,390674.9759,400501.2259,23.643,,52.54
7319,7319,0.25,8.33,0.0147,-1,-1.0753,1.09,1.25,0,1,5,0.615,-4.385,390670.5909,400501.8409,45.5075,,41.75
7320,7320,1.25,41.67,2.2675,1.25,1.1875,1.08,0,0,1.25,6.25,172.33,166.08,390836.6709,400674.1709,82.08,,76
7321,7321,0,0,1.08,0,0,1.08,0,0,0,0,52.6608,52.6608,390889.3317,400726.8317,52.6608,,48.76
7322,7322,0,0,0.0047,-1,-1.0753,1.08,1,0,1,5,0.071,-4.929,390884.4027,400726.9027,16.2,,15
7323,7323,1,33.33,1.08,0,0,1.08,1,0,0,0,37.2924,37.2924,390921.6951,400764.1951,37.2924,,34.53
7324,7324,1,33.33,2.03,1,0.95,1.08,0,0,1,5,84.6713,79.6713,391001.3664,400848.8664,45.0468,,41.71
7325,7325,0,0,1.08,0,0,1.08,0,0,0,0,26.3304,26.3304,391027.6968,400875.1968,26.3304,,24.38
7326,7326,0,0,1.08,0,0,1.08,0,0,0,0,6.3288,6.3288,391034.0256,400881.5256,6.3288,,5.86
7327,7327,0,0,1.08,0,0,1.08,0,0,0,0,4.05,4.05,391038.0756,400885.5756,4.05,,3.75
7328,7328,0,0,1.17,0,0,1.17,0,0,0,0,4.3758,4.3758,391042.4514,400889.9514,4.3758,,3.74
7329,7329,0,0,1.17,0,0,1.17,0,0,0,0,3.861,3.861,391046.3124,400893.8124,3.861,,3.3
7330,7330,0,0,0.3635,-0.75,-0.8065,1.17,0.75,0,0.75,3.75,1.167,-2.583,391043.7294,400894.9794,3.7557,,3.21
7331,7331,0.75,25,0.3635,-0.75,-0.8065,1.17,1.5,0,0.75,3.75,1.167,-2.583,391041.1464,400896.1464,3.7557,,3.21
7332,7332,1.5,50,0.0947,-1,-1.0753,1.17,2.5,0,1,5,0.1724,-4.8276,391036.3188,400896.3188,2.1294,,1.82
7333,7333,2.5,83.33,0.6324,-0.5,-0.5376,1.17,3,0,0.5,2.5,2.0299,-0.4701,391035.8487,400898.3487,3.7557,,3.21
7334,7334,3,100,1.17,0,0,1.17,3,0,0,0,3.7908,3.7908,391039.6395,400902.1395,3.7908,,3.24
7335,7335,3,100,1.17,0,0,1.17,3,0,0,0,4.1652,4.1652,391043.8047,400906.3047,4.1652,,3.56
7336,7336,3,100,1.19,0,0,1.19,3,0,0,0,4.5696,4.5696,391048.3743,400910.8743,4.5696,,3.84
7337,7337,3,100,1.19,0,0,1.19,3,0,0,0,13.3637,13.3637,391061.738,400924.238,13.3637,,11.23
7338,7338,3,100,1.19,0,0,1.19,3,0,0,0,22.3125,22.3125,391084.0505,400946.5505,22.3125,,18.75
7339,7339,3,100,1.19,0,0,1.19,3,0,0,0,54.2283,54.2283,391138.2788,401000.7788,54.2283,,45.57
7340,7340,3,100,2.8425,1.75,1.6625,1.18,1.25,0,1.75,8.75,204.9727,196.2227,391334.5015,401205.7515,85.0898,,72.11
7341,7341,1.25,41.67,2.3675,1.25,1.1875,1.18,0,0,1.25,6.25,164.2571,158.0071,391492.5086,401370.0086,81.8684,,69.38
7342,7342,0,0,1.18,0,0,1.18,0,0,0,0,39.825,39.825,391532.3336,401409.8336,39.825,,33.75
7343,7343,0,0,1.19,0,0,1.19,0,0,0,0,31.2375,31.2375,391563.5711,401441.0711,31.2375,,26.25
7344,7344,0,0,1.17,0,0,1.17,0,0,0,0,21.9024,21.9024,391585.4735,401462.9735,21.9024,,18.72
7345,7345,0,0,1.06,0,0,1.06,0,0,0,0,7.2398,7.2398,391592.7133,401470.2133,7.2398,,6.83
7346,7346,0,0,1.06,0,0,1.06,0,0,0,0,5.9572,5.9572,391598.6705,401476.1705,5.9572,,5.62
7347,7347,0,0,1.06,0,0,1.06,0,0,0,0,6.0314,6.0314,391604.7019,401482.2019,6.0314,,5.69
7348,7348,0,0,1.06,0,0,1.06,0,0,0,0,6.5508,6.5508,391611.2527,401488.7527,6.5508,,6.18
7349,7349,0,0,1.07,0,0,1.07,0,0,0,0,6.0134,6.0134,391617.2661,401494.7661,6.0134,,5.62
7350,7350,0,0,1.07,0,0,1.07,0,0,0,0,3.4668,3.4668,391620.7329,401498.2329,3.4668,,3.24
7351,7351,0,0,0.2635,-0.75,-0.8065,1.07,0.75,0,0.75,3.75,0,-3.75,391616.9829,401498.2329,0,,0
7352,7352,0.75,25,0.2535,-0.75,-0.8065,1.06,1.5,0,0.75,3.75,0,-3.75,391613.2329,401498.2329,0,,0
7353,7353,1.5,50,0.2535,-0.75,-0.8065,1.06,2.25,0,0.75,3.75,0,-3.75,391609.4829,401498.2329,0,,0
7354,7354,2.25,75,0.2535,-0.75,-0.8065,1.06,3,0,0.75,3.75,0,-3.75,391605.7329,401498.2329,0,,0
7355,7355,3,100,1.06,0,0,1.06,3,0,0,0,0,0,391605.7329,401498.2329,0,,0
7356,7356,3,100,1.07,0,0,1.07,3,0,0,0,0,0,391605.7329,401498.2329,0,,0
7357,7357,3,100,1.07,0,0,1.07,3,0,0,0,0,0,391605.7329,401498.2329,0,,0
7358,7358,3,100,1.07,0,0,1.07,3,0,0,0,0,0,391605.7329,401498.2329,0,,0
7359,7359,3,100,1.07,0,0,1.07,3,0,0,0,0,0,391605.7329,401498.2329,0,,0
7360,7360,3,100,1.07,0,0,1.07,3,0,0,0,0,0,391605.7329,401498.2329,0,,0
7361,7361,3,100,1.07,0,0,1.07,3,0,0,0,3.424,3.424,391609.1569,401501.6569,3.424,,3.2
7362,7362,3,100,1.08,0,0,1.08,3,0,0,0,4.1904,4.1904,391613.3473,401505.8473,4.1904,,3.88
7363,7363,3,100,0.98,0,0,0.98,3,0,0,0,12.838,12.838,391626.1853,401518.6853,12.838,,13.1
7364,7364,3,100,2.89,2,1.9,0.99,1,0,2,10,146.0895,136.0895,391762.2748,401664.7748,50.0445,,50.55
7365,7365,1,33.33,1.73,1,0.95,0.78,0,0,1,5,53.4397,48.4397,391810.7145,401718.2145,24.0942,,30.89
7366,7366,0,0,0.77,0,0,0.77,0,0,0,0,11.5346,11.5346,391822.2491,401729.7491,11.5346,,14.98
7367,7367,0,0,0.79,0,0,0.79,0,0,0,0,4.661,4.661,391826.9101,401734.4101,4.661,,5.9
7368,7368,0,0,0.78,0,0,0.78,0,0,0,0,8.7594,8.7594,391835.6695,401743.1695,8.7594,,11.23
7369,7369,0,0,0.78,0,0,0.78,0,0,0,0,4.602,4.602,391840.2715,401747.7715,4.602,,5.9
7370,7370,0,0,0.78,0,0,0.78,0,0,0,0,4.3836,4.3836,391844.6551,401752.1551,4.3836,,5.62
7371,7371,0,0,0.78,0,0,0.78,0,0,0,0,3.6504,3.6504,391848.3055,401755.8055,3.6504,,4.68
7372,7372,0,0,0.79,0,0,0.79,0,0,0,0,3.6972,3.6972,391852.0027,401759.5027,3.6972,,4.68
7373,7373,0,0,0.79,0,0,0.79,0,0,0,0,2.9546,2.9546,391854.9573,401762.4573,2.9546,,3.74
7374,7374,0,0,0.2424,-0.5,-0.5376,0.78,0.5,0,0.5,2.5,0.7756,-1.7244,391853.2329,401763.2329,2.496,,3.2
7375,7375,0.5,16.67,0.2424,-0.5,-0.5376,0.78,1,0,0.5,2.5,0.7707,-1.7293,391851.5036,401764.0036,2.4804,,3.18
7376,7376,1,33.33,0.89,0,0,0.89,1,0,0,0,3.3108,3.3108,391854.8144,401767.3144,3.3108,,3.72
7377,7377,1,33.33,1.07,0,0,1.07,1,0,0,0,3.6059,3.6059,391858.4203,401770.9203,3.6059,,3.37
7378,7378,1,33.33,0.2635,-0.75,-0.8065,1.07,1.75,0,0.75,3.75,0.8434,-2.9066,391855.5137,401771.7637,3.424,,3.2
7379,7379,1.75,58.33,0.8012,-0.25,-0.2688,1.07,2,0,0.25,1.25,2.5638,1.3138,391856.8275,401774.3275,3.424,,3.2
7380,7380,2,66.67,0.0447,-1,-1.0753,1.12,3,0,1,5,0.1006,-4.8994,391851.9281,401774.4281,2.52,,2.25
7381,7381,3,100,1.12,0,0,1.12,3,0,0,0,3.584,3.584,391855.5121,401778.0121,3.584,,3.2
7382,7382,3,100,1.12,0,0,1.12,3,0,0,0,4.1104,4.1104,391859.6225,401782.1225,4.1104,,3.67
7383,7383,3,100,1.12,0,0,1.12,3,0,0,0,4.1888,4.1888,391863.8113,401786.3113,4.1888,,3.74
7384,7384,3,100,1.12,0,0,1.12,3,0,0,0,6.3728,6.3728,391870.1841,401792.6841,6.3728,,5.69
7385,7385,3,100,1.14,0,0,1.14,3,0,0,0,12.8022,12.8022,391882.9863,401805.4863,12.8022,,11.23
7386,7386,3,100,1.08,0,0,1.08,3,0,0,0,20.2176,20.2176,391903.2039,401825.7039,20.2176,,18.72
7387,7387,3,100,1.09,0,0,1.09,3,0,0,0,41.5617,41.5617,391944.7656,401867.2656,41.5617,,38.13
7388,7388,3,100,2.98,2,1.9,1.08,1,0,2,10,214.5302,204.5302,392149.2958,402081.7958,77.7492,,71.99
7389,7389,1,33.33,1.93,1,0.95,0.98,0,0,1,5,130.082,125.082,392274.3778,402211.8778,66.052,,67.4
7390,7390,0,0,0.99,0,0,0.99,0,0,0,0,33.363,33.363,392307.7408,402245.2408,33.363,,33.7
7391,7391,0,0,0.99,0,0,0.99,0,0,0,0,27.7992,27.7992,392335.54,402273.04,27.7992,,28.08
7392,7392,0,0,0.98,0,0,0.98,0,0,0,0,41.2776,41.2776,392376.8176,402314.3176,41.2776,,42.12
7393,7393,0,0,0.98,0,0,0.98,0,0,0,0,19.8156,19.8156,392396.6332,402334.1332,19.8156,,20.22
7394,7394,0,0,0.97,0,0,0.97,0,0,0,0,18.1584,18.1584,392414.7916,402352.2916,18.1584,,18.72
7395,7395,0,0,0.97,0,0,0.97,0,0,0,0,18.1584,18.1584,392432.95,402370.45,18.1584,,18.72
7396,7396,0,0,0.98,0,0,0.98,0,0,0,0,18.3358,18.3358,392451.2858,402388.7858,18.3358,,18.71
7397,7397,0,0,0.98,0,0,0.98,0,0,0,0,10.9858,10.9858,392462.2716,402399.7716,10.9858,,11.21
7398,7398,0,0,0.98,0,0,0.98,0,0,0,0,4.6256,4.6256,392466.8972,402404.3972,4.6256,,4.72
7399,7399,0,0,1.07,0,0,1.07,0,0,0,0,4.0018,4.0018,392470.899,402408.399,4.0018,,3.74
7400,7400,0,0,1.08,0,0,1.08,0,0,0,0,6.0696,6.0696,392476.9686,402414.4686,6.0696,,5.62
7401,7401,0,0,1.08,0,0,1.08,0,0,0,0,4.8492,4.8492,392481.8178,402419.3178,4.8492,,4.49
7402,7402,0,0,1.08,0,0,1.08,0,0,0,0,4.0392,4.0392,392485.857,402423.357,4.0392,,3.74
7403,7403,0,0,0.0047,-1,-1.0753,1.08,1,0,1,5,0.0176,-4.9824,392480.8746,402423.3746,4.0284,,3.73
7404,7404,1,33.33,0.0047,-1,-1.0753,1.08,2,0,1,5,0.0151,-4.9849,392475.8897,402423.3897,3.456,,3.2
7405,7405,2,66.67,0.0047,-1,-1.0753,1.08,3,0,1,5,0.0176,-4.9824,392470.9073,402423.4073,4.0284,,3.73
7406,7406,3,100,1.07,0,0,1.07,3,0,0,0,5.0076,5.0076,392475.9149,402428.4149,5.0076,,4.68
7407,7407,3,100,1.06,0,0,1.06,3,0,0,0,6.943,6.943,392482.8579,402435.3579,6.943,,6.55
7408,7408,3,100,1.06,0,0,1.06,3,0,0,0,15.8788,15.8788,392498.7367,402451.2367,15.8788,,14.98
7409,7409,3,100,1.08,0,0,1.08,3,0,0,0,54.594,54.594,392553.3307,402505.8307,54.594,,50.55
7410,7410,3,100,1.08,0,0,1.08,3,0,0,0,51.9588,51.9588,392605.2895,402557.7895,51.9588,,48.11
7411,7411,3,100,1.08,0,0,1.08,3,0,0,0,72.792,72.792,392678.0815,402630.5815,72.792,,67.4
7412,7412,3,100,2.97,2,1.9,1.07,1,0,2,10,232.1946,222.1946,392900.2761,402862.7761,83.6526,,78.18
7413,7413,1,33.33,2.02,1,0.95,1.07,0,0,1,5,155.0552,150.0552,393050.3313,403017.8313,82.1332,,76.76
7414,7414,0,0,1.07,0,0,1.07,0,0,0,0,72.011,72.011,393122.3423,403089.8423,72.011,,67.3
7415,7415,0,0,0.0047,-1,-1.0753,1.08,1,0,1,5,0.197,-4.803,393117.5393,403090.0393,44.9712,,41.64
7416,7416,1,33.33,2.02,1,0.95,1.07,0,0,1,5,133.3806,128.3806,393245.9199,403223.4199,70.6521,,66.03
7417,7417,0,0,1.07,0,0,1.07,0,0,0,0,38.3595,38.3595,393284.2794,403261.7794,38.3595,,35.85
7418,7418,0,0,0.2635,-0.75,-0.8065,1.07,0.75,0,0.75,3.75,4.9732,1.2232,393285.5026,403266.7526,20.1909,,18.87
7419,7419,0.75,25,1.08,0,0,1.08,0.75,0,0,0,23.9436,23.9436,393309.4462,403290.6962,23.9436,,22.17
7420,7420,0.75,25,1.7825,0.75,0.7125,1.07,0,0,0.75,3.75,57.1648,53.4148,393362.861,403347.861,34.3149,,32.07
7421,7421,0,0,1.07,0,0,1.07,0,0,0,0,24.2248,24.2248,393387.0858,403372.0858,24.2248,,22.64
7422,7422,0,0,0,0,0,0,0,0,0,0,0,0,393387.0858,403372.0858,0,,11.3
7423,7423,0,0,0.1735,-0.75,-0.8065,0.98,0.75,0,0.75,3.75,1.1229,-2.6271,393384.4587,403373.2087,6.3406,,6.47
7424,7424,0.75,25,0.98,0,0,0.98,0.75,0,0,0,18.4926,18.4926,393402.9513,403391.7013,18.4926,,18.87
7425,7425,0.75,25,0.97,0,0,0.97,0.75,0,0,0,18.1584,18.1584,393421.1097,403409.8597,18.1584,,18.72
7426,7426,0.75,25,0.96,0,0,0.96,0.75,0,0,0,7.2768,7.2768,393428.3865,403417.1365,7.2768,,7.58
7427,7427,0.75,25,0.1635,-0.75,-0.8065,0.97,1.5,0,0.75,3.75,1.1268,-2.6232,393425.7633,403418.2633,6.6833,,6.89
7428,7428,1.5,50,0.1635,-0.75,-0.8065,0.97,2.25,0,0.75,3.75,0.7409,-3.0091,393422.7542,403419.0042,4.3941,,4.53
7429,7429,2.25,75,0.1635,-0.75,-0.8065,0.97,3,0,0.75,3.75,1.0958,-2.6542,393420.1,403420.1,6.499,,6.7
7430,7430,3,100,0.97,0,0,0.97,3,0,0,0,21.9608,21.9608,393442.0608,403442.0608,21.9608,,22.64
7431,7431,3,100,0.98,0,0,0.98,3,0,0,0,42.1106,42.1106,393484.1714,403484.1714,42.1106,,42.97
7432,7432,3,100,0.98,0,0,0.98,3,0,0,0,46.9224,46.9224,393531.0938,403531.0938,46.9224,,47.88
7433,7433,3,100,0.98,0,0,0.98,3,0,0,0,71.9222,71.9222,393603.016,403603.016,71.9222,,73.39
7434,7434,3,100,0.98,0,0,0.98,3,0,0,0,66.5616,66.5616,393669.5776,403669.5776,66.5616,,67.92
7435,7435,3,100,0.97,0,0,0.97,3,0,0,0,65.8824,65.8824,393735.46,403735.46,65.8824,,67.92
7436,7436,3,100,1.92,1,0.95,0.97,2,0,1,5,148.512,143.512,393878.972,403883.972,75.0295,,77.35
7437,7437,2,66.67,2.87,2,1.9,0.97,0,0,2,10,221.9945,211.9945,394090.9665,404105.9665,75.0295,,77.35
7438,7438,0,0,0.98,0,0,0.98,0,0,0,0,60.0936,60.0936,394151.0601,404166.0601,60.0936,,61.32
7439,7439,0,0,0.98,0,0,0.98,0,0,0,0,57.4574,57.4574,394208.5175,404223.5175,57.4574,,58.63
7440,7440,0,0,0.97,0,0,0.97,0,0,0,0,45.59,45.59,394254.1075,404269.1075,45.59,,47
7441,7441,0,0,0.97,0,0,0.97,0,0,0,0,27.354,27.354,394281.4615,404296.4615,27.354,,28.2
7442,7442,0,0,0.2635,-0.75,-0.8065,1.07,0.75,0,0.75,3.75,4.9547,1.2047,394282.6662,404301.4162,20.116,,18.8
7443,7443,0.75,25,1.07,0,0,1.07,0.75,0,0,0,44.2552,44.2552,394326.9214,404345.6714,44.2552,,41.36
7444,7444,0.75,25,1.7925,0.75,0.7125,1.08,0,0,0.75,3.75,74.1378,70.3878,394397.3092,404419.8092,44.6688,,41.36
7445,7445,0,0,1.08,0,0,1.08,0,0,0,0,20.304,20.304,394417.6132,404440.1132,20.304,,18.8
7446,7446,0,0,1.08,0,0,1.08,0,0,0,0,12.1608,12.1608,394429.774,404452.274,12.1608,,11.26
7447,7447,0,0,0.0047,-1,-1.0753,1.08,1,0,1,5,0.0267,-4.9733,394424.8007,404452.3007,6.0912,,5.64
7448,7448,1,33.33,1.12,0,0,1.12,1,0,0,0,16.8448,16.8448,394441.6455,404469.1455,16.8448,,15.04
7449,7449,1,33.33,1.13,0,0,1.13,1,0,0,0,12.7238,12.7238,394454.3693,404481.8693,12.7238,,11.26
7450,7450,1,33.33,1.13,0,0,1.13,1,0,0,0,6.6105,6.6105,394460.9798,404488.4798,6.6105,,5.85
7451,7451,1,33.33,0.0547,-1,-1.0753,1.13,2,0,1,5,0.3087,-4.6913,394456.2885,404488.7885,6.3732,,5.64
7452,7452,2,66.67,0.0447,-1,-1.0753,1.12,3,0,1,5,0.1682,-4.8318,394451.4567,404488.9567,4.2112,,3.76
7453,7453,3,100,1.12,0,0,1.12,3,0,0,0,6.3168,6.3168,394457.7735,404495.2735,6.3168,,5.64
7454,7454,3,100,1.12,0,0,1.12,3,0,0,0,12.6112,12.6112,394470.3847,404507.8847,12.6112,,11.26
7455,7455,3,100,1.11,0,0,1.11,3,0,0,0,13.542,13.542,394483.9267,404521.4267,13.542,,12.2
7456,7456,3,100,1.12,0,0,1.12,3,0,0,0,31.584,31.584,394515.5107,404553.0107,31.584,,28.2
7457,7457,3,100,1.12,0,0,1.12,3,0,0,0,58.6544,58.6544,394574.1651,404611.6651,58.6544,,52.37
7458,7458,3,100,1.1,0,0,1.1,3,0,0,0,63.074,63.074,394637.2391,404674.7391,63.074,,57.34
7459,7459,3,100,1.12,0,0,1.12,3,0,0,0,83.6864,83.6864,394720.9255,404758.4255,83.6864,,74.72
7460,7460,3,100,2.05,1,0.95,1.1,2,0,1,5,158.014,153.014,394873.9395,404916.4395,84.788,,77.08
7461,7461,2,66.67,2.98,2,1.9,1.08,0,0,2,10,229.9666,219.9666,395093.9061,405146.4061,83.3436,,77.17
7462,7462,0,0,1.07,0,0,1.07,0,0,0,0,70.406,70.406,395164.3121,405216.8121,70.406,,65.8
7463,7463,0,0,1.08,0,0,1.08,0,0,0,0,71.4636,71.4636,395235.7757,405288.2757,71.4636,,66.17
7464,7464,0,0,1.07,0,0,1.07,0,0,0,0,50.29,50.29,395286.0657,405338.5657,50.29,,47
7465,7465,0,0,1.07,0,0,1.07,0,0,0,0,40.232,40.232,395326.2977,405378.7977,40.232,,37.6
7466,7466,0,0,1.07,0,0,1.07,0,0,0,0,38.2204,38.2204,395364.5181,405417.0181,38.2204,,35.72
7467,7467,0,0,1.07,0,0,1.07,0,0,0,0,45.261,45.261,395409.7791,405462.2791,45.261,,42.3
7468,7468,0,0,1.07,0,0,1.07,0,0,0,0,44.7474,44.7474,395454.5265,405507.0265,44.7474,,41.82
7469,7469,0,0,1.07,0,0,1.07,0,0,0,0,32.1856,32.1856,395486.7121,405539.2121,32.1856,,30.08
7470,7470,0,0,1.07,0,0,1.07,0,0,0,0,24.1392,24.1392,395510.8513,405563.3513,24.1392,,22.56
7471,7471,0,0,0.2635,-0.75,-0.8065,1.07,0.75,0,0.75,3.75,1.7579,-1.9921,395508.8592,405565.1092,7.1369,,6.67
7472,7472,0.75,25,1.7825,0.75,0.7125,1.07,0,0,0.75,3.75,33.511,29.761,395538.6202,405598.6202,20.116,,18.8
7473,7473,0,0,1.08,0,0,1.08,0,0,0,0,12.1608,12.1608,395550.781,405610.781,12.1608,,11.26
7474,7474,0,0,0.0047,-1,-1.0753,1.08,1,0,1,5,0.027,-4.973,395545.808,405610.808,6.156,,5.7
7475,7475,1,33.33,0.5224,-0.5,-0.5376,1.06,1.5,0,0.5,2.5,2.9775,0.4775,395546.2855,405613.7855,6.042,,5.7
7476,7476,1.5,50,0.2635,-0.75,-0.8065,1.07,2.25,0,0.75,3.75,0.9857,-2.7643,395543.5212,405614.7712,4.0018,,3.74
7477,7477,2.25,75,0.2435,-0.75,-0.8065,1.05,3,0,0.75,3.75,0.9157,-2.8343,395540.6869,405615.6869,3.948,,3.76
7478,7478,3,100,1.06,0,0,1.06,3,0,0,0,11.9356,11.9356,395552.6225,405627.6225,11.9356,,11.26
7479,7479,3,100,1.05,0,0,1.05,3,0,0,0,9.87,9.87,395562.4925,405637.4925,9.87,,9.4
7480,7480,3,100,1.06,0,0,1.06,3,0,0,0,19.928,19.928,395582.4205,405657.4205,19.928,,18.8
7481,7481,3,100,1.08,0,0,1.08,3,0,0,0,33.5016,33.5016,395615.9221,405690.9221,33.5016,,31.02
7482,7482,3,100,1.06,0,0,1.06,3,0,0,0,19.928,19.928,395635.8501,405710.8501,19.928,,18.8
7483,7483,3,100,1.07,0,0,1.07,3,0,0,0,72.3213,72.3213,395708.1714,405783.1714,72.3213,,67.59
7484,7484,3,100,2.96,2,1.9,1.06,1,0,2,10,221.1712,211.1712,395919.3426,406004.3426,79.2032,,74.72
7485,7485,1,33.33,2.01,1,0.95,1.06,0,0,1,5,146.4687,141.4687,396060.8113,406150.8113,77.2422,,72.87
7486,7486,0,0,1.06,0,0,1.06,0,0,0,0,38.8596,38.8596,396099.6709,406189.6709,38.8596,,36.66
7487,7487,0,0,0.1735,-0.75,-0.8065,0.98,0.75,0,0.75,3.75,2.2839,-1.4661,396098.2048,406191.9548,12.8968,,13.16
7488,7488,0.75,25,1.6925,0.75,0.7125,0.98,0,0,0.75,3.75,62.0978,58.3478,396156.5526,406254.0526,35.9562,,36.69
7489,7489,0,0,0.98,0,0,0.98,0,0,0,0,27.6556,27.6556,396184.2082,406281.7082,27.6556,,28.22
7490,7490,0,0,0.97,0,0,0.97,0,0,0,0,18.2457,18.2457,396202.4539,406299.9539,18.2457,,18.81
7491,7491,0,0,0.96,0,0,0.96,0,0,0,0,18.0576,18.0576,396220.5115,406318.0115,18.0576,,18.81
7492,7492,0,0,0.98,0,0,0.98,0,0,0,0,14.749,14.749,396235.2605,406332.7605,14.749,,15.05
7493,7493,0,0,0.98,0,0,0.98,0,0,0,0,9.2218,9.2218,396244.4823,406341.9823,9.2218,,9.41
7494,7494,0,0,0.98,0,0,0.98,0,0,0,0,4.5864,4.5864,396249.0687,406346.5687,4.5864,,4.68
7495,7495,0,0,0.1735,-0.75,-0.8065,0.98,0.75,0,0.75,3.75,0.564,-3.186,396245.8827,406347.1327,3.185,,3.25
7496,7496,0.75,25,0.98,0,0,0.98,0.75,0,0,0,3.2242,3.2242,396249.1069,406350.3569,3.2242,,3.29
7497,7497,0.75,25,0.95,0,0,0.95,0.75,0,0,0,3.1255,3.1255,396252.2324,406353.4824,3.1255,,3.29
7498,7498,0.75,25,0.1635,-0.75,-0.8065,0.97,1.5,0,0.75,3.75,0.5299,-3.2201,396249.0123,406354.0123,3.1428,,3.24
7499,7499,1.5,50,0.1635,-0.75,-0.8065,0.97,2.25,0,0.75,3.75,0.5315,-3.2185,396245.7938,406354.5438,3.1525,,3.25
7500,7500,2.25,75,0.1435,-0.75,-0.8065,0.95,3,0,0.75,3.75,0.4622,-3.2878,396242.506,406355.006,3.059,,3.22
7501,7501,3,100,0.96,0,0,0.96,3,0,0,0,3.1296,3.1296,396245.6356,406358.1356,3.1296,,3.26
7502,7502,3,100,0.96,0,0,0.96,3,0,0,0,3.6096,3.6096,396249.2452,406361.7452,3.6096,,3.76
7503,7503,3,100,0.95,0,0,0.95,3,0,0,0,4.294,4.294,396253.5392,406366.0392,4.294,,4.52
7504,7504,3,100,0.99,0,0,0.99,3,0,0,0,4.6926,4.6926,396258.2318,406370.7318,4.6926,,4.74
7505,7505,3,100,0.98,0,0,0.98,3,0,0,0,5.5272,5.5272,396263.759,406376.259,5.5272,,5.64
7506,7506,3,100,0.98,0,0,0.98,3,0,0,0,5.7134,5.7134,396269.4724,406381.9724,5.7134,,5.83
7507,7507,3,100,0.98,0,0,0.98,3,0,0,0,18.4338,18.4338,396287.9062,406400.4062,18.4338,,18.81
7508,7508,3,100,1.93,1,0.95,0.98,2,0,1,5,72.6259,67.6259,396355.5321,406473.0321,36.8774,,37.63
7509,7509,2,66.67,2.89,2,1.9,0.99,0,0,2,10,108.7507,98.7507,396454.2828,406581.7828,37.2537,,37.63
7510,7510,0,0,0.99,0,0,0.99,0,0,0,0,24.2154,24.2154,396478.4982,406605.9982,24.2154,,24.46
7511,7511,0,0,0.97,0,0,0.97,0,0,0,0,13.4345,13.4345,396491.9327,406619.4327,13.4345,,13.85
7512,7512,0,0,0.97,0,0,0.97,0,0,0,0,18.1875,18.1875,396510.1202,406637.6202,18.1875,,18.75
7513,7513,0,0,0.97,0,0,0.97,0,0,0,0,12.7264,12.7264,396522.8466,406650.3466,12.7264,,13.12
7514,7514,0,0,0.97,0,0,0.97,0,0,0,0,9.0889,9.0889,396531.9355,406659.4355,9.0889,,9.37
7515,7515,0,0,1.12,0,0,1.12,0,0,0,0,7.6832,7.6832,396539.6187,406667.1187,7.6832,,6.86
7516,7516,0,0,1.11,0,0,1.11,0,0,0,0,6.66,6.66,396546.2787,406673.7787,6.66,,6
7517,7517,0,0,1.12,0,0,1.12,0,0,0,0,6.2944,6.2944,396552.5731,406680.0731,6.2944,,5.62
7518,7518,0,0,1.12,0,0,1.12,0,0,0,0,3.6736,3.6736,396556.2467,406683.7467,3.6736,,3.28
7519,7519,0,0,1.11,0,0,1.11,0,0,0,0,1.0434,1.0434,396557.2901,406684.7901,1.0434,,0.94
7520,7520,0,0,0.0347,-1,-1.0753,1.11,1,0,1,5,0,-5,396552.2901,406684.7901,0,,0
7521,7521,1,33.33,0.0247,-1,-1.0753,1.1,2,0,1,5,0,-5,396547.2901,406684.7901,0,,0
7522,7522,2,66.67,0.0347,-1,-1.0753,1.11,3,0,1,5,0,-5,396542.2901,406684.7901,0,,0
7523,7523,3,100,1.11,0,0,1.11,3,0,0,0,0,0,396542.2901,406684.7901,0,,0
7524,7524,3,100,1.1,0,0,1.1,3,0,0,0,0,0,396542.2901,406684.7901,0,,0
7525,7525,3,100,1.1,0,0,1.1,3,0,0,0,0,0,396542.2901,406684.7901,0,,0
7526,7526,3,100,1.1,0,0,1.1,3,0,0,0,0,0,396542.2901,406684.7901,0,,0
7527,7527,3,100,1.1,0,0,1.1,3,0,0,0,0,0,396542.2901,406684.7901,0,,0
7528,7528,3,100,1.1,0,0,1.1,3,0,0,0,3.509,3.509,396545.7991,406688.2991,3.509,,3.19
7529,7529,3,100,1.11,0,0,1.11,3,0,0,0,4.1625,4.1625,396549.9616,406692.4616,4.1625,,3.75
7530,7530,3,100,1.12,0,0,1.12,3,0,0,0,6.9552,6.9552,396556.9168,406699.4168,6.9552,,6.21
7531,7531,3,100,1.12,0,0,1.12,3,0,0,0,23.0944,23.0944,396580.0112,406722.5112,23.0944,,20.62
7532,7532,3,100,3,2,1.9,1.11,1,0.01,2,10,140.61,130.61,396710.6212,406863.1212,52.0257,,46.87
7533,7533,1,33.33,2.07,1,0.95,1.12,0,0,1,5,77.6043,72.6043,396783.2255,406940.7255,41.9888,,37.49
7534,7534,0,0,1.13,0,0,1.13,0,0,0,0,40.2506,40.2506,396823.4761,406980.9761,40.2506,,35.62
7535,7535,0,0,1.12,0,0,1.12,0,0,0,0,25.2,25.2,396848.6761,407006.1761,25.2,,22.5
7536,7536,0,0,1.12,0,0,1.12,0,0,0,0,14.6944,14.6944,396863.3705,407020.8705,14.6944,,13.12
7537,7537,0,0,0.0447,-1,-1.0753,1.12,1,0,1,5,0.2684,-4.7316,396858.6389,407021.1389,6.72,,6
7538,7538,1,33.33,0.0447,-1,-1.0753,1.12,2,0,1,5,0.2541,-4.7459,396853.893,407021.393,6.3616,,5.68
7539,7539,2,66.67,1.13,0,0,1.13,2,0,0,0,21.1875,21.1875,396875.0805,407042.5805,21.1875,,18.75
7540,7540,2,66.67,1.3575,0.25,0.2375,1.12,1.75,0,0.25,1.25,25.4531,24.2031,396899.2836,407068.0336,21,,18.75
7541,7541,1.75,58.33,2.7925,1.75,1.6625,1.13,0,0,1.75,8.75,52.3594,43.6094,396942.893,407120.393,21.1875,,18.75
7542,7542,0,0,1.12,0,0,1.12,0,0,0,0,7.4592,7.4592,396950.3522,407127.8522,7.4592,,6.66
7543,7543,0,0,0.0447,-1,-1.0753,1.12,1,0,1,5,0.1736,-4.8264,396945.5258,407128.0258,4.3456,,3.88
7544,7544,1,33.33,1.13,0,0,1.13,1,0,0,0,8.4524,8.4524,396953.9782,407136.4782,8.4524,,7.48
7545,7545,1,33.33,1.1,0,0,1.1,1,0,0,0,7.524,7.524,396961.5022,407144.0022,7.524,,6.84
7546,7546,1,33.33,0.0447,-1,-1.0753,1.12,2,0,1,5,0.2514,-4.7486,396956.7536,407144.2536,6.2944,,5.62
7547,7547,2,66.67,1.11,0,0,1.11,2,0,0,0,6.8709,6.8709,396963.6245,407151.1245,6.8709,,6.19
7548,7548,2,66.67,0.0347,-1,-1.0753,1.11,3,0,1,5,0.1348,-4.8652,396958.7593,407151.2593,4.3068,,3.88
7549,7549,3,100,1.1,0,0,1.1,3,0,0,0,6.248,6.248,396965.0073,407157.5073,6.248,,5.68
7550,7550,3,100,1.1,0,0,1.1,3,0,0,0,10.307,10.307,396975.3143,407167.8143,10.307,,9.37
7551,7551,3,100,1.1,0,0,1.1,3,0,0,0,20.603,20.603,396995.9173,407188.4173,20.603,,18.73
7552,7552,3,100,1.12,0,0,1.12,3,0,0,0,21,21,397016.9173,407209.4173,21,,18.75
7553,7553,3,100,1.13,0,0,1.13,3,0,0,0,42.3637,42.3637,397059.281,407251.781,42.3637,,37.49
7554,7554,3,100,1.12,0,0,1.12,3,0,0,0,52.7408,52.7408,397112.0218,407304.5218,52.7408,,47.09
7555,7555,3,100,1.13,0,0,1.13,3,0,0,0,84.7387,84.7387,397196.7605,407389.2605,84.7387,,74.99
7556,7556,3,100,2.7825,1.75,1.6625,1.12,1.25,0,1.75,8.75,219.094,210.344,397407.1045,407608.3545,88.1888,,78.74
7557,7557,1.25,41.67,2.3075,1.25,1.1875,1.12,0,0,1.25,6.25,177.3545,171.1045,397578.209,407785.709,86.0832,,76.86
7558,7558,0,0,1.12,0,0,1.12,0,0,0,0,79.6768,79.6768,397657.8858,407865.3858,79.6768,,71.14
7559,7559,0,0,0.98,0,0,0.98,0,0,0,0,55.1152,55.1152,397713.001,407920.501,55.1152,,56.24
7560,7560,0,0,0.98,0,0,0.98,0,0,0,0,54.3998,54.3998,397767.4008,407974.9008,54.3998,,55.51
7561,7561,0,0,0.97,0,0,0.97,0,0,0,0,27.2764,27.2764,397794.6772,408002.1772,27.2764,,28.12
7562,7562,0,0,0.1635,-0.75,-0.8065,0.97,0.75,0,0.75,3.75,3.0665,-0.6835,397793.9937,408005.2437,18.1875,,18.75
7563,7563,0.75,25,0.98,0,0,0.98,0.75,0,0,0,27.5576,27.5576,397821.5513,408032.8013,27.5576,,28.12
7564,7564,0.75,25,1.6825,0.75,0.7125,0.97,0,0,0.75,3.75,59.9306,56.1806,397877.7319,408092.7319,34.5514,,35.62
7565,7565,0,0,0.98,0,0,0.98,0,0,0,0,27.5576,27.5576,397905.2895,408120.2895,27.5576,,28.12
7566,7566,0,0,0.98,0,0,0.98,0,0,0,0,14.7,14.7,397919.9895,408134.9895,14.7,,15
7567,7567,0,0,0.98,0,0,0.98,0,0,0,0,4.5962,4.5962,397924.5857,408139.5857,4.5962,,4.69
7568,7568,0,0,0.98,0,0,0.98,0,0,0,0,5.9682,5.9682,397930.5539,408145.5539,5.9682,,6.09
7569,7569,0,0,1.05,0,0,1.05,0,0,0,0,5.4495,5.4495,397936.0034,408151.0034,5.4495,,5.19
7570,7570,0,0,0.2635,-0.75,-0.8065,1.07,0.75,0,0.75,3.75,0.9883,-2.7617,397933.2417,408151.9917,4.0125,,3.75
7571,7571,0.75,25,0.8012,-0.25,-0.2688,1.07,1,0,0.25,1.25,3.0044,1.7544,397934.9961,408154.9961,4.0125,,3.75
7572,7572,1,33.33,0.0447,-1,-1.0753,1.12,2,0,1,5,0.1427,-4.8573,397930.1388,408155.1388,3.5728,,3.19
7573,7573,2,66.67,0.0547,-1,-1.0753,1.13,3,0,1,5,0.1948,-4.8052,397925.3336,408155.3336,4.0228,,3.56
7574,7574,3,100,1.13,0,0,1.13,3,0,0,0,4.2375,4.2375,397929.5711,408159.5711,4.2375,,3.75
7575,7575,3,100,1.12,0,0,1.12,3,0,0,0,4.536,4.536,397934.1071,408164.1071,4.536,,4.05
7576,7576,3,100,1.12,0,0,1.12,3,0,0,0,6.8208,6.8208,397940.9279,408170.9279,6.8208,,6.09
7577,7577,3,100,1.11,0,0,1.11,3,0,0,0,20.8125,20.8125,397961.7404,408191.7404,20.8125,,18.75
7578,7578,3,100,1.11,0,0,1.11,3,0,0,0,41.6139,41.6139,398003.3543,408233.3543,41.6139,,37.49
7579,7579,3,100,1.13,0,0,1.13,3,0,0,0,84.1963,84.1963,398087.5506,408317.5506,84.1963,,74.51
7580,7580,3,100,2.3175,1.25,1.1875,1.13,1.75,0,1.25,6.25,178.123,171.873,398259.4236,408495.6736,86.8518,,76.86
7581,7581,1.75,58.33,2.7925,1.75,1.6625,1.13,0,0,1.75,8.75,214.6315,205.8815,398465.3051,408710.3051,86.8518,,76.86
7582,7582,0,0,1.12,0,0,1.12,0,0,0,0,71.176,71.176,398536.4811,408781.4811,71.176,,63.55
7583,7583,0,0,0.97,0,0,0.97,0,0,0,0,33.6396,33.6396,398570.1207,408815.1207,33.6396,,34.68
7584,7584,0,0,0.97,0,0,0.97,0,0,0,0,37.9949,37.9949,398608.1156,408853.1156,37.9949,,39.17
7585,7585,0,0,0.97,0,0,0.97,0,0,0,0,21.5146,21.5146,398629.6302,408874.6302,21.5146,,22.18
7586,7586,0,0,0.98,0,0,0.98,0,0,0,0,16.0132,16.0132,398645.6434,408890.6434,16.0132,,16.34
7587,7587,0,0,0.97,0,0,0.97,0,0,0,0,16.2863,16.2863,398661.9297,408906.9297,16.2863,,16.79
7588,7588,0,0,0.98,0,0,0.98,0,0,0,0,14.6216,14.6216,398676.5513,408921.5513,14.6216,,14.92
7589,7589,0,0,0.98,0,0,0.98,0,0,0,0,10.7702,10.7702,398687.3215,408932.3215,10.7702,,10.99
7590,7590,0,0,0.98,0,0,0.98,0,0,0,0,5.5566,5.5566,398692.8781,408937.8781,5.5566,,5.67
7591,7591,0,0,0.1735,-0.75,-0.8065,0.98,0.75,0,0.75,3.75,0.5658,-3.1842,398689.6939,408938.4439,3.1948,,3.26
7592,7592,0.75,25,0.98,0,0,0.98,0.75,0,0,0,5.4684,5.4684,398695.1623,408943.9123,5.4684,,5.58
7593,7593,0.75,25,0.98,0,0,0.98,0.75,0,0,0,4.5374,4.5374,398699.6997,408948.4497,4.5374,,4.63
7594,7594,0.75,25,0.98,0,0,0.98,0.75,0,0,0,3.6358,3.6358,398703.3355,408952.0855,3.6358,,3.71
7595,7595,0.75,25,0.2535,-0.75,-0.8065,1.06,1.5,0,0.75,3.75,0.928,-2.822,398700.5135,408953.0135,3.8796,,3.66
7596,7596,1.5,50,0.2635,-0.75,-0.8065,1.07,2.25,0,0.75,3.75,0.8354,-2.9146,398697.5989,408953.8489,3.3919,,3.17
7597,7597,2.25,75,0.2535,-0.75,-0.8065,1.06,3,0,0.75,3.75,0.8266,-2.9234,398694.6755,408954.6755,3.4556,,3.26
7598,7598,3,100,1.07,0,0,1.07,3,0,0,0,4.2158,4.2158,398698.8913,408958.8913,4.2158,,3.94
7599,7599,3,100,1.07,0,0,1.07,3,0,0,0,4.9862,4.9862,398703.8775,408963.8775,4.9862,,4.66
7600,7600,3,100,1.08,0,0,1.08,3,0,0,0,6.102,6.102,398709.9795,408969.9795,6.102,,5.65
7601,7601,3,100,1.08,0,0,1.08,3,0,0,0,20.142,20.142,398730.1215,408990.1215,20.142,,18.65
7602,7602,3,100,1.08,0,0,1.08,3,0,0,0,24.1164,24.1164,398754.2379,409014.2379,24.1164,,22.33
7603,7603,3,100,1.07,0,0,1.07,3,0,0,0,65.2807,65.2807,398819.5186,409079.5186,65.2807,,61.01
7604,7604,3,100,2.2575,1.25,1.1875,1.07,1.75,0,1.25,6.25,167.3485,161.0985,398980.6171,409246.8671,79.3191,,74.13
7605,7605,1.75,58.33,2.7425,1.75,1.6625,1.08,0,0,1.75,8.75,203.3015,194.5515,399175.1686,409450.1686,80.0604,,74.13
7606,7606,0,0,1.08,0,0,1.08,0,0,0,0,50.3604,50.3604,399225.529,409500.529,50.3604,,46.63
7607,7607,0,0,0.0047,-1,-1.0753,1.08,1,0,1,5,0.1235,-4.8765,399220.6525,409500.6525,28.1988,,26.11
7608,7608,1,33.33,2.02,1,0.95,1.07,0,0,1,5,97.97,92.97,399313.6225,409598.6225,51.895,,48.5
7609,7609,0,0,1.08,0,0,1.08,0,0,0,0,30.2184,30.2184,399343.8409,409628.8409,30.2184,,27.98
7610,7610,0,0,1.08,0,0,1.08,0,0,0,0,20.142,20.142,399363.9829,409648.9829,20.142,,18.65
7611,7611,0,0,0.98,0,0,0.98,0,0,0,0,18.081,18.081,399382.0639,409667.0639,18.081,,18.45
7612,7612,0,0,0.98,0,0,0.98,0,0,0,0,9.3884,9.3884,399391.4523,409676.4523,9.3884,,9.58
7613,7613,0,0,0.98,0,0,0.98,0,0,0,0,5.5566,5.5566,399397.0089,409682.0089,5.5566,,5.67
7614,7614,0,0,0.98,0,0,0.98,0,0,0,0,4.5668,4.5668,399401.5757,409686.5757,4.5668,,4.66
7615,7615,0,0,0.1735,-0.75,-0.8065,0.98,0.75,0,0.75,3.75,0.5658,-3.1842,399398.3915,409687.1415,3.1948,,3.26
7616,7616,0.75,25,0.97,0,0,0.97,0.75,0,0,0,4.5202,4.5202,399402.9117,409691.6617,4.5202,,4.66
7617,7617,0.75,25,0.98,0,0,0.98,0.75,0,0,0,3.6554,3.6554,399406.5671,409695.3171,3.6554,,3.73
7618,7618,0.75,25,0.1735,-0.75,-0.8065,0.98,1.5,0,0.75,3.75,0.5658,-3.1842,399403.3829,409695.8829,3.1948,,3.26
7619,7619,1.5,50,0.98,0,0,0.98,1.5,0,0,0,3.1948,3.1948,399406.5777,409699.0777,3.1948,,3.26
7620,7620,1.5,50,0.1635,-0.75,-0.8065,0.97,2.25,0,0.75,3.75,0.5184,-3.2316,399403.3461,409699.5961,3.0749,,3.17
7621,7621,2.25,75,0.1635,-0.75,-0.8065,0.97,3,0,0.75,3.75,0.5217,-3.2283,399400.1178,409700.1178,3.0943,,3.19
7622,7622,3,100,0.97,0,0,0.97,3,0,0,0,3.6181,3.6181,399403.7359,409703.7359,3.6181,,3.73
7623,7623,3,100,0.96,0,0,0.96,3,0,0,0,4.3008,4.3008,399408.0367,409708.0367,4.3008,,4.48
7624,7624,3,100,0.96,0,0,0.96,3,0,0,0,5.376,5.376,399413.4127,409713.4127,5.376,,5.6
7625,7625,3,100,0.96,0,0,0.96,3,0,0,0,14.3232,14.3232,399427.7359,409727.7359,14.3232,,14.92
7626,7626,3,100,0.97,0,0,0.97,3,0,0,0,18.0905,18.0905,399445.8264,409745.8264,18.0905,,18.65
7627,7627,3,100,0.98,0,0,0.98,3,0,0,0,27.146,27.146,399472.9724,409772.9724,27.146,,27.7
7628,7628,3,100,1.92,1,0.95,0.97,2,0,1,5,73.7856,68.7856,399541.758,409846.758,37.2771,,38.43
7629,7629,2,66.67,2.87,2,1.9,0.97,0,0,2,10,113.7668,103.7668,399645.5248,409960.5248,38.4508,,39.64
7630,7630,0,0,0.97,0,0,0.97,0,0,0,0,19.303,19.303,399664.8278,409979.8278,19.303,,19.9
7631,7631,0,0,0.98,0,0,0.98,0,0,0,0,10.9074,10.9074,399675.7352,409990.7352,10.9074,,11.13
7632,7632,0,0,0.97,0,0,0.97,0,0,0,0,16.2766,16.2766,399692.0118,410007.0118,16.2766,,16.78
7633,7633,0,0,0.98,0,0,0.98,0,0,0,0,6.4876,6.4876,399698.4994,410013.4994,6.4876,,6.62
7634,7634,0,0,0.98,0,0,0.98,0,0,0,0,5.5566,5.5566,399704.056,410019.056,5.5566,,5.67
7635,7635,0,0,0.99,0,0,0.99,0,0,0,0,5.7222,5.7222,399709.7782,410024.7782,5.7222,,5.78
7636,7636,0,0,0.99,0,0,0.99,0,0,0,0,5.5341,5.5341,399715.3123,410030.3123,5.5341,,5.59
7637,7637,0,0,0.99,0,0,0.99,0,0,0,0,4.8015,4.8015,399720.1138,410035.1138,4.8015,,4.85
7638,7638,0,0,0.99,0,0,0.99,0,0,0,0,3.5046,3.5046,399723.6184,410038.6184,3.5046,,3.54
7639,7639,0,0,0.1835,-0.75,-0.8065,0.99,0.75,0,0.75,3.75,0.5855,-3.1645,399720.4539,410039.2039,3.1581,,3.19
7640,7640,0.75,25,0.98,0,0,0.98,0.75,0,0,0,4.1846,4.1846,399724.6385,410043.3885,4.1846,,4.27
7641,7641,0.75,25,1.07,0,0,1.07,0.75,0,0,0,4.3121,4.3121,399728.9506,410047.7006,4.3121,,4.03
7642,7642,0.75,25,1.12,0,0,1.12,0.75,0,0,0,3.9648,3.9648,399732.9154,410051.6654,3.9648,,3.54
7643,7643,0.75,25,0.3135,-0.75,-0.8065,1.12,1.5,0,0.75,3.75,1.0535,-2.6965,399730.2189,410052.7189,3.7632,,3.36
7644,7644,1.5,50,0.0447,-1,-1.0753,1.12,2.5,0,1,5,0.1418,-4.8582,399725.3607,410052.8607,3.5504,,3.17
7645,7645,2.5,83.33,0.1124,-0.5,-0.5376,0.65,3,0,0.5,2.5,0.3584,-2.1416,399723.2191,410053.2191,2.0735,,3.19
7646,7646,3,100,0,0,0,0,3,0,0,0,0,0,399723.2191,410053.2191,0,,4.62
7647,7647,3,100,0.55,0,0,0.55,3,0,0,0,2.8655,2.8655,399726.0846,410056.0846,2.8655,,5.21
7648,7648,3,100,1.12,0,0,1.12,3,0,0,0,6.3504,6.3504,399732.435,410062.435,6.3504,,5.67
7649,7649,3,100,1.12,0,0,1.12,3,0,0,0,10.4384,10.4384,399742.8734,410072.8734,10.4384,,9.32
7650,7650,3,100,1.11,0,0,1.11,3,0,0,0,20.9013,20.9013,399763.7747,410093.7747,20.9013,,18.83
7651,7651,3,100,1.12,0,0,1.12,3,0,0,0,31.3264,31.3264,399795.1011,410125.1011,31.3264,,27.97
7652,7652,3,100,2.545,1.5,1.425,1.12,1.5,0,1.5,7.5,118.088,110.588,399905.6891,410243.1891,51.968,,46.4
7653,7653,1.5,50,2.545,1.5,1.425,1.12,0,0,1.5,7.5,118.088,110.588,400016.2771,410361.2771,51.968,,46.4
7654,7654,0,0,1.12,0,0,1.12,0,0,0,0,29.232,29.232,400045.5091,410390.5091,29.232,,26.1
7655,7655,0,0,0.0447,-1,-1.0753,1.12,1,0,1,5,0.8338,-4.1662,400041.3429,410391.3429,20.8768,,18.64
7656,7656,1,33.33,2.06,1,0.95,1.11,0,0,1,5,68.7422,63.7422,400105.0851,410460.0851,37.0407,,33.37
7657,7657,0,0,1.11,0,0,1.11,0,0,0,0,19.0143,19.0143,400124.0994,410479.0994,19.0143,,17.13
7658,7658,0,0,1.12,0,0,1.12,0,0,0,0,7.4816,7.4816,400131.581,410486.581,7.4816,,6.68
7659,7659,0,0,1.12,0,0,1.12,0,0,0,0,6.5408,6.5408,400138.1218,410493.1218,6.5408,,5.84
7660,7660,0,0,1.12,0,0,1.12,0,0,0,0,6.9888,6.9888,400145.1106,410500.1106,6.9888,,6.24
7661,7661,0,0,1.12,0,0,1.12,0,0,0,0,6.5408,6.5408,400151.6514,410506.6514,6.5408,,5.84
7662,7662,0,0,1.12,0,0,1.12,0,0,0,0,5.0624,5.0624,400156.7138,410511.7138,5.0624,,4.52
7663,7663,0,0,1.13,0,0,1.13,0,0,0,0,3.7177,3.7177,400160.4315,410515.4315,3.7177,,3.29
7664,7664,0,0,1.13,0,0,1.13,0,0,0,0,3.7177,3.7177,400164.1492,410519.1492,3.7177,,3.29
7665,7665,0,0,1.11,0,0,1.11,0,0,0,0,3.5742,3.5742,400167.7234,410522.7234,3.5742,,3.22
7666,7666,0,0,0.0347,-1,-1.0753,1.11,1,0,1,5,0.1111,-4.8889,400162.8345,410522.8345,3.552,,3.2
7667,7667,1,33.33,0.0447,-1,-1.0753,1.12,2,0,1,5,0.1431,-4.8569,400157.9776,410522.9776,3.584,,3.2
7668,7668,2,66.67,0.0447,-1,-1.0753,1.12,3,0,1,5,0.085,-4.915,400153.0626,410523.0626,2.128,,1.9
7669,7669,3,100,1.12,0,0,1.12,3,0,0,0,3.584,3.584,400156.6466,410526.6466,3.584,,3.2
7670,7670,3,100,1.12,0,0,1.12,3,0,0,0,3.6064,3.6064,400160.253,410530.253,3.6064,,3.22
7671,7671,3,100,1.12,0,0,1.12,3,0,0,0,3.6064,3.6064,400163.8594,410533.8594,3.6064,,3.22
7672,7672,3,100,1.13,0,0,1.13,3,0,0,0,3.6386,3.6386,400167.498,410537.498,3.6386,,3.22
7673,7673,3,100,1.13,0,0,1.13,3,0,0,0,4.2601,4.2601,400171.7581,410541.7581,4.2601,,3.77
7674,7674,3,100,1.13,0,0,1.13,3,0,0,0,10.7915,10.7915,400182.5496,410552.5496,10.7915,,9.55
7675,7675,3,100,1.13,0,0,1.13,3,0,0,0,30.849,30.849,400213.3986,410583.3986,30.849,,27.3
7676,7676,3,100,2.7825,1.75,1.6625,1.12,1.25,0,1.75,8.75,104.7333,95.9833,400309.3819,410688.1319,42.1568,,37.64
7677,7677,1.25,41.67,2.1575,1.25,1.1875,0.97,0,0,1.25,6.25,79.2018,72.9518,400382.3337,410767.3337,35.6087,,36.71
7678,7678,0,0,0.97,0,0,0.97,0,0,0,0,19.7201,19.7201,400402.0538,410787.0538,19.7201,,20.33
7679,7679,0,0,0.98,0,0,0.98,0,0,0,0,12.9556,12.9556,400415.0094,410800.0094,12.9556,,13.22
7680,7680,0,0,0.97,0,0,0.97,0,0,0,0,18.2942,18.2942,400433.3036,410818.3036,18.2942,,18.86
7681,7681,0,0,0.97,0,0,0.97,0,0,0,0,17.2951,17.2951,400450.5987,410835.5987,17.2951,,17.83
7682,7682,0,0,0.87,0,0,0.87,0,0,0,0,11.4927,11.4927,400462.0914,410847.0914,11.4927,,13.21
7683,7683,0,0,0.87,0,0,0.87,0,0,0,0,11.9799,11.9799,400474.0713,410859.0713,11.9799,,13.77
7684,7684,0,0,0.87,0,0,0.87,0,0,0,0,5.8377,5.8377,400479.909,410864.909,5.8377,,6.71
7685,7685,0,0,0.88,0,0,0.88,0,0,0,0,3.9336,3.9336,400483.8426,410868.8426,3.9336,,4.47
7686,7686,0,0,0.88,0,0,0.88,0,0,0,0,2.8424,2.8424,400486.685,410871.685,2.8424,,3.23
7687,7687,0,0,0.0735,-0.75,-0.8065,0.88,0.75,0,0.75,3.75,0,-3.75,400482.935,410871.685,0,,0
7688,7688,0.75,25,0.0735,-0.75,-0.8065,0.88,1.5,0,0.75,3.75,0,-3.75,400479.185,410871.685,0,,0
7689,7689,1.5,50,0.0535,-0.75,-0.8065,0.86,2.25,0,0.75,3.75,0,-3.75,400475.435,410871.685,0,,0
7690,7690,2.25,75,0.0535,-0.75,-0.8065,0.86,3,0,0.75,3.75,0,-3.75,400471.685,410871.685,0,,0
7691,7691,3,100,0.87,0,0,0.87,3,0,0,0,0,0,400471.685,410871.685,0,,0
7692,7692,3,100,0.87,0,0,0.87,3,0,0,0,0,0,400471.685,410871.685,0,,0
7693,7693,3,100,0.87,0,0,0.87,3,0,0,0,0,0,400471.685,410871.685,0,,0
7694,7694,3,100,1.08,0,0,1.08,3,0,0,0,0,0,400471.685,410871.685,0,,0
7695,7695,3,100,1.08,0,0,1.08,3,0,0,0,0,0,400471.685,410871.685,0,,0
7696,7696,3,100,1.08,0,0,1.08,3,0,0,0,0,0,400471.685,410871.685,0,,0
7697,7697,3,100,1.08,0,0,1.08,3,0,0,0,3.4884,3.4884,400475.1734,410875.1734,3.4884,,3.23
7698,7698,3,100,1.08,0,0,1.08,3,0,0,0,6.1884,6.1884,400481.3618,410881.3618,6.1884,,5.73
7699,7699,3,100,2.02,1,0.95,1.07,2,0,1,5,48.581,43.581,400524.9428,410929.9428,25.7335,,24.05
7700,7700,2,66.67,2.97,2,1.9,1.07,0,0,2,10,77.9625,67.9625,400592.9053,411007.9053,28.0875,,26.25
7701,7701,0,0,1.07,0,0,1.07,0,0,0,0,20.1802,20.1802,400613.0855,411028.0855,20.1802,,18.86
7702,7702,0,0,1.07,0,0,1.07,0,0,0,0,9.8654,9.8654,400622.9509,411037.9509,9.8654,,9.22
7703,7703,0,0,1.08,0,0,1.08,0,0,0,0,6.1776,6.1776,400629.1285,411044.1285,6.1776,,5.72
7704,7704,0,0,1.07,0,0,1.07,0,0,0,0,16.1463,16.1463,400645.2748,411060.2748,16.1463,,15.09
7705,7705,0,0,1.07,0,0,1.07,0,0,0,0,10.0901,10.0901,400655.3649,411070.3649,10.0901,,9.43
7706,7706,0,0,1.07,0,0,1.07,0,0,0,0,7.062,7.062,400662.4269,411077.4269,7.062,,6.6
7707,7707,0,0,1.07,0,0,1.07,0,0,0,0,6.1311,6.1311,400668.558,411083.558,6.1311,,5.73
7708,7708,0,0,1.08,0,0,1.08,0,0,0,0,6.1128,6.1128,400674.6708,411089.6708,6.1128,,5.66
7709,7709,0,0,1.08,0,0,1.08,0,0,0,0,4.5468,4.5468,400679.2176,411094.2176,4.5468,,4.21
7710,7710,0,0,1.09,0,0,1.09,0,0,0,0,3.706,3.706,400682.9236,411097.9236,3.706,,3.4
7711,7711,0,0,0.0047,-1,-1.0753,1.08,1,0,1,5,0.0153,-4.9847,400677.9389,411097.9389,3.4884,,3.23
7712,7712,1,33.33,1.08,0,0,1.08,1,0,0,0,4.0716,4.0716,400682.0105,411102.0105,4.0716,,3.77
7713,7713,1,33.33,1.07,0,0,1.07,1,0,0,0,4.0125,4.0125,400686.023,411106.023,4.0125,,3.75
7714,7714,1,33.33,1.06,0,0,1.06,1,0,0,0,3.498,3.498,400689.521,411109.521,3.498,,3.3
7715,7715,1,33.33,1.11,0,0,1.11,1,0,0,0,3.663,3.663,400693.184,411113.184,3.663,,3.3
7716,7716,1,33.33,0.0447,-1,-1.0753,1.12,2,0,1,5,0.1436,-4.8564,400688.3276,411113.3276,3.5952,,3.21
7717,7717,2,66.67,0.0447,-1,-1.0753,1.12,3,0,1,5,0.1436,-4.8564,400683.4712,411113.4712,3.5952,,3.21
7718,7718,3,100,1.12,0,0,1.12,3,0,0,0,3.808,3.808,400687.2792,411117.2792,3.808,,3.4
7719,7719,3,100,1.11,0,0,1.11,3,0,0,0,4.6065,4.6065,400691.8857,411121.8857,4.6065,,4.15
7720,7720,3,100,1.13,0,0,1.13,3,0,0,0,9.5485,9.5485,400701.4342,411131.4342,9.5485,,8.45
7721,7721,3,100,1.13,0,0,1.13,3,0,0,0,29.8433,29.8433,400731.2775,411161.2775,29.8433,,26.41
7722,7722,3,100,1.13,0,0,1.13,3,0,0,0,31.979,31.979,400763.2565,411193.2565,31.979,,28.3
7723,7723,3,100,1.12,0,0,1.12,3,0,0,0,48.6976,48.6976,400811.9541,411241.9541,48.6976,,43.48
7724,7724,3,100,2.3075,1.25,1.1875,1.12,1.75,0,1.25,6.25,172.9933,166.7433,400978.6974,411414.9474,83.9664,,74.97
7725,7725,1.75,58.33,2.7825,1.75,1.6625,1.12,0,0,1.75,8.75,208.604,199.854,401178.5514,411623.5514,83.9664,,74.97
7726,7726,0,0,1.13,0,0,1.13,0,0,0,0,42.5445,42.5445,401221.0959,411666.0959,42.5445,,37.65
7727,7727,0,0,1.13,0,0,1.13,0,0,0,0,40.4992,40.4992,401261.5951,411706.5951,40.4992,,35.84
7728,7728,0,0,1.12,0,0,1.12,0,0,0,0,33.8016,33.8016,401295.3967,411740.3967,33.8016,,30.18
7729,7729,0,0,1.12,0,0,1.12,0,0,0,0,29.5792,29.5792,401324.9759,411769.9759,29.5792,,26.41
7730,7730,0,0,1.12,0,0,1.12,0,0,0,0,26.4096,26.4096,401351.3855,411796.3855,26.4096,,23.58
7731,7731,0,0,1.12,0,0,1.12,0,0,0,0,31.696,31.696,401383.0815,411828.0815,31.696,,28.3
7732,7732,0,0,1.12,0,0,1.12,0,0,0,0,38.0352,38.0352,401421.1167,411866.1167,38.0352,,33.96
7733,7733,0,0,1.12,0,0,1.12,0,0,0,0,31.696,31.696,401452.8127,411897.8127,31.696,,28.3
7734,7734,0,0,1.12,0,0,1.12,0,0,0,0,14.7952,14.7952,401467.6079,411912.6079,14.7952,,13.21
7735,7735,0,0,0.0447,-1,-1.0753,1.12,1,0,1,5,0.2742,-4.7258,401462.8821,411912.8821,6.8656,,6.13
7736,7736,1,33.33,2.06,1,0.95,1.11,0,0,1,5,38.8516,33.8516,401496.7337,411951.7337,20.9346,,18.86
7737,7737,0,0,1.12,0,0,1.12,0,0,0,0,19.0176,19.0176,401515.7513,411970.7513,19.0176,,16.98
7738,7738,0,0,1.12,0,0,1.12,0,0,0,0,6.552,6.552,401522.3033,411977.3033,6.552,,5.85
7739,7739,0,0,0.0447,-1,-1.0753,1.12,1,0,1,5,0.2111,-4.7889,401517.5144,411977.5144,5.2864,,4.72
7740,7740,1,33.33,0.0447,-1,-1.0753,1.12,2,0,1,5,0.1601,-4.8399,401512.6745,411977.6745,4.0096,,3.58
7741,7741,2,66.67,0.0447,-1,-1.0753,1.12,3,0,1,5,0.2093,-4.7907,401507.8838,411977.8838,5.2416,,4.68
7742,7742,3,100,1.13,0,0,1.13,3,0,0,0,7.7857,7.7857,401515.6695,411985.6695,7.7857,,6.89
7743,7743,3,100,1.13,0,0,1.13,3,0,0,0,14.9612,14.9612,401530.6307,412000.6307,14.9612,,13.24
7744,7744,3,100,1.13,0,0,1.13,3,0,0,0,21.3118,21.3118,401551.9425,412021.9425,21.3118,,18.86
7745,7745,3,100,2.08,1,0.95,1.13,2,0,1,5,113.7968,108.7968,401660.7393,412135.7393,61.8223,,54.71
7746,7746,2,66.67,0.0547,-1,-1.0753,1.13,3,0,1,5,1.4662,-3.5338,401657.2055,412137.2055,30.2727,,26.79
7747,7747,3,100,1.13,0,0,1.13,3,0,0,0,81.1114,81.1114,401738.3169,412218.3169,81.1114,,71.78
7748,7748,3,100,2.7925,1.75,1.6625,1.13,1.25,0,1.75,8.75,223.6234,214.8734,401953.1903,412441.9403,90.4904,,80.08
7749,7749,1.25,41.67,2.3175,1.25,1.1875,1.13,0,0,1.25,6.25,183.6155,177.3655,402130.5558,412625.5558,89.5299,,79.23
7750,7750,0,0,1.13,0,0,1.13,0,0,0,0,72.4782,72.4782,402203.034,412698.034,72.4782,,64.14
7751,7751,0,0,0,0,0,0,0,0,0,0,0,0,402203.034,412698.034,0,,47.88
7752,7752,0,0,1.07,0,0,1.07,0,0,0,0,54.3881,54.3881,402257.4221,412752.4221,54.3881,,50.83
7753,7753,0,0,1.07,0,0,1.07,0,0,0,0,39.4509,39.4509,402296.873,412791.873,39.4509,,36.87
7754,7754,0,0,0.0047,-1,-1.0753,1.08,1,0,1,5,0.1342,-4.8658,402292.0072,412792.0072,30.6396,,28.37
7755,7755,1,33.33,1.08,0,0,1.08,1,0,0,0,42.7032,42.7032,402334.7104,412834.7104,42.7032,,39.54
7756,7756,1,33.33,2.03,1,0.95,1.08,0,0,1,5,95.5521,90.5521,402425.2625,412930.2625,50.8356,,47.07
7757,7757,0,0,0.0047,-1,-1.0753,1.08,1,0,1,5,0.1336,-4.8664,402420.3961,412930.3961,30.4992,,28.24
7758,7758,1,33.33,1.08,0,0,1.08,1,0,0,0,30.4992,30.4992,402450.8953,412960.8953,30.4992,,28.24
7759,7759,1,33.33,0.0047,-1,-1.0753,1.08,2,0,1,5,0.049,-4.951,402445.9443,412960.9443,11.1888,,10.36
7760,7760,2,66.67,2.98,2,1.9,1.08,0,0,2,10,137.4972,127.4972,402573.4415,413098.4415,49.8312,,46.14
7761,7761,0,0,1.07,0,0,1.07,0,0,0,0,30.2168,30.2168,402603.6583,413128.6583,30.2168,,28.24
7762,7762,0,0,0.2635,-0.75,-0.8065,1.07,0.75,0,0.75,3.75,4.4645,0.7145,402604.3728,413133.1228,18.1258,,16.94
7763,7763,0.75,25,0.2635,-0.75,-0.8065,1.07,1.5,0,0.75,3.75,2.48,-1.27,402603.1028,413135.6028,10.0687,,9.41
7764,7764,1.5,50,0.2635,-0.75,-0.8065,1.07,2.25,0,0.75,3.75,1.2413,-2.5087,402600.5941,413136.8441,5.0397,,4.71
7765,7765,2.25,75,0.2535,-0.75,-0.8065,1.06,3,0,0.75,3.75,2.3859,-1.3641,402599.23,413139.23,9.9746,,9.41
7766,7766,3,100,1.06,0,0,1.06,3,0,0,0,19.9598,19.9598,402619.1898,413159.1898,19.9598,,18.83
7767,7767,3,100,1.07,0,0,1.07,3,0,0,0,20.1481,20.1481,402639.3379,413179.3379,20.1481,,18.83
7768,7768,3,100,1.07,0,0,1.07,3,0,0,0,23.6684,23.6684,402663.0063,413203.0063,23.6684,,22.12
7769,7769,3,100,1.08,0,0,1.08,3,0,0,0,74.2932,74.2932,402737.2995,413277.2995,74.2932,,68.79
7770,7770,3,100,1.08,0,0,1.08,3,0,0,0,77.0472,77.0472,402814.3467,413354.3467,77.0472,,71.34
7771,7771,3,100,1.08,0,0,1.08,3,0,0,0,82.35,82.35,402896.6967,413436.6967,82.35,,76.25
7772,7772,3,100,2.98,2,1.9,1.08,1,0,2,10,240.9628,230.9628,403127.6595,413677.6595,87.3288,,80.86
7773,7773,1,33.33,2.03,1,0.95,1.08,0,0,1,5,162.4203,157.4203,403285.0798,413840.0798,86.4108,,80.01
7774,7774,0,0,0.98,0,0,0.98,0,0,0,0,59.9662,59.9662,403345.046,413900.046,59.9662,,61.19
7775,7775,0,0,0.97,0,0,0.97,0,0,0,0,69.3938,69.3938,403414.4398,413969.4398,69.3938,,71.54
7776,7776,0,0,0.97,0,0,0.97,0,0,0,0,44.9304,44.9304,403459.3702,414014.3702,44.9304,,46.32
7777,7777,0,0,0.86,0,0,0.86,0,0,0,0,30.0656,30.0656,403489.4358,414044.4358,30.0656,,34.96
7778,7778,0,0,0.86,0,0,0.86,0,0,0,0,26.8148,26.8148,403516.2506,414071.2506,26.8148,,31.18
7779,7779,0,0,0.88,0,0,0.88,0,0,0,0,24.9392,24.9392,403541.1898,414096.1898,24.9392,,28.34
7780,7780,0,0,0.88,0,0,0.88,0,0,0,0,24.9392,24.9392,403566.129,414121.129,24.9392,,28.34
7781,7781,0,0,0.88,0,0,0.88,0,0,0,0,36.5024,36.5024,403602.6314,414157.6314,36.5024,,41.48
7782,7782,0,0,0.88,0,0,0.88,0,0,0,0,29.9288,29.9288,403632.5602,414187.5602,29.9288,,34.01
7783,7783,0,0,0.0735,-0.75,-0.8065,0.88,0.75,0,0.75,3.75,0.695,-3.055,403629.5052,414188.2552,8.316,,9.45
7784,7784,0.75,25,1.5825,0.75,0.7125,0.87,0,0,0.75,3.75,55.3242,51.5742,403681.0794,414243.5794,30.4152,,34.96
7785,7785,0,0,0.87,0,0,0.87,0,0,0,0,19.7316,19.7316,403700.811,414263.311,19.7316,,22.68
7786,7786,0,0,0.0435,-0.75,-0.8065,0.85,0.75,0,0.75,3.75,0.2879,-3.4621,403697.3489,414263.5989,5.6185,,6.61
7787,7787,0.75,25,0.0635,-0.75,-0.8065,0.87,1.5,0,0.75,3.75,0.3648,-3.3852,403693.9637,414263.9637,4.9938,,5.74
7788,7788,1.5,50,0.1535,-0.75,-0.8065,0.96,2.25,0,0.75,3.75,0.5512,-3.1988,403690.7649,414264.5149,3.4464,,3.59
7789,7789,2.25,75,0.1435,-0.75,-0.8065,0.95,3,0,0.75,3.75,0.6775,-3.0725,403687.6924,414265.1924,4.484,,4.72
7790,7790,3,100,0.97,0,0,0.97,3,0,0,0,7.3235,7.3235,403695.0159,414272.5159,7.3235,,7.55
7791,7791,3,100,1.06,0,0,1.06,3,0,0,0,19.8326,19.8326,403714.8485,414292.3485,19.8326,,18.71
7792,7792,3,100,1.06,0,0,1.06,3,0,0,0,34.0472,34.0472,403748.8957,414326.3957,34.0472,,32.12
7793,7793,3,100,1.06,0,0,1.06,3,0,0,0,40.0574,40.0574,403788.9531,414366.4531,40.0574,,37.79
7794,7794,3,100,1.07,0,0,1.07,3,0,0,0,44.4799,44.4799,403833.433,414410.933,44.4799,,41.57
7795,7795,3,100,1.06,0,0,1.06,3,0,0,0,82.0864,82.0864,403915.5194,414493.0194,82.0864,,77.44
7796,7796,3,100,2.01,1,0.95,1.06,2,0,1,5,161.4231,156.4231,404071.9425,414654.4425,85.1286,,80.31
7797,7797,2,66.67,2.98,2,1.9,1.08,0,0,2,10,239.3238,229.3238,404301.2663,414893.7663,86.7348,,80.31
7798,7798,0,0,1.06,0,0,1.06,0,0,0,0,49.9896,49.9896,404351.2559,414943.7559,49.9896,,47.16
7799,7799,0,0,1.06,0,0,1.06,0,0,0,0,38.054,38.054,404389.3099,414981.8099,38.054,,35.9
7800,7800,0,0,1.07,0,0,1.07,0,0,0,0,50.7073,50.7073,404440.0172,415032.5172,50.7073,,47.39
7801,7801,0,0,1.07,0,0,1.07,0,0,0,0,37.5891,37.5891,404477.6063,415070.1063,37.5891,,35.13
7802,7802,0,0,1.07,0,0,1.07,0,0,0,0,33.919,33.919,404511.5253,415104.0253,33.919,,31.7
7803,7803,0,0,1.07,0,0,1.07,0,0,0,0,36.5726,36.5726,404548.0979,415140.5979,36.5726,,34.18
7804,7804,0,0,1.07,0,0,1.07,0,0,0,0,44.5976,44.5976,404592.6955,415185.1955,44.5976,,41.68
7805,7805,0,0,1.08,0,0,1.08,0,0,0,0,30.7584,30.7584,404623.4539,415215.9539,30.7584,,28.48
7806,7806,0,0,1.08,0,0,1.08,0,0,0,0,18.6624,18.6624,404642.1163,415234.6163,18.6624,,17.28
7807,7807,0,0,0.0047,-1,-1.0753,1.08,1,0,1,5,0.0279,-4.9721,404637.1442,415234.6442,6.3612,,5.89
7808,7808,1,33.33,2.03,1,0.95,1.08,0,0,1,5,53.9574,48.9574,404686.1016,415288.6016,28.7064,,26.58
7809,7809,0,0,1.08,0,0,1.08,0,0,0,0,18.4572,18.4572,404704.5588,415307.0588,18.4572,,17.09
7810,7810,0,0,0.5224,-0.5,-0.5376,1.06,0.5,0,0.5,2.5,4.9572,2.4572,404707.016,415312.016,10.0594,,9.49
7811,7811,0.5,16.67,0.0047,-1,-1.0753,1.08,1.5,0,1,5,0.0332,-4.9668,404702.0492,415312.0492,7.5816,,7.02
7812,7812,1.5,50,0.2635,-0.75,-0.8065,1.07,2.25,0,0.75,3.75,1.0015,-2.7485,404699.3007,415313.0507,4.066,,3.8
7813,7813,2.25,75,0.2635,-0.75,-0.8065,1.07,3,0,0.75,3.75,1.0015,-2.7485,404696.5522,415314.0522,4.066,,3.8
7814,7814,3,100,1.08,0,0,1.08,3,0,0,0,14.3964,14.3964,404710.9486,415328.4486,14.3964,,13.33
7815,7815,3,100,1.07,0,0,1.07,3,0,0,0,25.9047,25.9047,404736.8533,415354.3533,25.9047,,24.21
7816,7816,3,100,1.06,0,0,1.06,3,0,0,0,30.1888,30.1888,404767.0421,415384.5421,30.1888,,28.48
7817,7817,3,100,1.07,0,0,1.07,3,0,0,0,39.0015,39.0015,404806.0436,415423.5436,39.0015,,36.45
7818,7818,3,100,1.06,0,0,1.06,3,0,0,0,30.1888,30.1888,404836.2324,415453.7324,30.1888,,28.48
7819,7819,3,100,0.97,0,0,0.97,3,0,0,0,71.9061,71.9061,404908.1385,415525.6385,71.9061,,74.13
7820,7820,3,100,2.88,2,1.9,0.98,1,0,2,10,232.3872,222.3872,405130.5257,415758.0257,79.0762,,80.69
7821,7821,1,33.33,1.93,1,0.95,0.98,0,0,1,5,153.8982,148.8982,405279.4239,415911.9239,78.1452,,79.74
7822,7822,0,0,0.97,0,0,0.97,0,0,0,0,63.535,63.535,405342.9589,415975.4589,63.535,,65.5
7823,7823,0,0,0.97,0,0,0.97,0,0,0,0,46.0459,46.0459,405389.0048,416021.5048,46.0459,,47.47
7824,7824,0,0,0.96,0,0,0.96,0,0,0,0,52.0416,52.0416,405441.0464,416073.5464,52.0416,,54.21
7825,7825,0,0,0.85,0,0,0.85,0,0,0,0,35.394,35.394,405476.4404,416108.9404,35.394,,41.64
7826,7826,0,0,0.86,0,0,0.86,0,0,0,0,30.9944,30.9944,405507.4348,416139.9348,30.9944,,36.04
7827,7827,0,0,0.86,0,0,0.86,0,0,0,0,32.6284,32.6284,405540.0632,416172.5632,32.6284,,37.94
7828,7828,0,0,0.88,0,0,0.88,0,0,0,0,36.6432,36.6432,405576.7064,416209.2064,36.6432,,41.64
7829,7829,0,0,0.88,0,0,0.88,0,0,0,0,25.036,25.036,405601.7424,416234.2424,25.036,,28.45
7830,7830,0,0,0.87,0,0,0.87,0,0,0,0,8.2476,8.2476,405609.99,416242.49,8.2476,,9.48
7831,7831,0,0,0.88,0,0,0.88,0,0,0,0,3.3264,3.3264,405613.3164,416245.8164,3.3264,,3.78
7832,7832,0,0,0.88,0,0,0.88,0,0,0,0,3.3176,3.3176,405616.634,416249.134,3.3176,,3.77
7833,7833,0,0,0.88,0,0,0.88,0,0,0,0,3.0008,3.0008,405619.6348,416252.1348,3.0008,,3.41
7834,7834,0,0,0.0735,-0.75,-0.8065,0.88,0.75,0,0.75,3.75,0.2383,-3.5117,405616.1231,416252.3731,2.8512,,3.24
7835,7835,0.75,25,0.6012,-0.25,-0.2688,0.87,1,0,0.25,1.25,1.9478,0.6978,405616.8209,416254.3209,2.8188,,3.24
7836,7836,1,33.33,0.0047,-1,-1.0753,1.08,2,0,1,5,0.0152,-4.9848,405611.8361,416254.3361,3.4776,,3.22
7837,7837,2,66.67,0.0047,-1,-1.0753,1.08,3,0,1,5,0.0153,-4.9847,405606.8514,416254.3514,3.4992,,3.24
7838,7838,3,100,1.07,0,0,1.07,3,0,0,0,3.5524,3.5524,405610.4038,416257.9038,3.5524,,3.32
7839,7839,3,100,1.08,0,0,1.08,3,0,0,0,4.5036,4.5036,405614.9074,416262.4074,4.5036,,4.17
7840,7840,3,100,1.06,0,0,1.06,3,0,0,0,6.6356,6.6356,405621.543,416269.043,6.6356,,6.26
7841,7841,3,100,1.06,0,0,1.06,3,0,0,0,20.3308,20.3308,405641.8738,416289.3738,20.3308,,19.18
7842,7842,3,100,1.07,0,0,1.07,3,0,0,0,30.9123,30.9123,405672.7861,416320.2861,30.9123,,28.89
7843,7843,3,100,1.07,0,0,1.07,3,0,0,0,52.5049,52.5049,405725.291,416372.791,52.5049,,49.07
7844,7844,3,100,2.96,2,1.9,1.06,1,0,2,10,216.7312,206.7312,405932.0222,416589.5222,77.6132,,73.22
7845,7845,1,33.33,2.01,1,0.95,1.06,0,0,1,5,137.2629,132.2629,406064.2851,416726.7851,72.3874,,68.29
7846,7846,0,0,1.06,0,0,1.06,0,0,0,0,38.2024,38.2024,406102.4875,416764.9875,38.2024,,36.04
7847,7847,0,0,1.07,0,0,1.07,0,0,0,0,38.5628,38.5628,406141.0503,416803.5503,38.5628,,36.04
7848,7848,0,0,1.07,0,0,1.07,0,0,0,0,30.3238,30.3238,406171.3741,416833.8741,30.3238,,28.34
7849,7849,0,0,1.07,0,0,1.07,0,0,0,0,30.3238,30.3238,406201.6979,416864.1979,30.3238,,28.34
7850,7850,0,0,1.07,0,0,1.07,0,0,0,0,30.3238,30.3238,406232.0217,416894.5217,30.3238,,28.34
7851,7851,0,0,1.07,0,0,1.07,0,0,0,0,28.89,28.89,406260.9117,416923.4117,28.89,,27
7852,7852,0,0,1.07,0,0,1.07,0,0,0,0,28.3015,28.3015,406289.2132,416951.7132,28.3015,,26.45
7853,7853,0,0,1.08,0,0,1.08,0,0,0,0,22.032,22.032,406311.2452,416973.7452,22.032,,20.4
7854,7854,0,0,1.08,0,0,1.08,0,0,0,0,5.1408,5.1408,406316.386,416978.886,5.1408,,4.76
7855,7855,0,0,1.07,0,0,1.07,0,0,0,0,3.4347,3.4347,406319.8207,416982.3207,3.4347,,3.21
7856,7856,0,0,0.0047,-1,-1.0753,1.08,1,0,1,5,0,-5,406314.8207,416982.3207,0,,0
7857,7857,1,33.33,0.0047,-1,-1.0753,1.08,2,0,1,5,0,-5,406309.8207,416982.3207,0,,0
7858,7858,2,66.67,0.0047,-1,-1.0753,1.08,3,0,1,5,0,-5,406304.8207,416982.3207,0,,0
7859,7859,3,100,1.08,0,0,1.08,3,0,0,0,0,0,406304.8207,416982.3207,0,,0
7860,7860,3,100,1.08,0,0,1.08,3,0,0,0,0,0,406304.8207,416982.3207,0,,0
7861,7861,3,100,1.08,0,0,1.08,3,0,0,0,0,0,406304.8207,416982.3207,0,,0
7862,7862,3,100,1.08,0,0,1.08,3,0,0,0,0,0,406304.8207,416982.3207,0,,0
7863,7863,3,100,1.08,0,0,1.08,3,0,0,0,0,0,406304.8207,416982.3207,0,,0
7864,7864,3,100,1.08,0,0,1.08,3,0,0,0,3.4668,3.4668,406308.2875,416985.7875,3.4668,,3.21
7865,7865,3,100,1.07,0,0,1.07,3,0,0,0,3.638,3.638,406311.9255,416989.4255,3.638,,3.4
7866,7866,3,100,0.97,0,0,0.97,3,0,0,0,10.7961,10.7961,406322.7216,417000.2216,10.7961,,11.13
7867,7867,3,100,0.97,0,0,0.97,3,0,0,0,30.2349,30.2349,406352.9565,417030.4565,30.2349,,31.17
7868,7868,3,100,2.02,1,0.95,1.07,2,0,1,5,70.599,65.599,406418.5555,417101.0555,37.3965,,34.95
7869,7869,2,66.67,2.96,2,1.9,1.06,0,0,2,10,111.8584,101.8584,406520.4139,417212.9139,40.0574,,37.79
7870,7870,0,0,1.06,0,0,1.06,0,0,0,0,30.0404,30.0404,406550.4543,417242.9543,30.0404,,28.34
7871,7871,0,0,1.07,0,0,1.07,0,0,0,0,36.1018,36.1018,406586.5561,417279.0561,36.1018,,33.74
7872,7872,0,0,1.06,0,0,1.06,0,0,0,0,34.0472,34.0472,406620.6033,417313.1033,34.0472,,32.12
7873,7873,0,0,1.07,0,0,1.07,0,0,0,0,30.1205,30.1205,406650.7238,417343.2238,30.1205,,28.15
7874,7874,0,0,1.07,0,0,1.07,0,0,0,0,30.3238,30.3238,406681.0476,417373.5476,30.3238,,28.34
7875,7875,0,0,1.07,0,0,1.07,0,0,0,0,30.3238,30.3238,406711.3714,417403.8714,30.3238,,28.34
7876,7876,0,0,1.07,0,0,1.07,0,0,0,0,30.3238,30.3238,406741.6952,417434.1952,30.3238,,28.34
7877,7877,0,0,1.07,0,0,1.07,0,0,0,0,30.3238,30.3238,406772.019,417464.519,30.3238,,28.34
7878,7878,0,0,0.2635,-0.75,-0.8065,1.07,0.75,0,0.75,3.75,2.4905,-1.2595,406770.7595,417467.0095,10.1115,,9.45
7879,7879,0.75,25,0.0047,-1,-1.0753,1.08,1.75,0,1,5,0.0268,-4.9732,406765.7863,417467.0363,6.1236,,5.67
7880,7880,1.75,58.33,1.12,0,0,1.12,1.75,0,0,0,31.7408,31.7408,406797.5271,417498.7771,31.7408,,28.34
7881,7881,1.75,58.33,1.8225,0.75,0.7125,1.11,1,0,0.75,3.75,51.6497,47.8997,406845.4268,417550.4268,31.4574,,28.34
7882,7882,1,33.33,0.6,0,0,0.6,1,0,0,0,15.87,15.87,406861.2968,417566.2968,15.87,,26.45
7883,7883,1,33.33,1.21,0,0,1.21,1,0,0,0,22.6996,22.6996,406883.9964,417588.9964,22.6996,,18.76
7884,7884,1,33.33,0.0947,-1,-1.0753,1.17,2,0,1,5,0.5551,-4.4449,406879.5515,417589.5515,6.8562,,5.86
7885,7885,2,66.67,0.0447,-1,-1.0753,1.12,3,0,1,5,0.5542,-4.4458,406875.1057,417590.1057,13.8768,,12.39
7886,7886,3,100,1.12,0,0,1.12,3,0,0,0,31.7408,31.7408,406906.8465,417621.8465,31.7408,,28.34
7887,7887,3,100,1.12,0,0,1.12,3,0,0,0,31.7408,31.7408,406938.5873,417653.5873,31.7408,,28.34
7888,7888,3,100,1.13,0,0,1.13,3,0,0,0,39.4709,39.4709,406978.0582,417693.0582,39.4709,,34.93
7889,7889,3,100,1.13,0,0,1.13,3,0,0,0,38.4313,38.4313,407016.4895,417731.4895,38.4313,,34.01
7890,7890,3,100,1.13,0,0,1.13,3,0,0,0,38.4313,38.4313,407054.9208,417769.9208,38.4313,,34.01
7891,7891,3,100,1.13,0,0,1.13,3,0,0,0,76.8626,76.8626,407131.7834,417846.7834,76.8626,,68.02
7892,7892,3,100,2.3175,1.25,1.1875,1.13,1.75,0,1.25,6.25,188.2737,182.0237,407313.8071,418035.0571,91.8012,,81.24
7893,7893,1.75,58.33,2.7925,1.75,1.6625,1.13,0,0,1.75,8.75,226.8627,218.1127,407531.9198,418261.9198,91.8012,,81.24
7894,7894,0,0,1.13,0,0,1.13,0,0,0,0,64.0484,64.0484,407595.9682,418325.9682,64.0484,,56.68
7895,7895,0,0,0.1047,-1,-1.0753,1.18,1,0,1,5,2.9681,-2.0319,407593.9363,418328.9363,33.4412,,28.34
7896,7896,1,33.33,2.13,1,0.95,1.18,0,0,1,5,98.406,93.406,407687.3423,418427.3423,54.516,,46.2
7897,7897,0,0,1.17,0,0,1.17,0,0,0,0,42.003,42.003,407729.3453,418469.3453,42.003,,35.9
7898,7898,0,0,1.17,0,0,1.17,0,0,0,0,42.003,42.003,407771.3483,418511.3483,42.003,,35.9
7899,7899,0,0,1.18,0,0,1.18,0,0,0,0,42.362,42.362,407813.7103,418553.7103,42.362,,35.9
7900,7900,0,0,1.18,0,0,1.18,0,0,0,0,42.6216,42.6216,407856.3319,418596.3319,42.6216,,36.12
7901,7901,0,0,1.17,0,0,1.17,0,0,0,0,33.1578,33.1578,407889.4897,418629.4897,33.1578,,28.34
7902,7902,0,0,1.18,0,0,1.18,0,0,0,0,40.1318,40.1318,407929.6215,418669.6215,40.1318,,34.01
7903,7903,0,0,0.0847,-1,-1.0753,1.16,1,0,1,5,1.2803,-3.7197,407925.9018,418670.9018,17.5276,,15.11
7904,7904,1,33.33,1.13,0,0,1.13,1,0,0,0,38.4313,38.4313,407964.3331,418709.3331,38.4313,,34.01
7905,7905,1,33.33,1.12,0,0,1.12,1,0,0,0,31.7408,31.7408,407996.0739,418741.0739,31.7408,,28.34
7906,7906,1,33.33,1.12,0,0,1.12,1,0,0,0,29.624,29.624,408025.6979,418770.6979,29.624,,26.45
7907,7907,1,33.33,1.12,0,0,1.12,1,0,0,0,29.624,29.624,408055.3219,418800.3219,29.624,,26.45
7908,7908,1,33.33,0.0347,-1,-1.0753,1.11,2,0,1,5,0.3282,-4.6718,408050.6501,418800.6501,10.4895,,9.45
7909,7909,2,66.67,1.12,0,0,1.12,2,0,0,0,29.624,29.624,408080.2741,418830.2741,29.624,,26.45
7910,7910,2,66.67,1.11,0,0,1.11,2,0,0,0,37.7511,37.7511,408118.0252,418868.0252,37.7511,,34.01
7911,7911,2,66.67,0.0447,-1,-1.0753,1.12,3,0,1,5,0.993,-4.007,408114.0182,418869.0182,24.864,,22.2
7912,7912,3,100,1.13,0,0,1.13,3,0,0,0,29.8885,29.8885,408143.9067,418898.9067,29.8885,,26.45
7913,7913,3,100,1.13,0,0,1.13,3,0,0,0,61.9127,61.9127,408205.8194,418960.8194,61.9127,,54.79
7914,7914,3,100,1.12,0,0,1.12,3,0,0,0,63.4592,63.4592,408269.2786,419024.2786,63.4592,,56.66
7915,7915,3,100,1.12,0,0,1.12,3,0,0,0,82.1184,82.1184,408351.397,419106.397,82.1184,,73.32
7916,7916,3,100,2.7925,1.75,1.6625,1.13,1.25,0,1.75,8.75,227.2536,218.5036,408569.9006,419333.6506,91.9594,,81.38
7917,7917,1.25,41.67,2.3075,1.25,1.1875,1.12,0,0,1.25,6.25,187.4613,181.2113,408751.1119,419521.1119,90.9888,,81.24
7918,7918,0,0,1.12,0,0,1.12,0,0,0,0,84.6384,84.6384,408835.7503,419605.7503,84.6384,,75.57
7919,7919,0,0,1.13,0,0,1.13,0,0,0,0,77.2242,77.2242,408912.9745,419682.9745,77.2242,,68.34
7920,7920,0,0,1.12,0,0,1.12,0,0,0,0,86.2848,86.2848,408999.2593,419769.2593,86.2848,,77.04
7921,7921,0,0,1.12,0,0,1.12,0,0,0,0,84.3808,84.3808,409083.6401,419853.6401,84.3808,,75.34
7922,7922,0,0,1.12,0,0,1.12,0,0,0,0,75.4096,75.4096,409159.0497,419929.0497,75.4096,,67.33
7923,7923,0,0,1.13,0,0,1.13,0,0,0,0,75.4388,75.4388,409234.4885,420004.4885,75.4388,,66.76
7924,7924,0,0,1.13,0,0,1.13,0,0,0,0,74.6139,74.6139,409309.1024,420079.1024,74.6139,,66.03
7925,7925,0,0,1.13,0,0,1.13,0,0,0,0,63.845,63.845,409372.9474,420142.9474,63.845,,56.5
7926,7926,0,0,0.0547,-1,-1.0753,1.13,1,0,1,5,1.9583,-3.0417,409369.9057,420144.9057,40.4314,,35.78
7927,7927,1,33.33,0.0547,-1,-1.0753,1.13,2,0,1,5,0.3815,-4.6185,409365.2872,420145.2872,7.8761,,6.97
7928,7928,2,66.67,1.13,0,0,1.13,2,0,0,0,59.5962,59.5962,409424.8834,420204.8834,59.5962,,52.74
7929,7929,2,66.67,2.7925,1.75,1.6625,1.13,0.25,0,1.75,8.75,183.551,174.801,409599.6844,420388.4344,74.2749,,65.73
7930,7930,0.25,8.33,1.13,0,0,1.13,0.25,0,0,0,53.2004,53.2004,409652.8848,420441.6348,53.2004,,47.08
7931,7931,0.25,8.33,0.0347,-1,-1.0753,1.11,1.25,0,1,5,1.589,-3.411,409649.4738,420443.2238,50.7825,,45.75
7932,7932,1.25,41.67,0.0347,-1,-1.0753,1.11,2.25,0,1,5,0.9812,-4.0188,409645.455,420444.205,31.3575,,28.25
7933,7933,2.25,75,0.3035,-0.75,-0.8065,1.11,3,0,0.75,3.75,13.8873,10.1373,409655.5923,420458.0923,50.7825,,45.75
7934,7934,3,100,1.11,0,0,1.11,3,0,0,0,73.1934,73.1934,409728.7857,420531.2857,73.1934,,65.94
7935,7935,3,100,1.13,0,0,1.13,3,0,0,0,73.9698,73.9698,409802.7555,420605.2555,73.9698,,65.46
7936,7936,3,100,1.12,0,0,1.12,3,0,0,0,84.2688,84.2688,409887.0243,420689.5243,84.2688,,75.24
7937,7937,3,100,2.3175,1.25,1.1875,1.13,1.75,0,1.25,6.25,192.0512,185.8012,410072.8255,420881.5755,93.6431,,82.87
7938,7938,1.75,58.33,1.13,0,0,1.13,1.75,0,0,0,89.383,89.383,410162.2085,420970.9585,89.383,,79.1
7939,7939,1.75,58.33,1.13,0,0,1.13,1.75,0,0,0,80.8741,80.8741,410243.0826,421051.8326,80.8741,,71.57
7940,7940,1.75,58.33,2.7925,1.75,1.6625,1.13,0,0,1.75,8.75,231.4145,222.6645,410465.7471,421283.2471,93.6431,,82.87
7941,7941,0,0,1.13,0,0,1.13,0,0,0,0,91.5187,91.5187,410557.2658,421374.7658,91.5187,,80.99
7942,7942,0,0,1.13,0,0,1.13,0,0,0,0,78.761,78.761,410636.0268,421453.5268,78.761,,69.7
7943,7943,0,0,1.13,0,0,1.13,0,0,0,0,85.1342,85.1342,410721.161,421538.661,85.1342,,75.34
7944,7944,0,0,1.13,0,0,1.13,0,0,0,0,79.6763,79.6763,410800.8373,421618.3373,79.6763,,70.51
7945,7945,0,0,1.13,0,0,1.13,0,0,0,0,68.1164,68.1164,410868.9537,421686.4537,68.1164,,60.28
7946,7946,0,0,1.13,0,0,1.13,0,0,0,0,70.2408,70.2408,410939.1945,421756.6945,70.2408,,62.16
7947,7947,0,0,1.12,0,0,1.12,0,0,0,0,68.9696,68.9696,411008.1641,421825.6641,68.9696,,61.58
7948,7948,0,0,1.13,0,0,1.13,0,0,0,0,85.1455,85.1455,411093.3096,421910.8096,85.1455,,75.35
7949,7949,0,0,1.13,0,0,1.13,0,0,0,0,85.1455,85.1455,411178.4551,421995.9551,85.1455,,75.35
7950,7950,0,0,1.13,0,0,1.13,0,0,0,0,74.2523,74.2523,411252.7074,422070.2074,74.2523,,65.71
7951,7951,0,0,0.0547,-1,-1.0753,1.13,1,0,1,5,1.8559,-3.1441,411249.5633,422072.0633,38.3183,,33.91
7952,7952,1,33.33,2.08,1,0.95,1.13,0,0,1,5,144.1856,139.1856,411388.7489,422216.2489,78.3316,,69.32
7953,7953,0,0,1.12,0,0,1.12,0,0,0,0,73.8416,73.8416,411462.5905,422290.0905,73.8416,,65.93
7954,7954,0,0,0.8412,-0.25,-0.2688,1.11,0.25,0,0.25,1.25,42.7826,41.5326,411504.1231,422332.8731,56.4546,,50.86
7955,7955,0.25,8.33,1.12,0,0,1.12,0.25,0,0,0,63.2688,63.2688,411567.3919,422396.1419,63.2688,,56.49
7956,7956,0.25,8.33,0.0347,-1,-1.0753,1.11,1.25,0,1,5,0.9815,-4.0185,411563.3734,422397.1234,31.3686,,28.26
7957,7957,1.25,41.67,1.12,0,0,1.12,1.25,0,0,0,63.224,63.224,411626.5974,422460.3474,63.224,,56.45
7958,7958,1.25,41.67,1.13,0,0,1.13,1.25,0,0,0,63.7998,63.7998,411690.3972,422524.1472,63.7998,,56.46
7959,7959,1.25,41.67,0.0547,-1,-1.0753,1.13,2.25,0,1,5,2.0694,-2.9306,411687.4666,422526.2166,42.7253,,37.81
7960,7960,2.25,75,0.1635,-0.75,-0.8065,0.97,3,0,0.75,3.75,7.8192,4.0692,411691.5358,422534.0358,46.3757,,47.81
7961,7961,3,100,1.13,0,0,1.13,3,0,0,0,80.9532,80.9532,411772.489,422614.989,80.9532,,71.64
7962,7962,3,100,0.98,0,0,0.98,3,0,0,0,53.998,53.998,411826.487,422668.987,53.998,,55.1
7963,7963,3,100,1.13,0,0,1.13,3,0,0,0,90.1853,90.1853,411916.6723,422759.1723,90.1853,,79.81
7964,7964,3,100,2.3175,1.25,1.1875,1.13,1.75,0,1.25,6.25,196.4545,190.2045,412106.8768,422955.6268,95.7901,,84.77
7965,7965,1.75,58.33,2.7925,1.75,1.6625,1.13,0,0,1.75,8.75,236.7202,227.9702,412334.847,423192.347,95.7901,,84.77
7966,7966,0,0,1.13,0,0,1.13,0,0,0,0,85.1455,85.1455,412419.9925,423277.4925,85.1455,,75.35
7967,7967,0,0,1.13,0,0,1.13,0,0,0,0,74.4896,74.4896,412494.4821,423351.9821,74.4896,,65.92
7968,7968,0,0,1.12,0,0,1.12,0,0,0,0,73.864,73.864,412568.3461,423425.8461,73.864,,65.95
7969,7969,0,0,0.0447,-1,-1.0753,1.12,1,0,1,5,2.5278,-2.4722,412565.8739,423428.3739,63.2912,,56.51
7970,7970,1,33.33,1.12,0,0,1.12,1,0,0,0,73.8416,73.8416,412639.7155,423502.2155,73.8416,,65.93
7971,7971,1,33.33,1.12,0,0,1.12,1,0,0,0,73.8416,73.8416,412713.5571,423576.0571,73.8416,,65.93
7972,7972,1,33.33,2.08,1,0.95,1.13,0,0,1,5,160.2848,155.2848,412868.8419,423736.3419,87.0778,,77.06
7973,7973,0,0,1.13,0,0,1.13,0,0,0,0,76.6253,76.6253,412945.4672,423812.9672,76.6253,,67.81
7974,7974,0,0,0.0547,-1,-1.0753,1.13,1,0,1,5,2.5269,-2.4731,412942.9941,423815.4941,52.1721,,46.17
7975,7975,1,33.33,0.0447,-1,-1.0753,1.12,2,0,1,5,1.5164,-3.4836,412939.5105,423817.0105,37.968,,33.9
7976,7976,2,66.67,2.7825,1.75,1.6625,1.12,0.25,0,1.75,8.75,188.6813,179.9313,413119.4418,424005.6918,75.9472,,67.81
7977,7977,0.25,8.33,1.3575,0.25,0.2375,1.12,0,0,0.25,1.25,89.5,88.25,413207.6918,424095.1918,73.8416,,65.93
7978,7978,0,0,1.11,0,0,1.11,0,0,0,0,53.0691,53.0691,413260.7609,424148.2609,53.0691,,47.81
7979,7979,0,0,0.0447,-1,-1.0753,1.12,1,0,1,5,1.8957,-3.1043,413257.6566,424150.1566,47.4656,,42.38
7980,7980,1,33.33,0.0447,-1,-1.0753,1.12,2,0,1,5,1.2637,-3.7363,413253.9203,424151.4203,31.64,,28.25
7981,7981,2,66.67,0.0447,-1,-1.0753,1.12,3,0,1,5,1.5987,-3.4013,413250.519,424153.019,40.0288,,35.74
7982,7982,3,100,1.12,0,0,1.12,3,0,0,0,74.872,74.872,413325.391,424227.891,74.872,,66.85
7983,7983,3,100,1.13,0,0,1.13,3,0,0,0,74.5009,74.5009,413399.8919,424302.3919,74.5009,,65.93
7984,7984,3,100,1.12,0,0,1.12,3,0,0,0,63.2912,63.2912,413463.1831,424365.6831,63.2912,,56.51
7985,7985,3,100,1.12,0,0,1.12,3,0,0,0,80.2592,80.2592,413543.4423,424445.9423,80.2592,,71.66
7986,7986,3,100,1.12,0,0,1.12,3,0,0,0,71.512,71.512,413614.9543,424517.4543,71.512,,63.85
7987,7987,3,100,1.13,0,0,1.13,3,0,0,0,82.0041,82.0041,413696.9584,424599.4584,82.0041,,72.57
7988,7988,3,100,2.7725,1.75,1.6625,1.11,1.25,0,1.75,8.75,221.1623,212.4123,413909.3707,424820.6207,88.5447,,79.77
7989,7989,1.25,41.67,2.3075,1.25,1.1875,1.12,0,0,1.25,6.25,182.5463,176.2963,414085.667,425003.167,88.6032,,79.11
7990,7990,0,0,1.13,0,0,1.13,0,0,0,0,74.241,74.241,414159.908,425077.408,74.241,,65.7
7991,7991,0,0,1.13,0,0,1.13,0,0,0,0,62.2404,62.2404,414222.1484,425139.6484,62.2404,,55.08
7992,7992,0,0,1.12,0,0,1.12,0,0,0,0,71.624,71.624,414293.7724,425211.2724,71.624,,63.95
7993,7993,0,0,1.12,0,0,1.12,0,0,0,0,77.4592,77.4592,414371.2316,425288.7316,77.4592,,69.16
7994,7994,0,0,1.12,0,0,1.12,0,0,0,0,71.624,71.624,414442.8556,425360.3556,71.624,,63.95
7995,7995,0,0,1.12,0,0,1.12,0,0,0,0,77.056,77.056,414519.9116,425437.4116,77.056,,68.8
7996,7996,0,0,1.13,0,0,1.13,0,0,0,0,78.1508,78.1508,414598.0624,425515.5624,78.1508,,69.16
7997,7997,0,0,1.13,0,0,1.13,0,0,0,0,72.0488,72.0488,414670.1112,425587.6112,72.0488,,63.76
7998,7998,0,0,1.13,0,0,1.13,0,0,0,0,53.9349,53.9349,414724.0461,425641.5461,53.9349,,47.73
7999,7999,0,0,0.0447,-1,-1.0753,1.12,1,0,1,5,1.2619,-3.7381,414720.308,425642.808,31.5952,,28.21
8000,8000,1,33.33,1.13,0,0,1.13,1,0,0,0,39.3127,39.3127,414759.6207,425682.1207,39.3127,,34.79
8001,8001,1,33.33,1.13,0,0,1.13,1,0,0,0,37.4934,37.4934,414797.1141,425719.6141,37.4934,,33.18
8002,8002,1,33.33,0,0,0,0,1,0,0,0,0,0,414797.1141,425719.6141,0,,28.21
8003,8003,1,33.33,0,0,0,0,1,0,0,0,0,0,414797.1141,425719.6141,0,,28.21
8004,8004,1,33.33,0,0,0,0,1,0,0,0,0,0,414797.1141,425719.6141,0,,13.17
8005,8005,1,33.33,0.5924,-0.5,-0.5376,1.13,1.5,0,0.5,2.5,16.7106,14.2106,414811.3247,425736.3247,31.8773,,28.21
8006,8006,1.5,50,1.13,0,0,1.13,1.5,0,0,0,36.0583,36.0583,414847.383,425772.383,36.0583,,31.91
8007,8007,1.5,50,1.13,0,0,1.13,1.5,0,0,0,35.9566,35.9566,414883.3396,425808.3396,35.9566,,31.82
8008,8008,1.5,50,0.3135,-0.75,-0.8065,1.12,2.25,0,0.75,3.75,8.8452,5.0952,414888.4348,425817.1848,31.5952,,28.21
8009,8009,2.25,75,0.3135,-0.75,-0.8065,1.12,3,0,0.75,3.75,8.8452,5.0952,414893.53,425826.03,31.5952,,28.21
8010,8010,3,100,1.1,0,0,1.1,3,0,0,0,31.031,31.031,414924.561,425857.061,31.031,,28.21
8011,8011,3,100,1.11,0,0,1.11,3,0,0,0,62.6262,62.6262,414987.1872,425919.6872,62.6262,,56.42
8012,8012,3,100,3,2,1.9,1.1,1,0,2,10,228.27,218.27,415205.4572,426147.9572,83.699,,76.09
8013,8013,1,33.33,2.08,1,0.95,1.13,0,0,1,5,157.664,152.664,415358.1212,426305.6212,85.654,,75.8
8014,8014,0,0,1.11,0,0,1.11,0,0,0,0,70.9845,70.9845,415429.1057,426376.6057,70.9845,,63.95
8015,8015,0,0,0.0447,-1,-1.0753,1.12,1,0,1,5,1.7669,-3.2331,415425.8726,426378.3726,44.24,,39.5
8016,8016,1,33.33,2.07,1,0.95,1.12,0,0,1,5,131.8176,126.8176,415552.6902,426510.1902,71.3216,,63.68
8017,8017,0,0,1.12,0,0,1.12,0,0,0,0,60.3008,60.3008,415612.991,426570.491,60.3008,,53.84
8018,8018,0,0,1.13,0,0,1.13,0,0,0,0,40.2054,40.2054,415653.1964,426610.6964,40.2054,,35.58
8019,8019,0,0,1.12,0,0,1.12,0,0,0,0,50.8704,50.8704,415704.0668,426661.5668,50.8704,,45.42
8020,8020,0,0,1.12,0,0,1.12,0,0,0,0,35.84,35.84,415739.9068,426697.4068,35.84,,32
8021,8021,0,0,1.13,0,0,1.13,0,0,0,0,31.7417,31.7417,415771.6485,426729.1485,31.7417,,28.09
8022,8022,0,0,1.13,0,0,1.13,0,0,0,0,42.3298,42.3298,415813.9783,426771.4783,42.3298,,37.46
8023,8023,0,0,1.13,0,0,1.13,0,0,0,0,6.4297,6.4297,415820.408,426777.908,6.4297,,5.69
8024,8024,0,0,1.12,0,0,1.12,0,0,0,0,3.6736,3.6736,415824.0816,426781.5816,3.6736,,3.28
8025,8025,0,0,0.0347,-1,-1.0753,1.11,1,0,1,5,0.1104,-4.8896,415819.192,426781.692,3.5298,,3.18
8026,8026,1,33.33,0.0347,-1,-1.0753,1.11,2,0,1,5,0.1104,-4.8896,415814.3024,426781.8024,3.5298,,3.18
8027,8027,2,66.67,0.2935,-0.75,-0.8065,1.1,2.75,0,0.75,3.75,0.9335,-2.8165,415811.4859,426782.7359,3.498,,3.18
8028,8028,2.75,91.67,0.8312,-0.25,-0.2688,1.1,3,0,0.25,1.25,2.6432,1.3932,415812.8791,426785.3791,3.498,,3.18
8029,8029,3,100,1.1,0,0,1.1,3,0,0,0,3.52,3.52,415816.3991,426788.8991,3.52,,3.2
8030,8030,3,100,1.1,0,0,1.1,3,0,0,0,4.037,4.037,415820.4361,426792.9361,4.037,,3.67
8031,8031,3,100,1.11,0,0,1.11,3,0,0,0,4.1625,4.1625,415824.5986,426797.0986,4.1625,,3.75
8032,8032,3,100,1.11,0,0,1.11,3,0,0,0,9.3573,9.3573,415833.9559,426806.4559,9.3573,,8.43
8033,8033,3,100,1.12,0,0,1.12,3,0,0,0,19.2976,19.2976,415853.2535,426825.7535,19.2976,,17.23
8034,8034,3,100,1.12,0,0,1.12,3,0,0,0,33.2976,33.2976,415886.5511,426859.0511,33.2976,,29.73
8035,8035,3,100,1.13,0,0,1.13,3,0,0,0,40.2054,40.2054,415926.7565,426899.2565,40.2054,,35.58
8036,8036,3,100,2.08,1,0.95,1.13,2,0,1,5,117.7904,112.7904,416039.5469,427017.0469,63.9919,,56.63
8037,8037,2,66.67,3,2,1.9,1.13,0,0.03,2,10,196.65,186.65,416226.1969,427213.6969,74.0715,,65.55
8038,8038,0,0,1.12,0,0,1.12,0,0,0,0,62.9216,62.9216,416289.1185,427276.6185,62.9216,,56.18
8039,8039,0,0,1.12,0,0,1.12,0,0,0,0,50.8704,50.8704,416339.9889,427327.4889,50.8704,,45.42
8040,8040,0,0,1.12,0,0,1.12,0,0,0,0,53.704,53.704,416393.6929,427381.1929,53.704,,47.95
8041,8041,0,0,1.11,0,0,1.11,0,0,0,0,42.6129,42.6129,416436.3058,427423.8058,42.6129,,38.39
8042,8042,0,0,1.12,0,0,1.12,0,0,0,0,39.8496,39.8496,416476.1554,427463.6554,39.8496,,35.58
8043,8043,0,0,1.11,0,0,1.11,0,0,0,0,36.3747,36.3747,416512.5301,427500.0301,36.3747,,32.77
8044,8044,0,0,1.12,0,0,1.12,0,0,0,0,50.8704,50.8704,416563.4005,427550.9005,50.8704,,45.42
8045,8045,0,0,0.0547,-1,-1.0753,1.13,1,0,1,5,1.5374,-3.4626,416559.9379,427552.4379,31.7417,,28.09
8046,8046,1,33.33,0.0547,-1,-1.0753,1.13,2,0,1,5,1.5374,-3.4626,416556.4753,427553.9753,31.7417,,28.09
8047,8047,2,66.67,0.0547,-1,-1.0753,1.13,3,0,1,5,0.8199,-4.1801,416552.2952,427554.7952,16.9274,,14.98
8048,8048,3,100,3,2,1.9,1.13,1,0.03,2,10,168.51,158.51,416710.8052,427723.3052,63.4721,,56.17
8049,8049,1,33.33,2.07,1,0.95,1.12,0,0,1,5,94.0194,89.0194,416799.8246,427817.3246,50.8704,,45.42
8050,8050,0,0,0.0547,-1,-1.0753,1.13,1,0,1,5,1.5374,-3.4626,416796.362,427818.862,31.7417,,28.09
8051,8051,1,33.33,1.12,0,0,1.12,1,0,0,0,31.4608,31.4608,416827.8228,427850.3228,31.4608,,28.09
8052,8052,1,33.33,0.0447,-1,-1.0753,1.12,2,0,1,5,0.5028,-4.4972,416823.3256,427850.8256,12.5888,,11.24
8053,8053,2,66.67,0.0547,-1,-1.0753,1.13,3,0,1,5,1.4351,-3.5649,416819.7607,427852.2607,29.6286,,26.22
8054,8054,3,100,1.12,0,0,1.12,3,0,0,0,52.8304,52.8304,416872.5911,427905.0911,52.8304,,47.17
8055,8055,3,100,1.12,0,0,1.12,3,0,0,0,50.2768,50.2768,416922.8679,427955.3679,50.2768,,44.89
8056,8056,3,100,1.11,0,0,1.11,3,0,0,0,43.6563,43.6563,416966.5242,427999.0242,43.6563,,39.33
8057,8057,3,100,1.11,0,0,1.11,3,0,0,0,58.1862,58.1862,417024.7104,428057.2104,58.1862,,52.42
8058,8058,3,100,1.11,0,0,1.11,3,0,0,0,45.2547,45.2547,417069.9651,428102.4651,45.2547,,40.77
8059,8059,3,100,1.12,0,0,1.12,3,0,0,0,73.416,73.416,417143.3811,428175.8811,73.416,,65.55
8060,8060,3,100,2.3075,1.25,1.1875,1.12,1.75,0,1.25,6.25,183.0078,176.7578,417320.1389,428358.8889,88.8272,,79.31
8061,8061,1.75,58.33,2.7925,1.75,1.6625,1.13,0,0,1.75,8.75,230.102,221.352,417541.4909,428588.9909,93.112,,82.4
8062,8062,0,0,1.13,0,0,1.13,0,0,0,0,74.0489,74.0489,417615.5398,428663.0398,74.0489,,65.53
8063,8063,0,0,0.0547,-1,-1.0753,1.13,1,0,1,5,2.6014,-2.3986,417613.1412,428665.6412,53.7089,,47.53
8064,8064,1,33.33,1.12,0,0,1.12,1,0,0,0,71.3216,71.3216,417684.4628,428736.9628,71.3216,,63.68
8065,8065,1,33.33,1.13,0,0,1.13,1,0,0,0,74.0715,74.0715,417758.5343,428811.0343,74.0715,,65.55
8066,8066,1,33.33,1.13,0,0,1.13,1,0,0,0,74.0489,74.0489,417832.5832,428885.0832,74.0489,,65.53
8067,8067,1,33.33,2.08,1,0.95,1.13,0,0,1,5,139.4432,134.4432,417967.0264,429024.5264,75.7552,,67.04
8068,8068,0,0,1.12,0,0,1.12,0,0,0,0,71.3216,71.3216,418038.348,429095.848,71.3216,,63.68
8069,8069,0,0,1.12,0,0,1.12,0,0,0,0,60.1104,60.1104,418098.4584,429155.9584,60.1104,,53.67
8070,8070,0,0,1.13,0,0,1.13,0,0,0,0,42.3298,42.3298,418140.7882,429198.2882,42.3298,,37.46
8071,8071,0,0,0.0547,-1,-1.0753,1.13,1,0,1,5,1.307,-3.693,418137.0952,429199.5952,26.9844,,23.88
8072,8072,1,33.33,2.08,1,0.95,1.13,0,0,1,5,105.8928,100.8928,418237.988,429305.488,57.5283,,50.91
8073,8073,0,0,1.12,0,0,1.12,0,0,0,0,46.144,46.144,418284.132,429351.632,46.144,,41.2
8074,8074,0,0,0.0447,-1,-1.0753,1.12,1,0,1,5,1.2565,-3.7435,418280.3885,429352.8885,31.4608,,28.09
8075,8075,1,33.33,0.0447,-1,-1.0753,1.12,2,0,1,5,1.5137,-3.4863,418276.9022,429354.4022,37.9008,,33.84
8076,8076,2,66.67,0.0447,-1,-1.0753,1.12,3,0,1,5,1.1729,-3.8271,418273.0751,429355.5751,29.3664,,26.22
8077,8077,3,100,1.12,0,0,1.12,3,0,0,0,41.9552,41.9552,418315.0303,429397.5303,41.9552,,37.46
8078,8078,3,100,1.12,0,0,1.12,3,0,0,0,41.9552,41.9552,418356.9855,429439.4855,41.9552,,37.46
8079,8079,3,100,1.13,0,0,1.13,3,0,0,0,42.0586,42.0586,418399.0441,429481.5441,42.0586,,37.22
8080,8080,3,100,1.13,0,0,1.13,3,0,0,0,50.6918,50.6918,418449.7359,429532.2359,50.6918,,44.86
8081,8081,3,100,1.13,0,0,1.13,3,0,0,0,60.6471,60.6471,418510.383,429592.883,60.6471,,53.67
8082,8082,3,100,1.13,0,0,1.13,3,0,0,0,51.867,51.867,418562.25,429644.75,51.867,,45.9
8083,8083,3,100,1.12,0,0,1.12,3,0,0,0,60.3008,60.3008,418622.5508,429705.0508,60.3008,,53.84
8084,8084,3,100,2.3075,1.25,1.1875,1.12,1.75,0,1.25,6.25,183.4463,177.1963,418799.7471,429888.4971,89.04,,79.5
8085,8085,1.75,58.33,2.7825,1.75,1.6625,1.12,0,0,1.75,8.75,231.1144,222.3644,419022.1115,430119.6115,93.0272,,83.06
8086,8086,0,0,1.12,0,0,1.12,0,0,0,0,77.4592,77.4592,419099.5707,430197.0707,77.4592,,69.16
8087,8087,0,0,0,0,0,0,0,0,0,0,0,0,419099.5707,430197.0707,0,,56.18
8088,8088,0,0,0.6,0,0,0.6,0,0,0,0,35.964,35.964,419135.5347,430233.0347,35.964,,59.94
8089,8089,0,0,1.13,0,0,1.13,0,0,0,0,67.4271,67.4271,419202.9618,430300.4618,67.4271,,59.67
8090,8090,0,0,1.13,0,0,1.13,0,0,0,0,67.7322,67.7322,419270.694,430368.194,67.7322,,59.94
8091,8091,0,0,1.13,0,0,1.13,0,0,0,0,71.5403,71.5403,419342.2343,430439.7343,71.5403,,63.31
8092,8092,0,0,1.13,0,0,1.13,0,0,0,0,67.5175,67.5175,419409.7518,430507.2518,67.5175,,59.75
8093,8093,0,0,1.13,0,0,1.13,0,0,0,0,55.0536,55.0536,419464.8054,430562.3054,55.0536,,48.72
8094,8094,0,0,1.13,0,0,1.13,0,0,0,0,43.4033,43.4033,419508.2087,430605.7087,43.4033,,38.41
8095,8095,0,0,0.0547,-1,-1.0753,1.13,1,0,1,5,1.5379,-3.4621,419504.7466,430607.2466,31.753,,28.1
8096,8096,1,33.33,2.08,1,0.95,1.13,0,0,1,5,109.0336,104.0336,419608.7802,430716.2802,59.2346,,52.42
8097,8097,0,0,1.12,0,0,1.12,0,0,0,0,52.4608,52.4608,419661.241,430768.741,52.4608,,46.84
8098,8098,0,0,0.0347,-1,-1.0753,1.11,1,0,1,5,1.0881,-3.9119,419657.3291,430769.8291,34.7763,,31.33
8099,8099,1,33.33,0.5724,-0.5,-0.5376,1.11,1.5,0,0.5,2.5,19.3059,16.8059,419674.135,430789.135,37.4403,,33.73
8100,8100,1.5,50,0.0447,-1,-1.0753,1.12,2.5,0,1,5,0.8365,-4.1635,419669.9715,430789.9715,20.944,,18.7
8101,8101,2.5,83.33,0.5824,-0.5,-0.5376,1.12,3,0,0.5,2.5,19.6432,17.1432,419687.1147,430809.6147,37.7776,,33.73
8102,8102,3,100,0.66,0,0,0.66,3,0,0,0,26.169,26.169,419713.2837,430835.7837,26.169,,39.65
8103,8103,3,100,0,0,0,0,3,0,0,0,0,0,419713.2837,430835.7837,0,,46.84
8104,8104,3,100,0,0,0,0,3,0,0,0,0,0,419713.2837,430835.7837,0,,63.7
8105,8105,3,100,1,0,0,1,3,0,0,0,64.64,64.64,419777.9237,430900.4237,64.64,,64.64
8106,8106,3,100,1.13,0,0,1.13,3,0,0,0,70.3651,70.3651,419848.2888,430970.7888,70.3651,,62.27
8107,8107,3,100,1.12,0,0,1.12,3,0,0,0,83.944,83.944,419932.2328,431054.7328,83.944,,74.95
8108,8108,3,100,2.7825,1.75,1.6625,1.12,1.25,0,1.75,8.75,234.4813,225.7313,420157.9641,431289.2141,94.3824,,84.27
8109,8109,1.25,41.67,2.3075,1.25,1.1875,1.12,0,0,1.25,6.25,185.9153,179.6653,420337.6294,431475.1294,90.2384,,80.57
8110,8110,0,0,1.12,0,0,1.12,0,0,0,0,77.3584,77.3584,420414.9878,431552.4878,77.3584,,69.07
8111,8111,0,0,1.13,0,0,1.13,0,0,0,0,70.3651,70.3651,420485.3529,431622.8529,70.3651,,62.27
8112,8112,0,0,1.12,0,0,1.12,0,0,0,0,75.4544,75.4544,420560.8073,431698.3073,75.4544,,67.37
8113,8113,0,0,1.12,0,0,1.12,0,0,0,0,75.8464,75.8464,420636.6537,431774.1537,75.8464,,67.72
8114,8114,0,0,1.13,0,0,1.13,0,0,0,0,64.6021,64.6021,420701.2558,431838.7558,64.6021,,57.17
8115,8115,0,0,0.0447,-1,-1.0753,1.12,1,0,1,5,2.5233,-2.4767,420698.7791,431841.2791,63.1792,,56.41
8116,8116,1,33.33,2.07,1,0.95,1.12,0,0,1,5,154.9602,149.9602,420848.7393,431996.2393,83.8432,,74.86
8117,8117,0,0,1.13,0,0,1.13,0,0,0,0,76.4106,76.4106,420925.1499,432072.6499,76.4106,,67.62
8118,8118,0,0,1.13,0,0,1.13,0,0,0,0,82.4109,82.4109,421007.5608,432155.0608,82.4109,,72.93
8119,8119,0,0,0.0547,-1,-1.0753,1.13,1,0,1,5,2.0995,-2.9005,421004.6603,432157.1603,43.3468,,38.36
8120,8120,1,33.33,2.08,1,0.95,1.13,0,0,1,5,129.8544,124.8544,421129.5147,432287.0147,70.5459,,62.43
8121,8121,0,0,1.12,0,0,1.12,0,0,0,0,58.0048,58.0048,421187.5195,432345.0195,58.0048,,51.79
8122,8122,0,0,0.0447,-1,-1.0753,1.12,1,0,1,5,1.6743,-3.3257,421184.1938,432346.6938,41.9216,,37.43
8123,8123,1,33.33,0.0447,-1,-1.0753,1.12,2,0,1,5,1.5906,-3.4094,421180.7844,432348.2844,39.8272,,35.56
8124,8124,2,66.67,0.0447,-1,-1.0753,1.12,3,0,1,5,1.2355,-3.7645,421177.0199,432349.5199,30.9344,,27.62
8125,8125,3,100,1.12,0,0,1.12,3,0,0,0,50.5904,50.5904,421227.6103,432400.1103,50.5904,,45.17
8126,8126,3,100,1.12,0,0,1.12,3,0,0,0,72.9008,72.9008,421300.5111,432473.0111,72.9008,,65.09
8127,8127,3,100,1.12,0,0,1.12,3,0,0,0,67.0768,67.0768,421367.5879,432540.0879,67.0768,,59.89
8128,8128,3,100,0.6,0,0,0.6,3,0,0,0,39.3,39.3,421406.8879,432579.3879,39.3,,65.5
8129,8129,3,100,0.55,0,0,0.55,3,0,0,0,37.0535,37.0535,421443.9414,432616.4414,37.0535,,67.37
8130,8130,3,100,1.12,0,0,1.12,3,0,0,0,72.464,72.464,421516.4054,432688.9054,72.464,,64.7
8131,8131,3,100,1.13,0,0,1.13,3,0,0,0,71.416,71.416,421587.8214,432760.3214,71.416,,63.2
8132,8132,3,100,2.555,1.5,1.425,1.13,1.5,0,1.5,7.5,205.6008,198.1008,421785.9222,432965.9222,90.9311,,80.47
8133,8133,1.5,50,2.555,1.5,1.425,1.13,0,0,1.5,7.5,205.6008,198.1008,421984.023,433171.523,90.9311,,80.47
8134,8134,0,0,1.13,0,0,1.13,0,0,0,0,78.0717,78.0717,422062.0947,433249.5947,78.0717,,69.09
8135,8135,0,0,1.13,0,0,1.13,0,0,0,0,76.2072,76.2072,422138.3019,433325.8019,76.2072,,67.44
8136,8136,0,0,1.13,0,0,1.13,0,0,0,0,70.399,70.399,422208.7009,433396.2009,70.399,,62.3
8137,8137,0,0,1.13,0,0,1.13,0,0,0,0,76.2185,76.2185,422284.9194,433472.4194,76.2185,,67.45
8138,8138,0,0,1.13,0,0,1.13,0,0,0,0,71.981,71.981,422356.9004,433544.4004,71.981,,63.7
8139,8139,0,0,1.13,0,0,1.13,0,0,0,0,70.399,70.399,422427.2994,433614.7994,70.399,,62.3
8140,8140,0,0,1.12,0,0,1.12,0,0,0,0,86.0384,86.0384,422513.3378,433700.8378,86.0384,,76.82
8141,8141,0,0,1.13,0,0,1.13,0,0,0,0,75.2354,75.2354,422588.5732,433776.0732,75.2354,,66.58
8142,8142,0,0,0.3235,-0.75,-0.8065,1.13,0.75,0,0.75,3.75,17.5525,13.8025,422602.3757,433793.6257,61.3025,,54.25
8143,8143,0.75,25,0.0547,-1,-1.0753,1.13,1.75,0,1,5,2.1022,-2.8978,422599.4779,433795.7279,43.4033,,38.41
8144,8144,1.75,58.33,2.7925,1.75,1.6625,1.13,0,0,1.75,8.75,205.7793,197.0293,422796.5072,434001.5072,83.2697,,73.69
8145,8145,0,0,1.11,0,0,1.11,0,0,0,0,77.3448,77.3448,422873.852,434078.852,77.3448,,69.68
8146,8146,0,0,0.0447,-1,-1.0753,1.12,1,0,1,5,2.0116,-2.9884,422870.8636,434080.8636,50.3664,,44.97
8147,8147,1,33.33,1.11,0,0,1.11,1,0,0,0,54.0681,54.0681,422924.9317,434134.9317,54.0681,,48.71
8148,8148,1,33.33,0.0347,-1,-1.0753,1.11,2,0,1,5,0.911,-4.089,422920.8427,434135.8427,29.1153,,26.23
8149,8149,2,66.67,0.0347,-1,-1.0753,1.11,3,0,1,5,0.9759,-4.0241,422916.8186,434136.8186,31.191,,28.1
8150,8150,3,100,1.12,0,0,1.12,3,0,0,0,69.776,69.776,422986.5946,434206.5946,69.776,,62.3
8151,8151,3,100,1.12,0,0,1.12,3,0,0,0,62.9552,62.9552,423049.5498,434269.5498,62.9552,,56.21
8152,8152,3,100,1.12,0,0,1.12,3,0,0,0,69.776,69.776,423119.3258,434339.3258,69.776,,62.3
8153,8153,3,100,0.1,0,0,0.1,3,0,0,0,5.621,5.621,423124.9468,434344.9468,5.621,,56.21
8154,8154,3,100,0,0,0,0,3,0,0,0,0,0,423124.9468,434344.9468,0,,56.21
8155,8155,3,100,0,0,0,0,3,0,0,0,0,0,423124.9468,434344.9468,0,,71.16
8156,8156,3,100,2.855,2.5,2.375,0.48,0.5,0,2.5,12.5,229.7418,217.2418,423342.1886,434574.6886,38.6256,,80.47
8157,8157,0.5,16.67,1.605,0.5,0.475,1.13,0,0,0.5,2.5,120.9207,118.4207,423460.6093,434695.6093,85.1342,,75.34
8158,8158,0,0,1.13,0,0,1.13,0,0,0,0,63.5173,63.5173,423524.1266,434759.1266,63.5173,,56.21
8159,8159,0,0,1.13,0,0,1.13,0,0,0,0,71.981,71.981,423596.1076,434831.1076,71.981,,63.7
8160,8160,0,0,1.12,0,0,1.12,0,0,0,0,79.576,79.576,423675.6836,434910.6836,79.576,,71.05
8161,8161,0,0,1.13,0,0,1.13,0,0,0,0,70.2521,70.2521,423745.9357,434980.9357,70.2521,,62.17
8162,8162,0,0,1.13,0,0,1.13,0,0,0,0,72.8737,72.8737,423818.8094,435053.8094,72.8737,,64.49
8163,8163,0,0,1.12,0,0,1.12,0,0,0,0,69.608,69.608,423888.4174,435123.4174,69.608,,62.15
8164,8164,0,0,1.13,0,0,1.13,0,0,0,0,77.3711,77.3711,423965.7885,435200.7885,77.3711,,68.47
8165,8165,0,0,1.13,0,0,1.13,0,0,0,0,72.8737,72.8737,424038.6622,435273.6622,72.8737,,64.49
8166,8166,0,0,1.13,0,0,1.13,0,0,0,0,48.6013,48.6013,424087.2635,435322.2635,48.6013,,43.01
8167,8167,0,0,0.0547,-1,-1.0753,1.13,1,0,1,5,1.0235,-3.9765,424083.287,435323.287,21.131,,18.7
8168,8168,1,33.33,2.08,1,0.95,1.13,0,0,1,5,71.9472,66.9472,424150.2342,435395.2342,39.0867,,34.59
8169,8169,0,0,1.12,0,0,1.12,0,0,0,0,36.0528,36.0528,424186.287,435431.287,36.0528,,32.19
8170,8170,0,0,1.12,0,0,1.12,0,0,0,0,31.416,31.416,424217.703,435462.703,31.416,,28.05
8171,8171,0,0,1.12,0,0,1.12,0,0,0,0,29.3216,29.3216,424247.0246,435492.0246,29.3216,,26.18
8172,8172,0,0,0.0447,-1,-1.0753,1.12,1,0,1,5,0.4182,-4.5818,424242.4428,435492.4428,10.472,,9.35
8173,8173,1,33.33,0.0447,-1,-1.0753,1.12,2,0,1,5,0.8365,-4.1635,424238.2793,435493.2793,20.944,,18.7
8174,8174,2,66.67,1.11,0,0,1.11,2,0,0,0,24.9084,24.9084,424263.1877,435518.1877,24.9084,,22.44
8175,8175,2,66.67,0.0547,-1,-1.0753,1.13,3,0,1,5,1.0892,-3.9108,424259.2769,435519.2769,22.487,,19.9
8176,8176,3,100,1.13,0,0,1.13,3,0,0,0,31.6965,31.6965,424290.9734,435550.9734,31.6965,,28.05
8177,8177,3,100,1.13,0,0,1.13,3,0,0,0,57.4379,57.4379,424348.4113,435608.4113,57.4379,,50.83
8178,8178,3,100,1.13,0,0,1.13,3,0,0,0,67.6079,67.6079,424416.0192,435676.0192,67.6079,,59.83
8179,8179,3,100,1.18,0,0,1.18,3,0,0,0,73.3606,73.3606,424489.3798,435749.3798,73.3606,,62.17
8180,8180,3,100,2.8425,1.75,1.6625,1.18,1.25,0,1.75,8.75,239.1679,230.4179,424719.7977,435988.5477,99.2852,,84.14
8181,8181,1.25,41.67,2.3575,1.25,1.1875,1.17,0,0,1.25,6.25,196.1676,189.9176,424909.7153,436184.7153,97.3557,,83.21
8182,8182,0,0,1.17,0,0,1.17,0,0,0,0,65.6253,65.6253,424975.3406,436250.3406,65.6253,,56.09
8183,8183,0,0,1.18,0,0,1.18,0,0,0,0,61.7848,61.7848,425037.1254,436312.1254,61.7848,,52.36
8184,8184,0,0,1.17,0,0,1.17,0,0,0,0,78.0507,78.0507,425115.1761,436390.1761,78.0507,,66.71
8185,8185,0,0,1.12,0,0,1.12,0,0,0,0,72.1728,72.1728,425187.3489,436462.3489,72.1728,,64.44
8186,8186,0,0,1.13,0,0,1.13,0,0,0,0,72.8172,72.8172,425260.1661,436535.1661,72.8172,,64.44
8187,8187,0,0,1.12,0,0,1.12,0,0,0,0,71.1536,71.1536,425331.3197,436606.3197,71.1536,,63.53
8188,8188,0,0,1.13,0,0,1.13,0,0,0,0,71.7889,71.7889,425403.1086,436678.1086,71.7889,,63.53
8189,8189,0,0,1.13,0,0,1.13,0,0,0,0,56.9633,56.9633,425460.0719,436735.0719,56.9633,,50.41
8190,8190,0,0,1.13,0,0,1.13,0,0,0,0,69.6758,69.6758,425529.7477,436804.7477,69.6758,,61.66
8191,8191,0,0,1.13,0,0,1.13,0,0,0,0,31.6513,31.6513,425561.399,436836.399,31.6513,,28.01
8192,8192,0,0,1.13,0,0,1.13,0,0,0,0,5.0624,5.0624,425566.4614,436841.4614,5.0624,,4.48
8193,8193,0,0,1.12,0,0,1.12,0,0,0,0,3.584,3.584,425570.0454,436845.0454,3.584,,3.2
8194,8194,0,0,0.0447,-1,-1.0753,1.12,1,0,1,5,0.1422,-4.8578,425565.1876,436845.1876,3.5616,,3.18
8195,8195,1,33.33,0.0447,-1,-1.0753,1.12,2,0,1,5,0.1427,-4.8573,425560.3303,436845.3303,3.5728,,3.19
8196,8196,2,66.67,0.0447,-1,-1.0753,1.12,3,0,1,5,0.1422,-4.8578,425555.4725,436845.4725,3.5616,,3.18
8197,8197,3,100,1.12,0,0,1.12,3,0,0,0,3.6624,3.6624,425559.1349,436849.1349,3.6624,,3.27
8198,8198,3,100,1.12,0,0,1.12,3,0,0,0,4.1888,4.1888,425563.3237,436853.3237,4.1888,,3.74
8199,8199,3,100,1.12,0,0,1.12,3,0,0,0,4.648,4.648,425567.9717,436857.9717,4.648,,4.15
8200,8200,3,100,1.11,0,0,1.11,3,0,0,0,10.3452,10.3452,425578.3169,436868.3169,10.3452,,9.32
8201,8201,3,100,1.13,0,0,1.13,3,0,0,0,40.0924,40.0924,425618.4093,436908.4093,40.0924,,35.48
8202,8202,3,100,1.13,0,0,1.13,3,0,0,0,63.3365,63.3365,425681.7458,436971.7458,63.3365,,56.05
8203,8203,3,100,1.13,0,0,1.13,3,0,0,0,67.5627,67.5627,425749.3085,437039.3085,67.5627,,59.79
8204,8204,3,100,2.2975,1.25,1.1875,1.11,1.75,0,1.25,6.25,177.7116,171.4616,425920.7701,437217.0201,85.8585,,77.35
8205,8205,1.75,58.33,2.7925,1.75,1.6625,1.13,0,0,1.75,8.75,216.5863,207.8363,426128.6064,437433.6064,87.6428,,77.56
8206,8206,0,0,1.13,0,0,1.13,0,0,0,0,71.7889,71.7889,426200.3953,437505.3953,71.7889,,63.53
8207,8207,0,0,1.13,0,0,1.13,0,0,0,0,73.3709,73.3709,426273.7662,437578.7662,73.3709,,64.93
8208,8208,0,0,1.12,0,0,1.12,0,0,0,0,75.3424,75.3424,426349.1086,437654.1086,75.3424,,67.27
8209,8209,0,0,1.12,0,0,1.12,0,0,0,0,66.7856,66.7856,426415.8942,437720.8942,66.7856,,59.63
8210,8210,0,0,1.13,0,0,1.13,0,0,0,0,59.1329,59.1329,426475.0271,437780.0271,59.1329,,52.33
8211,8211,0,0,1.12,0,0,1.12,0,0,0,0,71.1536,71.1536,426546.1807,437851.1807,71.1536,,63.53
8212,8212,0,0,1.12,0,0,1.12,0,0,0,0,65.9568,65.9568,426612.1375,437917.1375,65.9568,,58.89
8213,8213,0,0,1.13,0,0,1.13,0,0,0,0,59.1329,59.1329,426671.2704,437976.2704,59.1329,,52.33
8214,8214,0,0,1.13,0,0,1.13,0,0,0,0,38.0019,38.0019,426709.2723,438014.2723,38.0019,,33.63
8215,8215,0,0,0.0547,-1,-1.0753,1.13,1,0,1,5,1.0224,-3.9776,426705.2947,438015.2947,21.1084,,18.68
8216,8216,1,33.33,1.12,0,0,1.12,1,0,0,0,46.0208,46.0208,426751.3155,438061.3155,46.0208,,41.09
8217,8217,1,33.33,1.1,0,0,1.1,1,0,0,0,40.898,40.898,426792.2135,438102.2135,40.898,,37.18
8218,8218,1,33.33,0.0247,-1,-1.0753,1.1,2,0,1,5,0.6821,-4.3179,426787.8956,438102.8956,30.338,,27.58
8219,8219,2,66.67,1.11,0,0,1.11,2,0,0,0,31.4241,31.4241,426819.3197,438134.3197,31.4241,,28.31
8220,8220,2,66.67,0.0347,-1,-1.0753,1.11,3,0,1,5,0.6488,-4.3512,426814.9685,438134.9685,20.7348,,18.68
8221,8221,3,100,1.12,0,0,1.12,3,0,0,0,31.3936,31.3936,426846.3621,438166.3621,31.3936,,28.03
8222,8222,3,100,1.11,0,0,1.11,3,0,0,0,49.7724,49.7724,426896.1345,438216.1345,49.7724,,44.84
8223,8223,3,100,1.13,0,0,1.13,3,0,0,0,39.0641,39.0641,426935.1986,438255.1986,39.0641,,34.57
8224,8224,3,100,1.13,0,0,1.13,3,0,0,0,66.5118,66.5118,427001.7104,438321.7104,66.5118,,58.86
8225,8225,3,100,2.08,1,0.95,1.13,2,0,1,5,129.2304,124.2304,427125.9408,438450.9408,70.2069,,62.13
8226,8226,2,66.67,0.0547,-1,-1.0753,1.13,3,0,1,5,2.0962,-2.9038,427123.037,438453.037,43.279,,38.3
8227,8227,3,100,1.13,0,0,1.13,3,0,0,0,77.0886,77.0886,427200.1256,438530.1256,77.0886,,68.22
8228,8228,3,100,2.7925,1.75,1.6625,1.13,1.25,0,1.75,8.75,234.7934,226.0434,427426.169,438764.919,95.0104,,84.08
8229,8229,1.25,41.67,2.3175,1.25,1.1875,1.13,0,0,1.25,6.25,194.3687,188.1187,427614.2877,438959.2877,94.7731,,83.87
8230,8230,0,0,1.13,0,0,1.13,0,0,0,0,70.7154,70.7154,427685.0031,439030.0031,70.7154,,62.58
8231,8231,0,0,1.13,0,0,1.13,0,0,0,0,62.0483,62.0483,427747.0514,439092.0514,62.0483,,54.91
8232,8232,0,0,1.12,0,0,1.12,0,0,0,0,81.1104,81.1104,427828.1618,439173.1618,81.1104,,72.42
8233,8233,0,0,1.12,0,0,1.12,0,0,0,0,72.352,72.352,427900.5138,439245.5138,72.352,,64.6
8234,8234,0,0,1.13,0,0,1.13,0,0,0,0,63.3365,63.3365,427963.8503,439308.8503,63.3365,,56.05
8235,8235,0,0,1.12,0,0,1.12,0,0,0,0,69.5856,69.5856,428033.4359,439378.4359,69.5856,,62.13
8236,8236,0,0,1.13,0,0,1.13,0,0,0,0,73.8907,73.8907,428107.3266,439452.3266,73.8907,,65.39
8237,8237,0,0,1.12,0,0,1.12,0,0,0,0,62.776,62.776,428170.1026,439515.1026,62.776,,56.05
8238,8238,0,0,1.13,0,0,1.13,0,0,0,0,46.4091,46.4091,428216.5117,439561.5117,46.4091,,41.07
8239,8239,0,0,0.0547,-1,-1.0753,1.13,1,0,1,5,1.2271,-3.7729,428212.7388,439562.7388,25.3346,,22.42
8240,8240,1,33.33,1.13,0,0,1.13,1,0,0,0,43.279,43.279,428256.0178,439606.0178,43.279,,38.3
8241,8241,1,33.33,1.13,0,0,1.13,1,0,0,0,43.279,43.279,428299.2968,439649.2968,43.279,,38.3
8242,8242,1,33.33,1.13,0,0,1.13,1,0,0,0,31.6739,31.6739,428330.9707,439680.9707,31.6739,,28.03
8243,8243,1,33.33,1.12,0,0,1.12,1,0,0,0,37.6656,37.6656,428368.6363,439718.6363,37.6656,,33.63
8244,8244,1,33.33,0.0547,-1,-1.0753,1.13,2,0,1,5,0.9206,-4.0794,428364.5569,439719.5569,19.0066,,16.82
8245,8245,2,66.67,0.0547,-1,-1.0753,1.13,3,0,1,5,1.4318,-3.5682,428360.9887,439720.9887,29.5608,,26.16
8246,8246,3,100,1.11,0,0,1.11,3,0,0,0,37.3293,37.3293,428398.318,439758.318,37.3293,,33.63
8247,8247,3,100,0.32,0,0,0.32,3,0,0,0,9.8656,9.8656,428408.1836,439768.1836,9.8656,,30.83
8248,8248,3,100,0.75,0,0,0.75,3,0,0,0,32.3025,32.3025,428440.4861,439800.4861,32.3025,,43.07
8249,8249,3,100,1.6,0,0,1.6,3,0,0,0,83.728,83.728,428524.2141,439884.2141,83.728,,52.33
8250,8250,3,100,1.1,0,0,1.1,3,0,0,0,60.115,60.115,428584.3291,439944.3291,60.115,,54.65
8251,8251,3,100,1.15,0,0,1.15,3,0,0,0,70.909,70.909,428655.2381,440015.2381,70.909,,61.66
8252,8252,3,100,2.3075,1.25,1.1875,1.12,1.75,0,1.25,6.25,187.8074,181.5574,428836.7955,440203.0455,91.1568,,81.39
8253,8253,1.75,58.33,2.7925,1.75,1.6625,1.13,0,0,1.75,8.75,229.5714,220.8214,429057.6169,440432.6169,92.8973,,82.21
8254,8254,0,0,1.13,0,0,1.13,0,0,0,0,76.0151,76.0151,429133.632,440508.632,76.0151,,67.27
8255,8255,0,0,1.13,0,0,1.13,0,0,0,0,63.3365,63.3365,429196.9685,440571.9685,63.3365,,56.05
8256,8256,0,0,1.12,0,0,1.12,0,0,0,0,69.4736,69.4736,429266.4421,440641.4421,69.4736,,62.03
8257,8257,0,0,1.11,0,0,1.11,0,0,0,0,56.2659,56.2659,429322.708,440697.708,56.2659,,50.69
8258,8258,0,0,1.12,0,0,1.12,0,0,0,0,45.0016,45.0016,429367.7096,440742.7096,45.0016,,40.18
8259,8259,0,0,1.12,0,0,1.12,0,0,0,0,60.592,60.592,429428.3016,440803.3016,60.592,,54.1
8260,8260,0,0,1.12,0,0,1.12,0,0,0,0,56.7728,56.7728,429485.0744,440860.0744,56.7728,,50.69
8261,8261,0,0,1.13,0,0,1.13,0,0,0,0,44.4429,44.4429,429529.5173,440904.5173,44.4429,,39.33
8262,8262,0,0,1.13,0,0,1.13,0,0,0,0,44.4429,44.4429,429573.9602,440948.9602,44.4429,,39.33
8263,8263,0,0,1.3624,-0.5,-0.5376,1.9,0.5,0,0.5,2.5,25.4217,22.9217,429596.8819,440974.3819,35.454,,18.66
8264,8264,0.5,16.67,2.38,0,0,2.38,0.5,0,0,0,66.5924,66.5924,429663.4743,441040.9743,66.5924,,27.98
8265,8265,0.5,16.67,2.42,0,0,2.42,0.5,0,0,0,67.7116,67.7116,429731.1859,441108.6859,67.7116,,27.98
8266,8266,0.5,16.67,2.46,0,0,2.46,0.5,0,0,0,45.9282,45.9282,429777.1141,441154.6141,45.9282,,18.67
8267,8267,0.5,16.67,2.78,0,0,2.78,0.5,0,0,0,66.1362,66.1362,429843.2503,441220.7503,66.1362,,23.79
8268,8268,0.5,16.67,0.0718,-2.5,-2.6882,2.76,3,0,2.5,12.5,0.6989,-11.8011,429831.4492,441221.4492,26.8548,,9.73
8269,8269,3,100,2.76,0,0,2.76,3,0,0,0,65.6604,65.6604,429897.1096,441287.1096,65.6604,,23.79
8270,8270,3,100,2.7975,0.25,0.2375,2.56,2.75,0,0.25,1.25,120.0407,118.7907,430015.9003,441407.1503,109.8496,,42.91
8271,8271,2.75,91.67,2.45,0,0,2.45,2.75,0,0,0,96.3585,96.3585,430112.2588,441503.5088,96.3585,,39.33
8272,8272,2.75,91.67,1.8812,-0.25,-0.2688,2.15,3,0,0.25,1.25,49.1365,47.8865,430160.1453,441552.6453,56.158,,26.12
8273,8273,3,100,0.6,0,0,0.6,3,0,0,0,23.598,23.598,430183.7433,441576.2433,23.598,,39.33
8274,8274,3,100,1.36,0,0,1.36,3,0,0,0,73.576,73.576,430257.3193,441649.8193,73.576,,54.1
8275,8275,3,100,2.1,0,0,2.1,3,0,0,0,133.581,133.581,430390.9003,441783.4003,133.581,,63.61
8276,8276,3,100,2.9925,0.75,0.7125,2.28,2.25,0,0.75,3.75,223.8689,220.1189,430611.0192,442007.2692,170.5668,,74.81
8277,8277,2.25,75,2.9825,0.75,0.7125,2.27,1.5,0,0.75,3.75,219.3331,215.5831,430826.6023,442226.6023,166.9358,,73.54
8278,8278,1.5,50,2.27,0,0,2.27,1.5,0,0,0,139.7639,139.7639,430966.3662,442366.3662,139.7639,,61.57
8279,8279,1.5,50,2.28,0,0,2.28,1.5,0,0,0,127.6116,127.6116,431093.9778,442493.9778,127.6116,,55.97
8280,8280,1.5,50,2.9825,0.75,0.7125,2.27,0.75,0,0.75,3.75,215.2769,211.5269,431305.5047,442709.2547,163.8486,,72.18
8281,8281,0.75,25,2.8325,0.75,0.7125,2.12,0,0,0.75,3.75,211.5877,207.8377,431513.3424,442920.8424,158.364,,74.7
8282,8282,0,0,2.28,0,0,2.28,0,0,0,0,144.9624,144.9624,431658.3048,443065.8048,144.9624,,63.58
8283,8283,0,0,2.28,0,0,2.28,0,0,0,0,153.2616,153.2616,431811.5664,443219.0664,153.2616,,67.22
8284,8284,0,0,2.28,0,0,2.28,0,0,0,0,152.9196,152.9196,431964.486,443371.986,152.9196,,67.07
8285,8285,0,0,1.13,0,0,1.13,0,0,0,0,73.9585,73.9585,432038.4445,443445.9445,73.9585,,65.45
8286,8286,0,0,1.4,0,0,1.4,0,0,0,0,70.924,70.924,432109.3685,443516.8685,70.924,,50.66
8287,8287,0,0,0.8547,-1,-1.0753,1.93,1,0,1,5,22.3769,17.3769,432126.7454,443539.2454,50.5274,,26.18
8288,8288,1,33.33,2.935,0.5,0.475,2.46,0.5,0,0.5,2.5,126.2343,123.7343,432250.4797,443665.4797,105.8046,,43.01
8289,8289,0.5,16.67,2.08,0,0,2.08,0.5,0,0,0,73.112,73.112,432323.5917,443738.5917,73.112,,35.15
8290,8290,0.5,16.67,2.08,0,0,2.08,0.5,0,0,0,58.344,58.344,432381.9357,443796.9357,58.344,,28.05
8291,8291,0.5,16.67,2.61,0,0,2.61,0.5,0,0,0,97.614,97.614,432479.5497,443894.5497,97.614,,37.4
8292,8292,0.5,16.67,0.0718,-2.5,-2.6882,2.76,3,0,2.5,12.5,1.2843,-11.2157,432468.334,443895.834,49.3488,,17.88
8293,8293,3,100,2.73,0,0,2.73,3,0,0,0,96.9969,96.9969,432565.3309,443992.8309,96.9969,,35.53
8294,8294,3,100,2.07,0,0,2.07,3,0,0,0,89.0307,89.0307,432654.3616,444081.8616,89.0307,,43.01
8295,8295,3,100,1.94,0,0,1.94,3,0,0,0,74.3602,74.3602,432728.7218,444156.2218,74.3602,,38.33
8296,8296,3,100,1.45,0,0,1.45,3,0,0,0,77.952,77.952,432806.6738,444234.1738,77.952,,53.76
8297,8297,3,100,1.52,0,0,1.52,3,0,0,0,93.784,93.784,432900.4578,444327.9578,93.784,,61.7
8298,8298,3,100,1.5,0,0,1.5,3,0,0,0,75.99,75.99,432976.4478,444403.9478,75.99,,50.66
8299,8299,3,100,1.18,0,0,1.18,3,0,0,0,88.2404,88.2404,433064.6882,444492.1882,88.2404,,74.78
8300,8300,3,100,2.99,2,1.9,1.09,1,0,2,10,250.861,240.861,433305.5492,444743.0492,91.451,,83.9
8301,8301,1,33.33,2.03,1,0.95,1.08,0,0,1,5,170.2967,165.2967,433470.8459,444913.3459,90.6012,,83.89
8302,8302,0,0,1.09,0,0,1.09,0,0,0,0,70.4685,70.4685,433541.3144,444983.8144,70.4685,,64.65
8303,8303,0,0,1.08,0,0,1.08,0,0,0,0,60.588,60.588,433601.9024,445044.4024,60.588,,56.1
8304,8304,0,0,1.08,0,0,1.08,0,0,0,0,79.9092,79.9092,433681.8116,445124.3116,79.9092,,73.99
8305,8305,0,0,1.08,0,0,1.08,0,0,0,0,68.6664,68.6664,433750.478,445192.978,68.6664,,63.58
8306,8306,0,0,1.07,0,0,1.07,0,0,0,0,60.027,60.027,433810.505,445253.005,60.027,,56.1
8307,8307,0,0,2.28,0,0,2.28,0,0,0,0,155.6556,155.6556,433966.1606,445408.6606,155.6556,,68.27
8308,8308,0,0,2.28,0,0,2.28,0,0,0,0,148.998,148.998,434115.1586,445557.6586,148.998,,65.35
8309,8309,0,0,2.29,0,0,2.29,0,0,0,0,137.0336,137.0336,434252.1922,445694.6922,137.0336,,59.84
8310,8310,0,0,2.55,0,0,2.55,0,0,0,0,109.6755,109.6755,434361.8677,445804.3677,109.6755,,43.01
8311,8311,0,0,0.1183,-1.75,-1.8817,2,1.75,0,1.75,8.75,2.2083,-6.5417,434355.326,445806.576,37.34,,18.67
8312,8312,1.75,58.33,2.935,0.5,0.475,2.46,1.25,0,0.5,2.5,148.1882,145.6882,434501.0142,445954.7642,124.2054,,50.49
8313,8313,1.25,41.67,2.7725,0.75,0.7125,2.06,0.5,0,0.75,3.75,111.4545,107.7045,434608.7187,446066.2187,82.812,,40.2
8314,8314,0.5,16.67,2.52,0,0,2.52,0.5,0,0,0,89.5356,89.5356,434698.2543,446155.7543,89.5356,,35.53
8315,8315,0.5,16.67,2.76,0,0,2.76,0.5,0,0,0,78.6048,78.6048,434776.8591,446234.3591,78.6048,,28.48
8316,8316,0.5,16.67,0.1218,-2.5,-2.6882,2.81,3,0,2.5,12.5,2.2782,-10.2218,434766.6373,446236.6373,52.547,,18.7
8317,8317,3,100,2.75,0,0,2.75,3,0,0,0,71.335,71.335,434837.9723,446307.9723,71.335,,25.94
8318,8318,3,100,3,0.5,0.475,2.55,2.5,0.025,0.5,2.5,153.21,150.71,434988.6823,446461.1823,130.2285,,51.07
8319,8319,2.5,83.33,1.6324,-0.5,-0.5376,2.17,3,0,0.5,2.5,45.7879,43.2879,435031.9702,446506.9702,60.8685,,28.05
8320,8320,3,100,1.56,0,0,1.56,3,0,0,0,59.7948,59.7948,435091.765,446566.765,59.7948,,38.33
8321,8321,3,100,0.92,0,0,0.92,3,0,0,0,56.7732,56.7732,435148.5382,446623.5382,56.7732,,61.71
8322,8322,3,100,1.41,0,0,1.41,3,0,0,0,78.7626,78.7626,435227.3008,446702.3008,78.7626,,55.86
8323,8323,3,100,1,0,0,1,3,0,0,0,65.44,65.44,435292.7408,446767.7408,65.44,,65.44
8324,8324,3,100,2.9,2,1.9,1,1,0,2,10,238.612,228.612,435521.3528,447006.3528,82.28,,82.28
8325,8325,1,33.33,2.9425,0.75,0.7125,2.23,0.25,0,0.75,3.75,246.9052,243.1552,435764.508,447253.258,187.1193,,83.91
8326,8326,0.25,8.33,2.4775,0.25,0.2375,2.24,0,0,0.25,1.25,185.0693,183.8193,435948.3273,447438.3273,167.328,,74.7
8327,8327,0,0,2.24,0,0,2.24,0,0,0,0,141.1648,141.1648,436089.4921,447579.4921,141.1648,,63.02
8328,8328,0,0,2.24,0,0,2.24,0,0,0,0,163.7664,163.7664,436253.2585,447743.2585,163.7664,,73.11
8329,8329,0,0,2.23,0,0,2.23,0,0,0,0,144.727,144.727,436397.9855,447887.9855,144.727,,64.9
8330,8330,0,0,2.24,0,0,2.24,0,0,0,0,128.9344,128.9344,436526.9199,448016.9199,128.9344,,57.56
8331,8331,0,0,2.24,0,0,2.24,0,0,0,0,135.184,135.184,436662.1039,448152.1039,135.184,,60.35
8332,8332,0,0,2.23,0,0,2.23,0,0,0,0,144.9054,144.9054,436807.0093,448297.0093,144.9054,,64.98
8333,8333,0,0,2.24,0,0,2.24,0,0,0,0,132.8544,132.8544,436939.8637,448429.8637,132.8544,,59.31
8334,8334,0,0,2.5,0,0,2.5,0,0,0,0,97.475,97.475,437037.3387,448527.3387,97.475,,38.99
8335,8335,0,0,2.53,0,0,2.53,0,0,0,0,65.1728,65.1728,437102.5115,448592.5115,65.1728,,25.76
8336,8336,0,0,2.59,0,0,2.59,0,0,0,0,100.9841,100.9841,437203.4956,448693.4956,100.9841,,38.99
8337,8337,0,0,2.05,0,0,2.05,0,0,0,0,59.2245,59.2245,437262.7201,448752.7201,59.2245,,28.89
8338,8338,0,0,2.3,0,0,2.3,0,0,0,0,64.055,64.055,437326.7751,448816.7751,64.055,,27.85
8339,8339,0,0,2.4,0,0,2.4,0,0,0,0,62.4,62.4,437389.1751,448879.1751,62.4,,26
8340,8340,0,0,0.1118,-2.5,-2.6882,2.8,2.5,0,2.5,12.5,1.6606,-10.8394,437378.3357,448880.8357,41.58,,14.85
8341,8341,2.5,83.33,2.76,0,0,2.76,2.5,0,0,0,76.866,76.866,437455.2017,448957.7017,76.866,,27.85
8342,8342,2.5,83.33,2.52,0,0,2.52,2.5,0,0,0,70.182,70.182,437525.3837,449027.8837,70.182,,27.85
8343,8343,2.5,83.33,1.2324,-0.5,-0.5376,1.77,3,0,0.5,2.5,28.6032,26.1032,437551.4869,449056.4869,41.0817,,23.21
8344,8344,3,100,1.04,0,0,1.04,3,0,0,0,28.964,28.964,437580.4509,449085.4509,28.964,,27.85
8345,8345,3,100,0.9,0,0,0.9,3,0,0,0,45.018,45.018,437625.4689,449130.4689,45.018,,50.02
8346,8346,3,100,1.44,0,0,1.44,3,0,0,0,80.208,80.208,437705.6769,449210.6769,80.208,,55.7
8347,8347,3,100,1,0,0,1,3,0,0,0,74.27,74.27,437779.9469,449284.9469,74.27,,74.27
8348,8348,3,100,1.7925,0.75,0.7125,1.08,2.25,0,0.75,3.75,146.6086,142.8586,437922.8055,449431.5555,88.3332,,81.79
8349,8349,2.25,75,2.8375,2.25,2.1375,0.7,0,0,2.25,11.25,235.8814,224.6314,438147.4369,449667.4369,58.191,,83.13
8350,8350,0,0,1.08,0,0,1.08,0,0,0,0,77.1876,77.1876,438224.6245,449744.6245,77.1876,,71.47
8351,8351,0,0,1.08,0,0,1.08,0,0,0,0,70.146,70.146,438294.7705,449814.7705,70.146,,64.95
8352,8352,0,0,1.08,0,0,1.08,0,0,0,0,71.6688,71.6688,438366.4393,449886.4393,71.6688,,66.36
8353,8353,0,0,1.07,0,0,1.07,0,0,0,0,69.1755,69.1755,438435.6148,449955.6148,69.1755,,64.65
8354,8354,0,0,1.07,0,0,1.07,0,0,0,0,60.1982,60.1982,438495.813,450015.813,60.1982,,56.26
8355,8355,0,0,1.07,0,0,1.07,0,0,0,0,69.1755,69.1755,438564.9885,450084.9885,69.1755,,64.65
8356,8356,0,0,1.07,0,0,1.07,0,0,0,0,65.5161,65.5161,438630.5046,450150.5046,65.5161,,61.23
8357,8357,0,0,2.24,0,0,2.24,0,0,0,0,145.8464,145.8464,438776.351,450296.351,145.8464,,65.11
8358,8358,0,0,2.44,0,0,2.44,0,0,0,0,147.5468,147.5468,438923.8978,450443.8978,147.5468,,60.47
8359,8359,0,0,2.92,0,0,2.92,0,0,0,0,103.1636,103.1636,439027.0614,450547.0614,103.1636,,35.33
8360,8360,0,0,0.1506,-2.25,-2.4194,2.57,2.25,0,2.25,11.25,1.1208,-10.1292,439016.9322,450548.1822,19.1208,,7.44
8361,8361,2.25,75,1.99,0,0,1.99,2.25,0,0,0,37.0339,37.0339,439053.9661,450585.2161,37.0339,,18.61
8362,8362,2.25,75,2.42,0,0,2.42,2.25,0,0,0,29.5482,29.5482,439083.5143,450614.7643,29.5482,,12.21
8363,8363,2.25,75,1.9335,-0.75,-0.8065,2.74,3,0,0.75,3.75,17.982,14.232,439097.7463,450632.7463,25.482,,9.3
8364,8364,3,100,2.82,0,0,2.82,3,0,0,0,26.226,26.226,439123.9723,450658.9723,26.226,,9.3
8365,8365,3,100,2.65,0,0,2.65,3,0,0,0,68.529,68.529,439192.5013,450727.5013,68.529,,25.86
8366,8366,3,100,2.43,0,0,2.43,3,0,0,0,67.8213,67.8213,439260.3226,450795.3226,67.8213,,27.91
8367,8367,3,100,2.1,0,0,2.1,3,0,0,0,39.081,39.081,439299.4036,450834.4036,39.081,,18.61
8368,8368,3,100,2.54,0,0,2.54,3,0,0,0,70.8914,70.8914,439370.295,450905.295,70.8914,,27.91
8369,8369,3,100,2,0,0,2,3,0,0,0,107.88,107.88,439478.175,451013.175,107.88,,53.94
8370,8370,3,100,1.45,0,0,1.45,3,0,0,0,80.939,80.939,439559.114,451094.114,80.939,,55.82
8371,8371,3,100,2.27,0,0,2.27,3,0,0,0,158.1282,158.1282,439717.2422,451252.2422,158.1282,,69.66
8372,8372,3,100,2.9425,0.75,0.7125,2.23,2.25,0,0.75,3.75,235.3411,231.5911,439948.8333,451487.5833,178.3554,,79.98
8373,8373,2.25,75,2.9525,0.75,0.7125,2.24,1.5,0,0.75,3.75,241.7212,237.9712,440186.8045,451729.3045,183.3888,,81.87
8374,8374,1.5,50,2.9525,0.75,0.7125,2.24,0.75,0,0.75,3.75,219.5184,215.7684,440402.5729,451948.8229,166.544,,74.35
8375,8375,0.75,25,2.24,0,0,2.24,0.75,0,0,0,157.4048,157.4048,440559.9777,452106.2277,157.4048,,70.27
8376,8376,0.75,25,2.9425,0.75,0.7125,2.23,0,0,0.75,3.75,208.2407,204.4907,440764.4684,452314.4684,157.8171,,70.77
8377,8377,0,0,2.23,0,0,2.23,0,0,0,0,140.6461,140.6461,440905.1145,452455.1145,140.6461,,63.07
8378,8378,0,0,2.23,0,0,2.23,0,0,0,0,121.3566,121.3566,441026.4711,452576.4711,121.3566,,54.42
8379,8379,0,0,2.22,0,0,2.22,0,0,0,0,144.5442,144.5442,441171.0153,452721.0153,144.5442,,65.11
8380,8380,0,0,1.88,0,0,1.88,0,0,0,0,122.4068,122.4068,441293.4221,452843.4221,122.4068,,65.11
8381,8381,0,0,1.88,0,0,1.88,0,0,0,0,118.9288,118.9288,441412.3509,452962.3509,118.9288,,63.26
8382,8382,0,0,2.29,0,0,2.29,0,0,0,0,90.5924,90.5924,441502.9433,453052.9433,90.5924,,39.56
8383,8383,0,0,0.2371,-1.5,-1.6129,1.85,1.5,0,1.5,7.5,6.6174,-0.8826,441502.0607,453059.5607,51.6335,,27.91
8384,8384,1.5,50,2.885,0.5,0.475,2.41,1,0,0.5,2.5,171.7729,169.2729,441671.3336,453231.3336,143.4914,,59.54
8385,8385,1,33.33,2.77,1,0.95,1.82,0,0,1,5,155.8402,150.8402,441822.1738,453387.1738,102.3932,,56.26
8386,8386,0,0,2.29,0,0,2.29,0,0,0,0,93.6839,93.6839,441915.8577,453480.8577,93.6839,,40.91
8387,8387,0,0,2.58,0,0,2.58,0,0,0,0,115.1454,115.1454,442031.0031,453596.0031,115.1454,,44.63
8388,8388,0,0,0.0718,-2.5,-2.6882,2.76,2.5,0,2.5,12.5,1.8711,-10.6289,442020.3742,453597.8742,71.898,,26.05
8389,8389,2.5,83.33,2.1524,-0.5,-0.5376,2.69,3,0,0.5,2.5,76.0861,73.5861,442093.9603,453673.9603,95.0915,,35.35
8390,8390,3,100,2.47,0,0,2.47,3,0,0,0,137.8754,137.8754,442231.8357,453811.8357,137.8754,,55.82
8391,8391,3,100,2.07,0,0,2.07,3,0,0,0,130.5549,130.5549,442362.3906,453942.3906,130.5549,,63.07
8392,8392,3,100,1.53,0,0,1.53,3,0,0,0,100.1844,100.1844,442462.575,454042.575,100.1844,,65.48
8393,8393,3,100,2.2,0,0,2.2,3,0,0,0,147.356,147.356,442609.931,454189.931,147.356,,66.98
8394,8394,3,100,1.32,0,0,1.32,3,0,0,0,87.8592,87.8592,442697.7902,454277.7902,87.8592,,66.56
8395,8395,3,100,2.575,1.5,1.425,1.15,1.5,0,1.5,7.5,215.6047,208.1047,442905.8949,454493.3949,96.2895,,83.73
8396,8396,1.5,50,2.9825,0.75,0.7125,2.27,0.75,0,0.75,3.75,249.7247,245.9747,443151.8696,454743.1196,190.0671,,83.73
8397,8397,0.75,25,2.9925,0.75,0.7125,2.28,0,0,0.75,3.75,250.562,246.812,443398.6816,454993.6816,190.9044,,83.73
8398,8398,0,0,2.28,0,0,2.28,0,0,0,0,169.632,169.632,443568.3136,455163.3136,169.632,,74.4
8399,8399,0,0,0,0,0,0,0,0,0,0,0,0,443568.3136,455163.3136,0,,64.8
8400,8400,0,0,2.28,0,0,2.28,0,0,0,0,155.9976,155.9976,443724.3112,455319.3112,155.9976,,68.42
8401,8401,0,0,2.28,0,0,2.28,0,0,0,0,155.9976,155.9976,443880.3088,455475.3088,155.9976,,68.42
8402,8402,0,0,2.22,0,0,2.22,0,0,0,0,146.0094,146.0094,444026.3182,455621.3182,146.0094,,65.77
8403,8403,0,0,2.28,0,0,2.28,0,0,0,0,137.8716,137.8716,444164.1898,455759.1898,137.8716,,60.47
8404,8404,0,0,1.92,0,0,1.92,0,0,0,0,116.1024,116.1024,444280.2922,455875.2922,116.1024,,60.47
8405,8405,0,0,1.92,0,0,1.92,0,0,0,0,117.888,117.888,444398.1802,455993.1802,117.888,,61.4
8406,8406,0,0,2.24,0,0,2.24,0,0,0,0,95.8496,95.8496,444494.0298,456089.0298,95.8496,,42.79
8407,8407,0,0,0.2371,-1.5,-1.6129,1.85,1.5,0,1.5,7.5,5.3442,-2.1558,444491.874,456094.374,41.699,,22.54
8408,8408,1.5,50,3,0.5,0.475,2.54,1,0.015,0.5,2.5,161.88,159.38,444651.254,456256.254,137.0584,,53.96
8409,8409,1,33.33,3,1,0.95,2.09,0,0.04,1,5,167.46,162.46,444813.714,456423.714,116.6638,,55.82
8410,8410,0,0,2.29,0,0,2.29,0,0,0,0,80.9057,80.9057,444894.6197,456504.6197,80.9057,,35.33
8411,8411,0,0,2.47,0,0,2.47,0,0,0,0,91.9087,91.9087,444986.5284,456596.5284,91.9087,,37.21
8412,8412,0,0,0.1806,-2.25,-2.4194,2.6,2.25,0,2.25,11.25,2.2057,-9.0443,444977.4841,456598.7341,31.746,,12.21
8413,8413,2.25,75,1.9235,-0.75,-0.8065,2.73,3,0,0.75,3.75,53.6862,49.9362,445027.4203,456652.4203,76.1943,,27.91
8414,8414,3,100,2.51,0,0,2.51,3,0,0,0,154.114,154.114,445181.5343,456806.5343,154.114,,61.4
8415,8415,3,100,2.11,0,0,2.11,3,0,0,0,129.554,129.554,445311.0883,456936.0883,129.554,,61.4
8416,8416,3,100,1.42,0,0,1.42,3,0,0,0,89.034,89.034,445400.1223,457025.1223,89.034,,62.7
8417,8417,3,100,1.88,0,0,1.88,3,0,0,0,120.6772,120.6772,445520.7995,457145.7995,120.6772,,64.19
8418,8418,3,100,1.32,0,0,1.32,3,0,0,0,86.5524,86.5524,445607.3519,457232.3519,86.5524,,65.57
8419,8419,3,100,3,0.75,0.7125,2.29,2.25,0.0025,0.75,3.75,240,236.25,445843.6019,457472.3519,183.2,,80
8420,8420,2.25,75,2.9925,0.75,0.7125,2.28,1.5,0,0.75,3.75,250.562,246.812,446090.4139,457722.9139,190.9044,,83.73
8421,8421,1.5,50,2.9925,0.75,0.7125,2.28,0.75,0,0.75,3.75,250.4124,246.6624,446337.0763,457973.3263,190.7904,,83.68
8422,8422,0.75,25,2.9925,0.75,0.7125,2.28,0,0,0.75,3.75,220.8465,217.0965,446554.1728,458194.1728,168.264,,73.8
8423,8423,0,0,2.24,0,0,2.24,0,0,0,0,145.8464,145.8464,446700.0192,458340.0192,145.8464,,65.11
8424,8424,0,0,1.07,0,0,1.07,0,0,0,0,77.3182,77.3182,446777.3374,458417.3374,77.3182,,72.26
8425,8425,0,0,1.08,0,0,1.08,0,0,0,0,72.2412,72.2412,446849.5786,458489.5786,72.2412,,66.89
8426,8426,0,0,0.2735,-0.75,-0.8065,1.08,0.75,0,0.75,3.75,15.2038,11.4538,446861.0324,458504.7824,60.0264,,55.58
8427,8427,0.75,25,1.07,0,0,1.07,0.75,0,0,0,68.5335,68.5335,446929.5659,458573.3159,68.5335,,64.05
8428,8428,0.75,25,2.23,0,0,2.23,0.75,0,0,0,144.281,144.281,447073.8469,458717.5969,144.281,,64.7
8429,8429,0.75,25,2.03,0,0,2.03,0.75,0,0,0,134.0003,134.0003,447207.8472,458851.5972,134.0003,,66.01
8430,8430,0.75,25,2.7925,0.75,0.7125,2.08,0,0,0.75,3.75,205.528,201.778,447409.6252,459057.1252,153.088,,73.6
8431,8431,0,0,0.2471,-1.5,-1.6129,1.86,1.5,0,1.5,7.5,9.7183,2.2183,447411.8435,459066.8435,73.1538,,39.33
8432,8432,1.5,50,2.55,0,0,2.55,1.5,0,0,0,177.0465,177.0465,447588.89,459243.89,177.0465,,69.43
8433,8433,1.5,50,2.92,1,0.95,1.97,0.5,0,1,5,205.7724,200.7724,447789.6624,459449.6624,138.8259,,70.47
8434,8434,0.5,16.67,2.66,0,0,2.66,0.5,0,0,0,160.531,160.531,447950.1934,459610.1934,160.531,,60.35
8435,8435,0.5,16.67,2.66,0,0,2.66,0.5,0,0,0,170.373,170.373,448120.5664,459780.5664,170.373,,64.05
8436,8436,0.5,16.67,0.1218,-2.5,-2.6882,2.81,3,0,2.5,12.5,6.106,-6.394,448114.1724,459786.6724,140.8372,,50.12
8437,8437,3,100,2.59,0,0,2.59,3,0,0,0,158.7152,158.7152,448272.8876,459945.3876,158.7152,,61.28
8438,8438,3,100,2.32,0,0,2.32,3,0,0,0,155.092,155.092,448427.9796,460100.4796,155.092,,66.85
8439,8439,3,100,1.1,0,0,1.1,3,0,0,0,62.975,62.975,448490.9546,460163.4546,62.975,,57.25
8440,8440,3,100,1.36,0,0,1.36,3,0,0,0,90.916,90.916,448581.8706,460254.3706,90.916,,66.85
8441,8441,3,100,1.89,0,0,1.89,3,0,0,0,136.8738,136.8738,448718.7444,460391.2444,136.8738,,72.42
8442,8442,3,100,1.46,0,0,1.46,3,0,0,0,106.1566,106.1566,448824.901,460497.401,106.1566,,72.71
8443,8443,3,100,2.565,1.5,1.425,1.14,1.5,0,1.5,7.5,214.3314,206.8314,449031.7324,460711.7324,95.2584,,83.56
8444,8444,1.5,50,2.9425,0.75,0.7125,2.23,0.75,0,0.75,3.75,245.8753,242.1253,449273.8577,460957.6077,186.3388,,83.56
8445,8445,0.75,25,2.9425,0.75,0.7125,2.23,0,0,0.75,3.75,245.8753,242.1253,449515.983,461203.483,186.3388,,83.56
8446,8446,0,0,2.23,0,0,2.23,0,0,0,0,169.7922,169.7922,449685.7752,461373.2752,169.7922,,76.14
8447,8447,0,0,2.34,0,0,2.34,0,0,0,0,156.429,156.429,449842.2042,461529.7042,156.429,,66.85
8448,8448,0,0,2.32,0,0,2.32,0,0,0,0,163.7456,163.7456,450005.9498,461693.4498,163.7456,,70.58
8449,8449,0,0,2.32,0,0,2.32,0,0,0,0,150.916,150.916,450156.8658,461844.3658,150.916,,65.05
8450,8450,0,0,2.23,0,0,2.23,0,0,0,0,124.3225,124.3225,450281.1883,461968.6883,124.3225,,55.75
8451,8451,0,0,2.23,0,0,2.23,0,0,0,0,130.8118,130.8118,450412.0001,462099.5001,130.8118,,58.66
8452,8452,0,0,2.23,0,0,2.23,0,0,0,0,145.0392,145.0392,450557.0393,462244.5393,145.0392,,65.04
8453,8453,0,0,1.87,0,0,1.87,0,0,0,0,124.7664,124.7664,450681.8057,462369.3057,124.7664,,66.72
8454,8454,0,0,2.09,0,0,2.09,0,0,0,0,104.8762,104.8762,450786.6819,462474.1819,104.8762,,50.18
8455,8455,0,0,0.2247,-1,-1.0753,1.3,1,0,1,5,8.5623,3.5623,450790.2442,462482.7442,49.53,,38.1
8456,8456,1,33.33,2.86,1,0.95,1.91,0,0,1,5,179.1218,174.1218,450964.366,462661.866,119.6233,,62.63
8457,8457,0,0,1.86,0,0,1.86,0,0,0,0,114.0738,114.0738,451078.4398,462775.9398,114.0738,,61.33
8458,8458,0,0,2.26,0,0,2.26,0,0,0,0,101.3836,101.3836,451179.8234,462877.3234,101.3836,,44.86
8459,8459,0,0,2.72,0,0,2.72,0,0,0,0,111.8464,111.8464,451291.6698,462989.1698,111.8464,,41.12
8460,8460,0,0,0.2406,-2.25,-2.4194,2.66,2.25,0,2.25,11.25,6.7092,-4.5408,451287.129,462995.879,74.1608,,27.88
8461,8461,2.25,75,1.4835,-0.75,-0.8065,2.29,3,0,0.75,3.75,56.5232,52.7732,451339.9022,463052.4022,87.249,,38.1
8462,8462,3,100,2.41,0,0,2.41,3,0,0,0,119.6806,119.6806,451459.5828,463172.0828,119.6806,,49.66
8463,8463,3,100,2.23,0,0,2.23,3,0,0,0,111.9014,111.9014,451571.4842,463283.9842,111.9014,,50.18
8464,8464,3,100,1.72,0,0,1.72,3,0,0,0,111.8688,111.8688,451683.353,463395.853,111.8688,,65.04
8465,8465,3,100,0.89,0,0,0.89,3,0,0,0,59.5143,59.5143,451742.8673,463455.3673,59.5143,,66.87
8466,8466,3,100,1.34,0,0,1.34,3,0,0,0,87.167,87.167,451830.0343,463542.5343,87.167,,65.05
8467,8467,3,100,2.23,0,0,2.23,3,0,0,0,164.128,164.128,451994.1623,463706.6623,164.128,,73.6
8468,8468,3,100,2.9425,0.75,0.7125,2.23,2.25,0,0.75,3.75,246.0224,242.2724,452236.4347,463952.6847,186.4503,,83.61
8469,8469,2.25,75,2.9425,0.75,0.7125,2.23,1.5,0,0.75,3.75,246.0813,242.3313,452478.766,464198.766,186.4949,,83.63
8470,8470,1.5,50,2.23,0,0,2.23,1.5,0,0,0,161.6304,161.6304,452640.3964,464360.3964,161.6304,,72.48
8471,8471,1.5,50,2.22,0,0,2.22,1.5,0,0,0,143.9892,143.9892,452784.3856,464504.3856,143.9892,,64.86
8472,8472,1.5,50,2.04,0,0,2.04,1.5,0,0,0,125.1744,125.1744,452909.56,464629.56,125.1744,,61.36
8473,8473,1.5,50,1.84,0,0,1.84,1.5,0,0,0,120.244,120.244,453029.804,464749.804,120.244,,65.35
8474,8474,1.5,50,1.83,0,0,1.83,1.5,0,0,0,121.4205,121.4205,453151.2245,464871.2245,121.4205,,66.35
8475,8475,1.5,50,1.84,0,0,1.84,1.5,0,0,0,116.012,116.012,453267.2365,464987.2365,116.012,,63.05
8476,8476,1.5,50,1.92,0,0,1.92,1.5,0,0,0,124.9728,124.9728,453392.2093,465112.2093,124.9728,,65.09
8477,8477,1.5,50,1.92,0,0,1.92,1.5,0,0,0,116.064,116.064,453508.2733,465228.2733,116.064,,60.45
8478,8478,1.5,50,2.11,0,0,2.11,1.5,0,0,0,143.5011,143.5011,453651.7744,465371.7744,143.5011,,68.01
8479,8479,1.5,50,0.2559,-1.25,-1.3441,1.6,2.75,0,1.25,6.25,12.852,6.602,453658.3764,465384.6264,80.352,,50.22
8480,8480,2.75,91.67,2.43,0,0,2.43,2.75,0,0,0,175.4946,175.4946,453833.871,465560.121,175.4946,,72.22
8481,8481,2.75,91.67,0.7,0,0,0.7,2.75,0,0,0,49.448,49.448,453883.319,465609.569,49.448,,70.64
8482,8482,2.75,91.67,0,0,0,0,2.75,0,0,0,0,0,453883.319,465609.569,0,,65.09
8483,8483,2.75,91.67,0,0,0,0,2.75,0,0,0,0,0,453883.319,465609.569,0,,60.45
8484,8484,2.75,91.67,0,0,0,0,2.75,0,0,0,0,0,453883.319,465609.569,0,,36.27
8485,8485,2.75,91.67,0,0,0,0,2.75,0,0,0,0,0,453883.319,465609.569,0,,39.06
8486,8486,2.75,91.67,0.4,0,0,0.4,2.75,0,0,0,25.668,25.668,453908.987,465635.237,25.668,,64.17
8487,8487,2.75,91.67,1.33,0,0,1.33,2.75,0,0,0,85.7185,85.7185,453994.7055,465720.9555,85.7185,,64.45
8488,8488,2.75,91.67,0.67,0,0,0.67,2.75,0,0,0,42.9939,42.9939,454037.6994,465763.9494,42.9939,,64.17
8489,8489,2.75,91.67,0.7,0,0,0.7,2.75,0,0,0,46.872,46.872,454084.5714,465810.8214,46.872,,66.96
8490,8490,2.75,91.67,1.35,0,0,1.35,2.75,0,0,0,88.371,88.371,454172.9424,465899.1924,88.371,,65.46
8491,8491,2.75,91.67,1.17,0,0,1.17,2.75,0,0,0,86.931,86.931,454259.8734,465986.1234,86.931,,74.3
8492,8492,2.75,91.67,2.8325,1.75,1.6625,1.17,1,0,1.75,8.75,226.5433,217.7933,454477.6667,466212.6667,93.5766,,79.98
8493,8493,1,33.33,2.99,1,0.95,2.04,0,0,1,5,222.456,217.456,454695.1227,466435.1227,151.776,,74.4
8494,8494,0,0,2.04,0,0,2.04,0,0,0,0,118.524,118.524,454813.6467,466553.6467,118.524,,58.1
8495,8495,0,0,0.1583,-1.75,-1.8817,2.04,1.75,0,1.75,8.75,7.1052,-1.6448,454812.0019,466560.7519,91.5756,,44.89
8496,8496,1.75,58.33,1.93,0,0,1.93,1.75,0,0,0,114.7771,114.7771,454926.779,466675.529,114.7771,,59.47
8497,8497,1.75,58.33,1.93,0,0,1.93,1.75,0,0,0,116.5527,116.5527,455043.3317,466792.0817,116.5527,,60.39
8498,8498,1.75,58.33,2.7325,1.75,1.6625,1.07,0,0,1.75,8.75,176.902,168.152,455211.4837,466968.9837,69.2718,,64.74
8499,8499,0,0,1.08,0,0,1.08,0,0,0,0,66.2364,66.2364,455277.7201,467035.2201,66.2364,,61.33
8500,8500,0,0,1.07,0,0,1.07,0,0,0,0,59.6632,59.6632,455337.3833,467094.8833,59.6632,,55.76
8501,8501,0,0,1.09,0,0,1.09,0,0,0,0,58.2169,58.2169,455395.6002,467153.1002,58.2169,,53.41
8502,8502,0,0,1.15,0,0,1.15,0,0,0,0,43.815,43.815,455439.4152,467196.9152,43.815,,38.1
8503,8503,0,0,0.0247,-1,-1.0753,1.1,1,0,1,5,0.6895,-4.3105,455435.1047,467197.6047,30.668,,27.88
8504,8504,1,33.33,1.41,0,0,1.41,1,0,0,0,56.3436,56.3436,455491.4483,467253.9483,56.3436,,39.96
8505,8505,1,33.33,0.0812,-0.25,-0.2688,0.35,1.25,0,0.25,1.25,2.4144,1.1644,455492.6127,467256.3627,10.409,,29.74
8506,8506,1.25,41.67,0.2612,-0.25,-0.2688,0.53,1.5,0,0.25,1.25,8.9795,7.7295,455500.3422,467265.3422,18.2214,,34.38
8507,8507,1.5,50,0.1712,-0.25,-0.2688,0.44,1.75,0,0.25,1.25,4.7726,3.5226,455503.8648,467270.1148,12.2672,,27.88
8508,8508,1.75,58.33,0.1612,-0.25,-0.2688,0.43,2,0,0.25,1.25,4.4938,3.2438,455507.1086,467274.6086,11.9884,,27.88
8509,8509,2,66.67,0.2612,-0.25,-0.2688,0.53,2.25,0,0.25,1.25,8.7366,7.4866,455514.5952,467283.3452,17.7285,,33.45
8510,8510,2.25,75,0.2612,-0.25,-0.2688,0.53,2.5,0,0.25,1.25,4.3696,3.1196,455517.7148,467287.7148,8.8669,,16.73
8511,8511,2.5,83.33,0.1112,-0.25,-0.2688,0.38,2.75,0,0.25,1.25,1.0952,-0.1548,455517.56,467288.81,3.743,,9.85
8512,8512,2.75,91.67,0.2212,-0.25,-0.2688,0.49,3,0,0.25,1.25,6.1666,4.9166,455522.4766,467294.9766,13.6612,,27.88
8513,8513,3,100,1.19,0,0,1.19,3,0,0,0,44.2323,44.2323,455566.7089,467339.2089,44.2323,,37.17
8514,8514,3,100,1.19,0,0,1.19,3,0,0,0,55.2874,55.2874,455621.9963,467394.4963,55.2874,,46.46
8515,8515,3,100,1.13,0,0,1.13,3,0,0,0,63.0088,63.0088,455685.0051,467457.5051,63.0088,,55.76
8516,8516,3,100,2.9925,0.75,0.7125,2.28,2.25,0,0.75,3.75,221.9238,218.1738,455903.1789,467679.4289,169.0848,,74.16
8517,8517,2.25,75,2.9925,0.75,0.7125,2.28,1.5,0,0.75,3.75,223.7492,219.9992,456123.1781,467903.1781,170.4756,,74.77
8518,8518,1.5,50,2.9825,0.75,0.7125,2.27,0.75,0,0.75,3.75,196.4573,192.7073,456315.8854,468099.6354,149.5249,,65.87
8519,8519,0.75,25,2.26,0,0,2.26,0.75,0,0,0,136.2554,136.2554,456452.1408,468235.8908,136.2554,,60.29
8520,8520,0.75,25,2.27,0,0,2.27,0.75,0,0,0,109.7999,109.7999,456561.9407,468345.6907,109.7999,,48.37
8521,8521,0.75,25,2.27,0,0,2.27,0.75,0,0,0,137.4031,137.4031,456699.3438,468483.0938,137.4031,,60.53
8522,8522,0.75,25,2.27,0,0,2.27,0.75,0,0,0,135.292,135.292,456834.6358,468618.3858,135.292,,59.6
8523,8523,0.75,25,2.12,0,0,2.12,0.75,0,0,0,138.1604,138.1604,456972.7962,468756.5462,138.1604,,65.17
8524,8524,0.75,25,2.8425,0.75,0.7125,2.13,0,0,0.75,3.75,190.0495,186.2995,457159.0957,468946.5957,142.4118,,66.86
8525,8525,0,0,1.95,0,0,1.95,0,0,0,0,119.847,119.847,457278.9427,469066.4427,119.847,,61.46
8526,8526,0,0,2.11,0,0,2.11,0,0,0,0,135.3354,135.3354,457414.2781,469201.7781,135.3354,,64.14
8527,8527,0,0,1.94,0,0,1.94,0,0,0,0,83.0902,83.0902,457497.3683,469284.8683,83.0902,,42.83
8528,8528,0,0,2.69,0,0,2.69,0,0,0,0,65.0711,65.0711,457562.4394,469349.9394,65.0711,,24.19
8529,8529,0,0,0.0559,-1.25,-1.3441,1.4,1.25,0,1.25,6.25,0.2606,-5.9894,457556.45,469350.2,6.524,,4.66
8530,8530,1.25,41.67,0.2924,-0.5,-0.5376,0.83,1.75,0,0.5,2.5,1.3624,-1.1376,457555.3124,469351.5624,3.8678,,4.66
8531,8531,1.75,58.33,0.8324,-0.5,-0.5376,1.37,2.25,0,0.5,2.5,3.8788,1.3788,457556.6912,469355.4412,6.3842,,4.66
8532,8532,2.25,75,0.0935,-0.75,-0.8065,0.9,3,0,0.75,3.75,0.4182,-3.3318,457553.3594,469355.8594,4.023,,4.47
8533,8533,3,100,1.29,0,0,1.29,3,0,0,0,7.3014,7.3014,457560.6608,469363.1608,7.3014,,5.66
8534,8534,3,100,0.92,0,0,0.92,3,0,0,0,17.1304,17.1304,457577.7912,469380.2912,17.1304,,18.62
8535,8535,3,100,2.7975,1.25,1.1875,1.61,1.75,0,1.25,6.25,78.1622,71.9122,457649.7034,469458.4534,44.9834,,27.94
8536,8536,1.75,58.33,0.6159,-1.25,-1.3441,1.96,3,0,1.25,6.25,7.5265,1.2765,457650.9799,469465.9799,23.9512,,12.22
8537,8537,3,100,1.23,0,0,1.23,3,0,0,0,68.6955,68.6955,457719.6754,469534.6754,68.6955,,55.85
8538,8538,3,100,1.53,0,0,1.53,3,0,0,0,100.98,100.98,457820.6554,469635.6554,100.98,,66
8539,8539,3,100,3,0.75,0.7125,2.3,2.25,0.0125,0.75,3.75,240.24,236.49,458057.1454,469875.8954,184.184,,80.08
8540,8540,2.25,75,2.9825,0.75,0.7125,2.27,1.5,0,0.75,3.75,224.6121,220.8621,458278.0075,470100.5075,170.9537,,75.31
8541,8541,1.5,50,2.9825,0.75,0.7125,2.27,0.75,0,0.75,3.75,209.7891,206.0391,458484.0466,470310.2966,159.6718,,70.34
8542,8542,0.75,25,2.9825,0.75,0.7125,2.27,0,0,0.75,3.75,207.9101,204.1601,458688.2067,470518.2067,158.2417,,69.71
8543,8543,0,0,2.23,0,0,2.23,0,0,0,0,149.2985,149.2985,458837.5052,470667.5052,149.2985,,66.95
8544,8544,0,0,2.22,0,0,2.22,0,0,0,0,147.2082,147.2082,458984.7134,470814.7134,147.2082,,66.31
8545,8545,0,0,2.22,0,0,2.22,0,0,0,0,107.3814,107.3814,459092.0948,470922.0948,107.3814,,48.37
8546,8546,0,0,1.83,0,0,1.83,0,0,0,0,88.5171,88.5171,459180.6119,471010.6119,88.5171,,48.37
8547,8547,0,0,1.82,0,0,1.82,0,0,0,0,101.1738,101.1738,459281.7857,471111.7857,101.1738,,55.59
8548,8548,0,0,1.07,0,0,1.07,0,0,0,0,64.7671,64.7671,459346.5528,471176.5528,64.7671,,60.53
8549,8549,0,0,1.08,0,0,1.08,0,0,0,0,64.2168,64.2168,459410.7696,471240.7696,64.2168,,59.46
8550,8550,0,0,1.33,0,0,1.33,0,0,0,0,64.3321,64.3321,459475.1017,471305.1017,64.3321,,48.37
8551,8551,0,0,1.72,0,0,1.72,0,0,0,0,58.0672,58.0672,459533.1689,471363.1689,58.0672,,33.76
8552,8552,0,0,2.48,0,0,2.48,0,0,0,0,119.9576,119.9576,459653.1265,471483.1265,119.9576,,48.37
8553,8553,0,0,1.95,0,0,1.95,0,0,0,0,76.2645,76.2645,459729.391,471559.391,76.2645,,39.11
8554,8554,0,0,2.52,0,0,2.52,0,0,0,0,93.3408,93.3408,459822.7318,471652.7318,93.3408,,37.04
8555,8555,0,0,2.8,0,0,2.8,0,0,0,0,119.14,119.14,459941.8718,471771.8718,119.14,,42.55
8556,8556,0,0,0.1118,-2.5,-2.6882,2.8,2.5,0,2.5,12.5,2.0822,-10.4178,459931.454,471773.954,52.136,,18.62
8557,8557,2.5,83.33,2.72,0,0,2.72,2.5,0,0,0,103.8496,103.8496,460035.3036,471877.8036,103.8496,,38.18
8558,8558,2.5,83.33,2.44,0,0,2.44,2.5,0,0,0,95.4284,95.4284,460130.732,471973.232,95.4284,,39.11
8559,8559,2.5,83.33,1.6024,-0.5,-0.5376,2.14,3,0,0.5,2.5,44.7701,42.2701,460173.0021,472018.0021,59.7916,,27.94
8560,8560,3,100,1.41,0,0,1.41,3,0,0,0,73.2636,73.2636,460246.2657,472091.2657,73.2636,,51.96
8561,8561,3,100,2.8,2,1.9,0.9,1,0,2,10,206.724,196.724,460442.9897,472297.9897,66.447,,73.83
8562,8562,1,33.33,0.1195,-2,-2.1505,2.27,3,0,2,10,6.6744,-3.3256,460439.6641,472304.6641,126.8249,,55.87
8563,8563,3,100,2.9825,0.75,0.7125,2.27,2.25,0,0.75,3.75,238.8386,235.0886,460674.7527,472543.5027,181.7816,,80.08
8564,8564,2.25,75,2.9425,0.75,0.7125,2.23,1.5,0,0.75,3.75,246.6109,242.8609,460917.6136,472790.1136,186.8963,,83.81
8565,8565,1.5,50,2.9425,0.75,0.7125,2.23,0.75,0,0.75,3.75,246.6109,242.8609,461160.4745,473036.7245,186.8963,,83.81
8566,8566,0.75,25,2.9525,0.75,0.7125,2.24,0,0,0.75,3.75,217.9831,214.2331,461374.7076,473254.7076,165.3792,,73.83
8567,8567,0,0,2.04,0,0,2.04,0,0,0,0,143.616,143.616,461518.3236,473398.3236,143.616,,70.4
8568,8568,0,0,1.83,0,0,1.83,0,0,0,0,132.6384,132.6384,461650.962,473530.962,132.6384,,72.48
8569,8569,0,0,1.83,0,0,1.83,0,0,0,0,119.2794,119.2794,461770.2414,473650.2414,119.2794,,65.18
8570,8570,0,0,1.83,0,0,1.83,0,0,0,0,97.1364,97.1364,461867.3778,473747.3778,97.1364,,53.08
8571,8571,0,0,2.03,0,0,2.03,0,0,0,0,141.7752,141.7752,462009.153,473889.153,141.7752,,69.84
8572,8572,0,0,2.03,0,0,2.03,0,0,0,0,132.3154,132.3154,462141.4684,474021.4684,132.3154,,65.18
8573,8573,0,0,2.24,0,0,2.24,0,0,0,0,145.9808,145.9808,462287.4492,474167.4492,145.9808,,65.17
8574,8574,0,0,2.4,0,0,2.4,0,0,0,0,160.416,160.416,462447.8652,474327.8652,160.416,,66.84
8575,8575,0,0,1.89,0,0,1.89,0,0,0,0,70.4025,70.4025,462518.2677,474398.2677,70.4025,,37.25
8576,8576,0,0,2.43,0,0,2.43,0,0,0,0,124.4646,124.4646,462642.7323,474522.7323,124.4646,,51.22
8577,8577,0,0,1.71,0,0,1.71,0,0,0,0,70.9821,70.9821,462713.7144,474593.7144,70.9821,,41.51
8578,8578,0,0,2.46,0,0,2.46,0,0,0,0,64.1322,64.1322,462777.8466,474657.8466,64.1322,,26.07
8579,8579,0,0,2.74,0,0,2.74,0,0,0,0,102.613,102.613,462880.4596,474760.4596,102.613,,37.45
8580,8580,0,0,0.2183,-1.75,-1.8817,2.1,1.75,0,1.75,8.75,1.3424,-7.4076,462873.052,474761.802,12.915,,6.15
8581,8581,1.75,58.33,2.1,0,0,2.1,1.75,0,0,0,54.747,54.747,462927.799,474816.549,54.747,,26.07
8582,8582,1.75,58.33,2.03,0,0,2.03,1.75,0,0,0,56.7182,56.7182,462984.5172,474873.2672,56.7182,,27.94
8583,8583,1.75,58.33,0.6259,-1.25,-1.3441,1.97,3,0,1.25,6.25,11.667,5.417,462989.9342,474884.9342,36.7208,,18.64
8584,8584,3,100,1.29,0,0,1.29,3,0,0,0,48.0525,48.0525,463037.9867,474932.9867,48.0525,,37.25
8585,8585,3,100,0.72,0,0,0.72,3,0,0,0,37.5192,37.5192,463075.5059,474970.5059,37.5192,,52.11
8586,8586,3,100,0,0,0,0,3,0,0,0,0,0,463075.5059,474970.5059,0,,56.31
8587,8587,3,100,1.11,0,0,1.11,3,0,0,0,76.1793,76.1793,463151.6852,475046.6852,76.1793,,68.63
8588,8588,3,100,2.96,2,1.9,1.06,1,0,2,10,220.4904,210.4904,463362.1756,475267.1756,78.9594,,74.49
8589,8589,1,33.33,2.03,1,0.95,1.08,0,0,1,5,141.7752,136.7752,463498.9508,475408.9508,75.4272,,69.84
8590,8590,0,0,1.08,0,0,1.08,0,0,0,0,68.3424,68.3424,463567.2932,475477.2932,68.3424,,63.28
8591,8591,0,0,1.07,0,0,1.07,0,0,0,0,54.7947,54.7947,463622.0879,475532.0879,54.7947,,51.21
8592,8592,0,0,1.06,0,0,1.06,0,0,0,0,59.0208,59.0208,463681.1087,475591.1087,59.0208,,55.68
8593,8593,0,0,1.07,0,0,1.07,0,0,0,0,29.7888,29.7888,463710.8975,475620.8975,29.7888,,27.84
8594,8594,0,0,2.13,0,0,2.13,0,0,0,0,59.2992,59.2992,463770.1967,475680.1967,59.2992,,27.84
8595,8595,0,0,2.13,0,0,2.13,0,0,0,0,63.261,63.261,463833.4577,475743.4577,63.261,,29.7
8596,8596,0,0,2.29,0,0,2.29,0,0,0,0,80.7683,80.7683,463914.226,475824.226,80.7683,,35.27
8597,8597,0,0,2.29,0,0,2.29,0,0,0,0,76.5089,76.5089,463990.7349,475900.7349,76.5089,,33.41
8598,8598,0,0,1.6,0,0,1.6,0,0,0,0,51.232,51.232,464041.9669,475951.9669,51.232,,32.02
8599,8599,0,0,0.8447,-1,-1.0753,1.92,1,0,1,5,7.8391,2.8391,464044.806,475959.806,17.8176,,9.28
8600,8600,1,33.33,2.8875,0.25,0.2375,2.65,0.75,0,0.25,1.25,80.388,79.138,464123.944,476040.194,73.776,,27.84
8601,8601,0.75,25,2.8375,0.25,0.2375,2.6,0.5,0,0.25,1.25,78.996,77.746,464201.69,476119.19,72.384,,27.84
8602,8602,0.5,16.67,2.59,0,0,2.59,0.5,0,0,0,43.2789,43.2789,464244.9689,476162.4689,43.2789,,16.71
8603,8603,0.5,16.67,2.82,0,0,2.82,0.5,0,0,0,41.877,41.877,464286.8459,476204.3459,41.877,,14.85
8604,8604,0.5,16.67,0.1318,-2.5,-2.6882,2.82,3,0,2.5,12.5,0.617,-11.883,464274.9629,476204.9629,13.1976,,4.68
8605,8605,3,100,2.82,0,0,2.82,3,0,0,0,26.1696,26.1696,464301.1325,476231.1325,26.1696,,9.28
8606,8606,3,100,2.51,0,0,2.51,3,0,0,0,69.8784,69.8784,464371.0109,476301.0109,69.8784,,27.84
8607,8607,3,100,2.08,0,0,2.08,3,0,0,0,38.5008,38.5008,464409.5117,476339.5117,38.5008,,18.51
8608,8608,3,100,1.46,0,0,1.46,3,0,0,0,42.1648,42.1648,464451.6765,476381.6765,42.1648,,28.88
8609,8609,3,100,2.84,1,0.95,1.89,2,0,1,5,152.2524,147.2524,464598.9289,476533.9289,101.3229,,53.61
8610,8610,2,66.67,1.1847,-1,-1.0753,2.26,3,0,1,5,45.079,40.079,464639.0079,476579.0079,85.993,,38.05
8611,8611,3,100,3,1,0.95,2.06,2,0.01,1,5,203.31,198.31,464837.3179,476782.3179,139.6062,,67.77
8612,8612,2,66.67,2.98,1,0.95,2.03,1,0,1,5,220.967,215.967,465053.2849,477003.2849,150.5245,,74.15
8613,8613,1,33.33,2.99,1,0.95,2.04,0,0,1,5,210.6156,205.6156,465258.9005,477213.9005,143.6976,,70.44
8614,8614,0,0,2.04,0,0,2.04,0,0,0,0,113.5872,113.5872,465372.4877,477327.4877,113.5872,,55.68
8615,8615,0,0,0.9647,-1,-1.0753,2.04,1,0,1,5,35.8108,30.8108,465403.2985,477363.2985,75.7248,,37.12
8616,8616,1,33.33,2.78,1,0.95,1.83,0,0,1,5,147.4234,142.4234,465545.7219,477510.7219,97.0449,,53.03
8617,8617,0,0,1.83,0,0,1.83,0,0,0,0,68.0394,68.0394,465613.7613,477578.7613,68.0394,,37.18
8618,8618,0,0,1.83,0,0,1.83,0,0,0,0,67.9296,67.9296,465681.6909,477646.6909,67.9296,,37.12
8619,8619,0,0,1.83,0,0,1.83,0,0,0,0,68.0943,68.0943,465749.7852,477714.7852,68.0943,,37.21
8620,8620,0,0,1.83,0,0,1.83,0,0,0,0,66.3924,66.3924,465816.1776,477781.1776,66.3924,,36.28
8621,8621,0,0,1.84,0,0,1.84,0,0,0,0,53.268,53.268,465869.4456,477834.4456,53.268,,28.95
8622,8622,0,0,2.17,0,0,2.17,0,0,0,0,80.6806,80.6806,465950.1262,477915.1262,80.6806,,37.18
8623,8623,0,0,1.3924,-0.5,-0.5376,1.93,0.5,0,0.5,2.5,25.8562,23.3562,465973.4824,477940.9824,35.8401,,18.57
8624,8624,0.5,16.67,2.995,0.5,0.475,2.52,0,0,0.5,2.5,117.0147,114.5147,466087.9971,478057.9971,98.4564,,39.07
8625,8625,0,0,2.17,0,0,2.17,0,0,0,0,60.5647,60.5647,466148.5618,478118.5618,60.5647,,27.91
8626,8626,0,0,2.51,0,0,2.51,0,0,0,0,65.3855,65.3855,466213.9473,478183.9473,65.3855,,26.05
8627,8627,0,0,2.86,0,0,2.86,0,0,0,0,66.5236,66.5236,466280.4709,478250.4709,66.5236,,23.26
8628,8628,0,0,0.1818,-2.5,-2.6882,2.87,2.5,0,2.5,12.5,1.0491,-11.4509,466269.02,478251.52,16.5599,,5.77
8629,8629,2.5,83.33,2.81,0,0,2.81,2.5,0,0,0,52.2941,52.2941,466321.3141,478303.8141,52.2941,,18.61
8630,8630,2.5,83.33,2.0624,-0.5,-0.5376,2.6,3,0,0.5,2.5,30.7086,28.2086,466349.5227,478334.5227,38.714,,14.89
8631,8631,3,100,2.23,0,0,2.23,3,0,0,0,64.5585,64.5585,466414.0812,478399.0812,64.5585,,28.95
8632,8632,3,100,1.51,0,0,1.51,3,0,0,0,42.4159,42.4159,466456.4971,478441.4971,42.4159,,28.09
8633,8633,3,100,0.75,0,0,0.75,3,0,0,0,30.6975,30.6975,466487.1946,478472.1946,30.6975,,40.93
8634,8634,3,100,1.29,0,0,1.29,3,0,0,0,58.824,58.824,466546.0186,478531.0186,58.824,,45.6
8635,8635,3,100,3,1,0.95,2.06,2,0.01,1,5,223.29,218.29,466764.3086,478754.3086,153.3258,,74.43
8636,8636,2,66.67,2.99,1,0.95,2.04,1,0,1,5,233.6386,228.6386,466992.9472,478987.9472,159.4056,,78.14
8637,8637,1,33.33,2.99,1,0.95,2.04,0,0,1,5,228.1071,223.1071,467216.0543,479216.0543,155.6316,,76.29
8638,8638,0,0,2.04,0,0,2.04,0,0,0,0,127.1124,127.1124,467343.1667,479343.1667,127.1124,,62.31
8639,8639,0,0,2.04,0,0,2.04,0,0,0,0,113.8728,113.8728,467457.0395,479457.0395,113.8728,,55.82
8640,8640,0,0,2.13,0,0,2.13,0,0,0,0,94.4016,94.4016,467551.4411,479551.4411,94.4016,,44.32
8641,8641,0,0,2.18,0,0,2.18,0,0,0,0,87.1346,87.1346,467638.5757,479638.5757,87.1346,,39.97
8642,8642,0,0,2.18,0,0,2.18,0,0,0,0,67.6454,67.6454,467706.2211,479706.2211,67.6454,,31.03
8643,8643,0,0,2.09,0,0,2.09,0,0,0,0,69.806,69.806,467776.0271,479776.0271,69.806,,33.4
8644,8644,0,0,1.89,0,0,1.89,0,0,0,0,61.3872,61.3872,467837.4143,479837.4143,61.3872,,32.48
8645,8645,0,0,1.91,0,0,1.91,0,0,0,0,62.0368,62.0368,467899.4511,479899.4511,62.0368,,32.48
8646,8646,0,0,1.68,0,0,1.68,0,0,0,0,65.4696,65.4696,467964.9207,479964.9207,65.4696,,38.97
8647,8647,0,0,1.2235,-0.75,-0.8065,2.03,0.75,0,0.75,3.75,23.6634,19.9134,467984.8341,479988.5841,39.2602,,19.34
8648,8648,0.75,25,2.8475,0.25,0.2375,2.61,0.5,0,0.25,1.25,121.7876,120.5376,468105.3717,480110.3717,111.6297,,42.77
8649,8649,0.5,16.67,3,0.5,0.475,2.53,0,0.005,0.5,2.5,111.33,108.83,468214.2017,480221.7017,93.8883,,37.11
8650,8650,0,0,2.79,0,0,2.79,0,0,0,0,62.1333,62.1333,468276.335,480283.835,62.1333,,22.27
8651,8651,0,0,2.7,0,0,2.7,0,0,0,0,75.168,75.168,468351.503,480359.003,75.168,,27.84
8652,8652,0,0,0.2118,-2.5,-2.6882,2.9,2.5,0,2.5,12.5,1.7921,-10.7079,468340.7951,480360.7951,24.534,,8.46
8653,8653,2.5,83.33,2.2724,-0.5,-0.5376,2.81,3,0,0.5,2.5,23.2009,20.7009,468361.496,480383.996,28.6901,,10.21
8654,8654,3,100,2.8175,0.25,0.2375,2.58,2.75,0,0.25,1.25,125.4914,124.2414,468485.7374,480509.4874,114.9132,,44.54
8655,8655,2.75,91.67,1.9412,-0.25,-0.2688,2.21,3,0,0.25,1.25,54.0425,52.7925,468538.5299,480563.5299,61.5264,,27.84
8656,8656,3,100,1.6,0,0,1.6,3,0,0,0,46.016,46.016,468584.5459,480609.5459,46.016,,28.76
8657,8657,3,100,0.9,0,0,0.9,3,0,0,0,40.086,40.086,468624.6319,480649.6319,40.086,,44.54
8658,8658,3,100,1.39,0,0,1.39,3,0,0,0,73.5171,73.5171,468698.149,480723.149,73.5171,,52.89
8659,8659,3,100,2.8725,0.75,0.7125,2.16,2.25,0,0.75,3.75,218.5398,214.7898,468912.9388,480941.6888,164.3328,,76.08
8660,8660,2.25,75,2.8625,0.75,0.7125,2.15,1.5,0,0.75,3.75,223.1032,219.3532,469132.292,481164.792,167.571,,77.94
8661,8661,1.5,50,2.8425,0.75,0.7125,2.13,0.75,0,0.75,3.75,205.4559,201.7059,469333.9979,481370.2479,153.9564,,72.28
8662,8662,0.75,25,2.8525,0.75,0.7125,2.14,0,0,0.75,3.75,160.0538,156.3038,469490.3017,481530.3017,120.0754,,56.11
8663,8663,0,0,2.03,0,0,2.03,0,0,0,0,105.1134,105.1134,469595.4151,481635.4151,105.1134,,51.78
8664,8664,0,0,2.02,0,0,2.02,0,0,0,0,112.6352,112.6352,469708.0503,481748.0503,112.6352,,55.76
8665,8665,0,0,2.02,0,0,2.02,0,0,0,0,111.7464,111.7464,469819.7967,481859.7967,111.7464,,55.32
8666,8666,0,0,2.03,0,0,2.03,0,0,0,0,106.6968,106.6968,469926.4935,481966.4935,106.6968,,52.56
8667,8667,0,0,1.76,0,0,1.76,0,0,0,0,93.3152,93.3152,470019.8087,482059.8087,93.3152,,53.02
8668,8668,0,0,1.78,0,0,1.78,0,0,0,0,90.2638,90.2638,470110.0725,482150.0725,90.2638,,50.71
8669,8669,0,0,1.84,0,0,1.84,0,0,0,0,81.4384,81.4384,470191.5109,482231.5109,81.4384,,44.26
8670,8670,0,0,1.84,0,0,1.84,0,0,0,0,101.7888,101.7888,470293.2997,482333.2997,101.7888,,55.32
8671,8671,0,0,1.84,0,0,1.84,0,0,0,0,47.5088,47.5088,470340.8085,482380.8085,47.5088,,25.82
8672,8672,0,0,2.44,0,0,2.44,0,0,0,0,53.9972,53.9972,470394.8057,482434.8057,53.9972,,22.13
8673,8673,0,0,2.27,0,0,2.27,0,0,0,0,41.768,41.768,470436.5737,482476.5737,41.768,,18.4
8674,8674,0,0,2.1824,-0.5,-0.5376,2.72,0.5,0,0.5,2.5,20.1214,17.6214,470454.1951,482496.6951,25.0784,,9.22
8675,8675,0.5,16.67,2.9,0,0,2.9,0.5,0,0,0,53.36,53.36,470507.5551,482550.0551,53.36,,18.4
8676,8676,0.5,16.67,0.2018,-2.5,-2.6882,2.89,3,0,2.5,12.5,1.3018,-11.1982,470496.3569,482551.3569,18.6405,,6.45
8677,8677,3,100,2.68,0,0,2.68,3,0,0,0,69.1976,69.1976,470565.5545,482620.5545,69.1976,,25.82
8678,8678,3,100,2.9175,0.25,0.2375,2.68,2.75,0,0.25,1.25,142.2865,141.0365,470706.591,482762.841,130.7036,,48.77
8679,8679,2.75,91.67,1.8412,-0.25,-0.2688,2.11,3,0,0.25,1.25,50.9271,49.6771,470756.2681,482813.7681,58.3626,,27.66
8680,8680,3,100,1.5,0,0,1.5,3,0,0,0,41.49,41.49,470797.7581,482855.2581,41.49,,27.66
8681,8681,3,100,1,0,0,1,3,0,0,0,42.41,42.41,470840.1681,482897.6681,42.41,,42.41
8682,8682,3,100,1.2,0,0,1.2,3,0,0,0,51.564,51.564,470891.7321,482949.2321,51.564,,42.97
8683,8683,3,100,1.99,1,0.95,1.04,2,0,1,5,151.4589,146.4589,471038.191,483100.691,79.1544,,76.11
8684,8684,2,66.67,2.99,1,0.95,2.04,1,0,1,5,237.107,232.107,471270.298,483337.798,161.772,,79.3
8685,8685,1,33.33,2.99,1,0.95,2.04,0,0,1,5,231.5755,226.5755,471496.8735,483569.3735,157.998,,77.45
8686,8686,0,0,2.04,0,0,2.04,0,0,0,0,131.6616,131.6616,471628.5351,483701.0351,131.6616,,64.54
8687,8687,0,0,2.04,0,0,2.04,0,0,0,0,128.1732,128.1732,471756.7083,483829.2083,128.1732,,62.83
8688,8688,0,0,2.04,0,0,2.04,0,0,0,0,149.7768,149.7768,471906.4851,483978.9851,149.7768,,73.42
8689,8689,0,0,2.03,0,0,2.03,0,0,0,0,141.1256,141.1256,472047.6107,484120.1107,141.1256,,69.52
8690,8690,0,0,2.04,0,0,2.04,0,0,0,0,109.0584,109.0584,472156.6691,484229.1691,109.0584,,53.46
8691,8691,0,0,1.84,0,0,1.84,0,0,0,0,101.3104,101.3104,472257.9795,484330.4795,101.3104,,55.06
8692,8692,0,0,1.84,0,0,1.84,0,0,0,0,114.816,114.816,472372.7955,484445.2955,114.816,,62.4
8693,8693,0,0,1.84,0,0,1.84,0,0,0,0,109.756,109.756,472482.5515,484555.0515,109.756,,59.65
8694,8694,0,0,2.07,0,0,2.07,0,0,0,0,94.9716,94.9716,472577.5231,484650.0231,94.9716,,45.88
8695,8695,0,0,1.84,0,0,1.84,0,0,0,0,50.6552,50.6552,472628.1783,484700.6783,50.6552,,27.53
8696,8696,0,0,2.41,0,0,2.41,0,0,0,0,66.3473,66.3473,472694.5256,484767.0256,66.3473,,27.53
8697,8697,0,0,2.14,0,0,2.14,0,0,0,0,19.6452,19.6452,472714.1708,484786.6708,19.6452,,9.18
8698,8698,0,0,0.1406,-2.25,-2.4194,2.56,2.25,0,2.25,11.25,0.6456,-10.6044,472703.5664,484787.3164,11.7504,,4.59
8699,8699,2.25,75,2.2824,-0.5,-0.5376,2.82,2.75,0,0.5,2.5,12.5758,10.0758,472713.6422,484799.8922,15.5382,,5.51
8700,8700,2.75,91.67,2.6012,-0.25,-0.2688,2.87,3,0,0.25,1.25,14.3325,13.0825,472726.7247,484814.2247,15.8137,,5.51
8701,8701,3,100,2.78,0,0,2.78,3,0,0,0,52.403,52.403,472779.1277,484866.6277,52.403,,18.85
8702,8702,3,100,2.29,0,0,2.29,3,0,0,0,65.4024,65.4024,472844.5301,484932.0301,65.4024,,28.56
8703,8703,3,100,2.03,0,0,2.03,3,0,0,0,57.9768,57.9768,472902.5069,484990.0069,57.9768,,28.56
8704,8704,3,100,2.85,1,0.95,1.9,2,0,1,5,130.6725,125.6725,473028.1794,485120.6794,87.115,,45.85
8705,8705,2,66.67,0.0447,-1,-1.0753,1.12,3,0,1,5,1.2314,-3.7686,473024.4108,485121.9108,30.8336,,27.53
8706,8706,3,100,1.27,0,0,1.27,3,0,0,0,58.2295,58.2295,473082.6403,485180.1403,58.2295,,45.85
8707,8707,3,100,2.1,0,0,2.1,3,0,0,0,127.197,127.197,473209.8373,485307.3373,127.197,,60.57
8708,8708,3,100,2.8525,0.75,0.7125,2.14,2.25,0,0.75,3.75,202.9269,199.1769,473409.0142,485510.2642,152.2396,,71.14
8709,8709,2.25,75,2.8525,0.75,0.7125,2.14,1.5,0,0.75,3.75,209.4306,205.6806,473614.6948,485719.6948,157.1188,,73.42
8710,8710,1.5,50,2.15,0,0,2.15,1.5,0,0,0,134.0525,134.0525,473748.7473,485853.7473,134.0525,,62.35
8711,8711,1.5,50,2.15,0,0,2.15,1.5,0,0,0,134.0525,134.0525,473882.7998,485987.7998,134.0525,,62.35
8712,8712,1.5,50,2.14,0,0,2.14,1.5,0,0,0,137.4736,137.4736,474020.2734,486125.2734,137.4736,,64.24
8713,8713,1.5,50,2.14,0,0,2.14,1.5,0,0,0,117.8284,117.8284,474138.1018,486243.1018,117.8284,,55.06
8714,8714,1.5,50,2.14,0,0,2.14,1.5,0,0,0,122.9644,122.9644,474261.0662,486366.0662,122.9644,,57.46
8715,8715,1.5,50,2.13,0,0,2.13,1.5,0,0,0,121.2609,121.2609,474382.3271,486487.3271,121.2609,,56.93
8716,8716,1.5,50,2.04,0,0,2.04,1.5,0,0,0,126.174,126.174,474508.5011,486613.5011,126.174,,61.85
8717,8717,1.5,50,2.04,0,0,2.04,1.5,0,0,0,121.686,121.686,474630.1871,486735.1871,121.686,,59.65
8718,8718,1.5,50,2.25,0,0,2.25,1.5,0,0,0,123.885,123.885,474754.0721,486859.0721,123.885,,55.06
8719,8719,1.5,50,2.78,0,0,2.78,1.5,0,0,0,137.7768,137.7768,474891.8489,486996.8489,137.7768,,49.56
8720,8720,1.5,50,2.895,0.5,0.475,2.42,1,0,0.5,2.5,202.0421,199.5421,475091.391,487198.891,168.8918,,69.79
8721,8721,1,33.33,2.595,0.5,0.475,2.12,0.5,0,0.5,2.5,171.4517,168.9517,475260.3427,487370.3427,140.0684,,66.07
8722,8722,0.5,16.67,2.55,0,0,2.55,0.5,0,0,0,140.403,140.403,475400.7457,487510.7457,140.403,,55.06
8723,8723,0.5,16.67,2.81,0,0,2.81,0.5,0,0,0,177.2548,177.2548,475578.0005,487688.0005,177.2548,,63.08
8724,8724,0.5,16.67,0.2418,-2.5,-2.6882,2.93,3,0,2.5,12.5,10.3406,-2.1594,475575.8411,487698.3411,125.2868,,42.76
8725,8725,3,100,2.82,0,0,2.82,3,0,0,0,177.8856,177.8856,475753.7267,487876.2267,177.8856,,63.08
8726,8726,3,100,2.55,0,0,2.55,3,0,0,0,160.854,160.854,475914.5807,488037.0807,160.854,,63.08
8727,8727,3,100,2.2,0,0,2.2,3,0,0,0,126.126,126.126,476040.7067,488163.2067,126.126,,57.33
8728,8728,3,100,1.6,0,0,1.6,3,0,0,0,91.088,91.088,476131.7947,488254.2947,91.088,,56.93
8729,8729,3,100,0.95,0,0,0.95,3,0,0,0,66.2625,66.2625,476198.0572,488320.5572,66.2625,,69.75
8730,8730,3,100,1.32,0,0,1.32,3,0,0,0,95.2116,95.2116,476293.2688,488415.7688,95.2116,,72.13
8731,8731,3,100,2.7925,1.75,1.6625,1.13,1.25,0,1.75,8.75,230.6326,221.8826,476515.1514,488646.4014,93.3267,,82.59
8732,8732,1.25,41.67,2.8525,0.75,0.7125,2.14,0.5,0,0.75,3.75,235.588,231.838,476746.9894,488881.9894,176.7426,,82.59
8733,8733,0.5,16.67,2.615,0.5,0.475,2.14,0,0,0.5,2.5,211.1874,208.6874,476955.6768,489093.1768,172.8264,,80.76
8734,8734,0,0,2.13,0,0,2.13,0,0,0,0,136.8312,136.8312,477092.508,489230.008,136.8312,,64.24
8735,8735,0,0,2.13,0,0,2.13,0,0,0,0,134.3178,134.3178,477226.8258,489364.3258,134.3178,,63.06
8736,8736,0,0,1.84,0,0,1.84,0,0,0,0,116.3064,116.3064,477343.1322,489480.6322,116.3064,,63.21
8737,8737,0,0,1.84,0,0,1.84,0,0,0,0,119.7104,119.7104,477462.8426,489600.3426,119.7104,,65.06
8738,8738,0,0,1.84,0,0,1.84,0,0,0,0,113.804,113.804,477576.6466,489714.1466,113.804,,61.85
8739,8739,0,0,1.84,0,0,1.84,0,0,0,0,101.3104,101.3104,477677.957,489815.457,101.3104,,55.06
8740,8740,0,0,1.84,0,0,1.84,0,0,0,0,111.4488,111.4488,477789.4058,489926.9058,111.4488,,60.57
8741,8741,0,0,1.84,0,0,1.84,0,0,0,0,111.4488,111.4488,477900.8546,490038.3546,111.4488,,60.57
8742,8742,0,0,2.15,0,0,2.15,0,0,0,0,142.0505,142.0505,478042.9051,490180.4051,142.0505,,66.07
8743,8743,0,0,1.0435,-0.75,-0.8065,1.85,0.75,0,0.75,3.75,45.9683,42.2183,478085.1234,490226.3734,81.4925,,44.05
8744,8744,0.75,25,2.9125,0.75,0.7125,2.2,0,0,0.75,3.75,176.4101,172.6601,478257.7835,490402.7835,133.254,,60.57
8745,8745,0,0,2.22,0,0,2.22,0,0,0,0,122.2332,122.2332,478380.0167,490525.0167,122.2332,,55.06
8746,8746,0,0,2.0324,-0.5,-0.5376,2.57,0.5,0,0.5,2.5,82.0263,79.5263,478459.543,490607.043,103.7252,,40.36
8747,8747,0.5,16.67,2.82,0,0,2.82,0.5,0,0,0,120.5832,120.5832,478580.1262,490727.6262,120.5832,,42.76
8748,8748,0.5,16.67,0.1618,-2.5,-2.6882,2.85,3,0,2.5,12.5,4.3677,-8.1323,478571.9939,490731.9939,76.9215,,26.99
8749,8749,3,100,2.81,0,0,2.81,3,0,0,0,113.4678,113.4678,478685.4617,490845.4617,113.4678,,40.38
8750,8750,3,100,2.54,0,0,2.54,3,0,0,0,107.2134,107.2134,478792.6751,490952.6751,107.2134,,42.21
8751,8751,3,100,2.21,0,0,2.21,3,0,0,0,108.4668,108.4668,478901.1419,491061.1419,108.4668,,49.08
8752,8752,3,100,1.9075,0.25,0.2375,1.67,2.75,0,0.25,1.25,131.0453,129.7953,479030.9372,491192.1872,114.729,,68.7
8753,8753,2.75,91.67,0.93,0,0,0.93,2.75,0,0,0,61.3986,61.3986,479092.3358,491253.5858,61.3986,,66.02
8754,8754,2.75,91.67,1.38,0,0,1.38,2.75,0,0,0,89.2584,89.2584,479181.5942,491342.8442,89.2584,,64.68
8755,8755,2.75,91.67,2.9025,0.75,0.7125,2.19,2,0,0.75,3.75,234.1156,230.3656,479411.9598,491576.9598,176.6454,,80.66
8756,8756,2,66.67,2.8425,0.75,0.7125,2.13,1.25,0,0.75,3.75,229.8161,226.0661,479638.0259,491806.7759,172.2105,,80.85
8757,8757,1.25,41.67,2.8525,0.75,0.7125,2.14,0.5,0,0.75,3.75,230.3108,226.5608,479864.5867,492037.0867,172.7836,,80.74
8758,8758,0.5,16.67,2.605,0.5,0.475,2.13,0,0,0.5,2.5,178.9635,176.4635,480041.0502,492216.0502,146.331,,68.7
8759,8759,0,0,2.13,0,0,2.13,0,0,0,0,132.8694,132.8694,480173.9196,492348.9196,132.8694,,62.38